Device mode,Time,AC voltage (V),AC frequency (Hz),Battery voltage (V),Battery capacity (%),Charging current (A),Battery discharge current (A),Output voltage (V),Output frequency (Hz),Output apparent power (VA),Output active power (Watt),Load percent (%),PV1 input voltage (V),PV1 input power (Watt)
BatteryMode,"2025-02-03 
14:51:39",0.0,0.0,54.10,100,0,0,219.3,50.0,307,201,6,160.1,277
BatteryMode,"2025-02-03 
14:52:09",0.0,0.0,53.70,100,0,1,220.1,50.0,308,201,6,149.7,181
BatteryMode,"2025-02-03 
14:52:39",0.0,0.0,53.10,98,0,1,220.9,50.0,308,184,6,162.6,171
BatteryMode,"2025-02-03 
15:00:23",0.0,0.0,56.10,100,0,0,220.0,50.0,373,314,7,381.0,485
BatteryMode,"2025-02-03 
15:02:18",0.0,0.0,56.10,100,0,0,220.6,50.0,396,332,7,377.6,430
BatteryMode,"2025-02-03 
15:02:48",0.0,0.0,56.10,100,0,0,218.9,49.9,394,315,7,377.1,446
BatteryMode,"2025-02-03 
15:03:18",0.0,0.0,56.00,100,0,0,219.6,50.0,395,301,7,378.2,433
BatteryMode,"2025-02-03 
15:03:48",0.0,0.0,56.10,100,0,0,220.1,50.0,419,328,8,378.2,442
BatteryMode,"2025-02-03 
15:04:18",0.0,0.0,56.00,100,0,0,220.8,50.0,399,342,7,378.1,427
BatteryMode,"2025-02-03 
15:04:48",0.0,0.0,56.00,100,0,0,220.8,50.0,440,336,8,377.4,449
BatteryMode,"2025-02-03 
15:05:18",0.0,0.0,56.10,100,0,0,220.1,50.0,440,346,8,375.8,497
BatteryMode,"2025-02-03 
15:05:48",0.0,0.0,56.10,100,0,0,220.1,50.0,418,351,8,373.8,439
BatteryMode,"2025-02-03 
15:06:19",0.0,0.0,56.00,100,0,0,219.6,50.0,439,353,8,375.5,431
BatteryMode,"2025-02-03 
15:06:49",0.0,0.0,56.00,100,0,0,219.4,50.0,418,343,8,375.6,447
BatteryMode,"2025-02-03 
15:07:19",0.0,0.0,56.00,100,0,0,219.5,50.0,438,394,8,372.3,454
BatteryMode,"2025-02-03 
15:07:49",0.0,0.0,53.70,100,0,2,220.2,49.9,396,348,7,159.3,251
BatteryMode,"2025-02-03 
15:08:19",0.0,0.0,55.00,100,0,0,219.5,50.0,395,330,7,173.0,396
BatteryMode,"2025-02-03 
15:08:49",0.0,0.0,56.00,100,0,0,218.9,50.0,415,374,8,377.4,437
BatteryMode,"2025-02-03 
15:09:19",0.0,0.0,56.10,100,0,0,219.3,50.0,394,343,7,367.2,485
BatteryMode,"2025-02-03 
15:09:49",0.0,0.0,56.00,100,0,0,219.1,50.0,396,317,7,377.4,447
BatteryMode,"2025-02-03 
15:10:19",0.0,0.0,56.00,100,0,0,220.6,49.9,416,345,8,378.5,439
BatteryMode,"2025-02-03 
15:10:49",0.0,0.0,56.00,100,0,0,219.7,50.0,418,341,8,377.9,467
BatteryMode,"2025-02-03 
15:11:19",0.0,0.0,56.10,100,0,0,220.6,50.0,396,291,7,375.6,448
BatteryMode,"2025-02-03 
15:11:49",0.0,0.0,56.00,100,0,0,221.0,50.0,397,335,7,372.8,468
BatteryMode,"2025-02-03 
15:12:19",0.0,0.0,53.20,100,0,4,220.5,50.0,397,328,7,165.5,207
BatteryMode,"2025-02-03 
15:12:49",0.0,0.0,52.30,91,0,7,219.9,50.0,395,330,7,134.5,79
BatteryMode,"2025-02-03 
15:13:19",0.0,0.0,51.90,87,0,4,219.7,50.0,372,310,7,160.9,81
BatteryMode,"2025-02-03 
15:13:49",0.0,0.0,51.30,81,0,7,220.0,50.0,419,371,8,123.4,121
BatteryMode,"2025-02-03 
15:14:20",0.0,0.0,51.80,86,0,0,220.2,50.0,395,306,7,164.4,300
BatteryMode,"2025-02-03 
15:14:50",0.0,0.0,51.60,84,0,3,219.1,50.0,394,324,7,175.2,266
BatteryMode,"2025-02-03 
15:15:20",0.0,0.0,51.80,86,0,2,219.9,50.0,395,336,7,183.2,283
BatteryMode,"2025-02-03 
15:15:50",0.0,0.0,53.90,100,2,0,219.7,50.0,395,360,7,184.0,732
BatteryMode,"2025-02-03 
15:16:20",0.0,0.0,51.60,84,0,6,220.0,50.0,704,555,14,182.0,276
BatteryMode,"2025-02-03 
15:16:50",0.0,0.0,51.20,80,0,4,219.8,50.0,747,615,14,188.8,495
BatteryMode,"2025-02-03 
15:17:20",0.0,0.0,53.00,98,1,0,219.9,50.0,725,667,14,299.8,856
BatteryMode,"2025-02-03 
15:17:50",0.0,0.0,54.90,100,1,0,220.0,50.0,725,577,14,302.7,875
BatteryMode,"2025-02-03 
15:18:20",0.0,0.0,56.50,100,1,0,220.4,50.0,727,600,14,309.0,896
BatteryMode,"2025-02-03 
15:18:50",0.0,0.0,56.10,100,0,0,220.2,50.0,748,596,14,176.6,698
BatteryMode,"2025-02-03 
15:19:20",0.0,0.0,54.90,100,2,0,219.2,50.0,723,573,14,173.9,928
BatteryMode,"2025-02-03 
15:19:50",0.0,0.0,54.20,100,0,0,220.3,50.0,726,592,14,158.7,816
BatteryMode,"2025-02-03 
15:20:21",0.0,0.0,51.80,86,0,7,219.8,50.0,703,582,14,179.6,277
BatteryMode,"2025-02-03 
15:20:51",0.0,0.0,52.30,91,0,0,218.9,50.0,703,592,14,181.2,668
BatteryMode,"2025-02-03 
15:21:21",0.0,0.0,50.70,75,0,9,219.9,49.9,703,540,14,152.2,312
BatteryMode,"2025-02-03 
15:21:51",0.0,0.0,52.90,97,1,0,220.9,50.0,727,599,14,170.8,879
BatteryMode,"2025-02-03 
15:22:21",0.0,0.0,52.10,89,0,1,219.9,50.0,682,565,13,173.6,560
BatteryMode,"2025-02-03 
15:22:51",0.0,0.0,50.70,74,0,10,219.9,50.0,703,580,14,170.7,165
BatteryMode,"2025-02-03 
15:23:21",0.0,0.0,50.30,71,0,7,219.8,50.0,726,613,14,184.2,482
BatteryMode,"2025-02-03 
15:23:51",0.0,0.0,51.50,83,0,0,219.9,50.0,725,585,14,180.9,747
BatteryMode,"2025-02-03 
15:24:21",0.0,0.0,50.80,76,0,6,220.1,50.0,729,614,14,178.7,508
BatteryMode,"2025-02-03 
15:24:51",0.0,0.0,51.70,85,1,0,220.0,50.0,703,587,14,164.9,791
BatteryMode,"2025-02-03 
15:25:21",0.0,0.0,51.50,83,0,0,219.8,50.0,705,538,14,182.3,523
BatteryMode,"2025-02-03 
15:25:52",0.0,0.0,49.90,67,0,9,221.4,50.0,708,557,14,162.8,196
BatteryMode,"2025-02-03 
15:26:22",0.0,0.0,49.40,62,0,9,220.3,50.0,726,608,14,139.3,166
BatteryMode,"2025-02-03 
15:26:52",0.0,0.0,49.70,65,0,7,219.8,50.0,703,602,14,155.0,323
BatteryMode,"2025-02-03 
15:27:22",0.0,0.0,50.70,75,1,0,220.5,50.0,705,560,14,160.3,753
BatteryMode,"2025-02-03 
15:27:52",0.0,0.0,51.30,81,1,0,220.8,50.0,726,617,14,170.7,766
BatteryMode,"2025-02-03 
15:28:22",0.0,0.0,51.70,85,1,0,218.7,50.0,699,581,13,165.8,781
BatteryMode,"2025-02-03 
15:28:52",0.0,0.0,51.90,87,1,0,218.6,50.0,702,579,14,163.3,781
BatteryMode,"2025-02-03 
15:29:22",0.0,0.0,52.30,91,1,0,220.5,50.0,727,588,14,163.1,781
BatteryMode,"2025-02-03 
15:29:52",0.0,0.0,52.60,94,1,0,219.2,50.0,679,571,13,169.8,768
BatteryMode,"2025-02-03 
15:30:22",0.0,0.0,52.60,94,0,0,220.4,50.0,704,557,14,172.9,731
BatteryMode,"2025-02-03 
15:30:53",0.0,0.0,52.60,94,0,0,220.9,50.0,706,540,14,171.7,710
BatteryMode,"2025-02-03 
15:31:23",0.0,0.0,51.20,80,0,3,220.2,50.0,682,565,13,154.4,406
BatteryMode,"2025-02-03 
15:31:53",0.0,0.0,49.90,67,0,9,219.5,50.0,680,525,13,153.2,209
BatteryMode,"2025-02-03 
15:32:23",0.0,0.0,49.30,61,0,11,221.2,49.9,683,572,13,133.9,147
BatteryMode,"2025-02-03 
15:38:12",0.0,0.0,49.30,61,0,8,218.8,50.0,681,548,13,165.0,265
BatteryMode,"2025-02-03 
15:56:26",0.0,0.0,50.00,68,0,7,218.8,49.9,374,307,7,136.5,57
BatteryMode,"2025-02-03 
16:03:45",0.0,0.0,49.20,60,0,8,220.2,50.0,352,287,7,120.0,0
BatteryMode,"2025-02-03 
16:09:07",0.0,0.0,49.10,59,0,8,219.5,50.0,352,293,7,134.6,73
BatteryMode,"2025-02-03 
16:34:08",0.0,0.0,49.30,62,0,5,219.2,50.0,306,161,6,131.9,0
BatteryMode,"2025-02-03 
16:41:33",0.0,0.0,49.40,62,0,4,219.0,49.9,284,145,5,119.9,0
BatteryMode,"2025-02-03 
16:56:53",0.0,0.0,49.40,62,0,2,220.2,50.0,241,87,4,128.8,0
BatteryMode,"2025-02-03 
17:04:00",0.0,0.0,49.40,62,0,3,219.4,50.0,220,91,4,122.4,0
BatteryMode,"2025-02-03 
17:04:30",0.0,0.0,49.40,62,0,1,218.3,50.0,240,52,4,118.5,0
BatteryMode,"2025-02-03 
17:05:00",0.0,0.0,49.10,59,0,4,220.1,50.0,263,146,5,131.4,0
BatteryMode,"2025-02-03 
17:05:30",0.0,0.0,49.10,59,0,4,220.1,50.0,286,133,5,128.5,0
BatteryMode,"2025-02-03 
17:06:00",0.0,0.0,49.00,58,0,4,219.8,50.0,285,152,5,125.5,0
BatteryMode,"2025-02-03 
17:06:30",0.0,0.0,49.00,58,0,4,219.9,50.0,263,130,5,129.3,0
BatteryMode,"2025-02-03 
17:07:01",0.0,0.0,49.10,59,0,4,219.6,50.0,263,139,5,127.9,0
BatteryMode,"2025-02-03 
17:07:31",0.0,0.0,49.00,58,0,5,219.6,50.0,307,173,6,126.7,0
BatteryMode,"2025-02-03 
17:08:01",0.0,0.0,48.90,57,0,5,220.1,50.0,286,164,5,125.4,0
BatteryMode,"2025-02-03 
17:08:31",0.0,0.0,48.90,57,0,5,219.8,50.0,307,173,6,128.6,0
BatteryMode,"2025-02-03 
17:09:01",0.0,0.0,48.90,57,0,4,219.9,49.9,285,145,5,123.3,0
BatteryMode,"2025-02-03 
17:09:31",0.0,0.0,49.00,58,0,4,219.5,50.0,287,148,5,124.9,0
BatteryMode,"2025-02-03 
17:10:01",0.0,0.0,49.00,57,0,4,220.2,50.0,286,149,5,123.4,0
BatteryMode,"2025-02-03 
17:10:31",0.0,0.0,48.90,57,0,4,219.9,50.0,285,155,5,120.7,0
BatteryMode,"2025-02-03 
17:11:01",0.0,0.0,48.90,57,0,3,219.2,50.0,284,113,5,122.4,0
BatteryMode,"2025-02-03 
17:11:32",0.0,0.0,48.90,57,0,4,220.4,50.0,308,176,6,120.1,0
BatteryMode,"2025-02-03 
17:12:02",0.0,0.0,48.90,57,0,5,220.5,50.0,286,110,5,117.0,0
LineMode,"2025-02-03 
17:12:32",211.7,49.5,50.40,55,5,0,211.7,49.5,169,0,3,116.2,0
LineMode,"2025-02-03 
17:13:02",201.0,49.7,54.60,95,28,0,201.0,49.7,0,0,0,116.8,0
LineMode,"2025-02-03 
17:13:32",200.0,49.7,56.10,95,19,0,200.0,49.7,0,0,0,114.4,0
LineMode,"2025-02-03 
17:14:02",201.4,49.7,56.10,95,14,0,201.4,49.7,0,0,0,114.7,0
LineMode,"2025-02-03 
17:14:32",201.8,49.8,56.10,95,12,0,201.8,49.8,0,0,0,114.5,0
LineMode,"2025-02-03 
17:15:02",203.8,49.9,56.10,95,11,0,203.8,49.9,0,0,0,112.8,0
LineMode,"2025-02-03 
17:15:33",206.7,49.9,56.10,95,10,0,206.7,49.9,0,0,0,113.6,0
LineMode,"2025-02-03 
17:16:03",205.2,49.8,56.00,95,9,0,205.2,49.8,0,0,0,111.6,0
LineMode,"2025-02-03 
17:16:33",205.6,49.7,56.00,95,9,0,205.6,49.7,0,0,0,112.3,0
LineMode,"2025-02-03 
17:17:03",205.9,49.6,56.10,95,9,0,205.9,49.6,0,0,0,118.5,0
LineMode,"2025-02-03 
17:17:33",206.5,49.7,56.00,95,8,0,206.5,49.7,0,0,0,118.8,0
LineMode,"2025-02-03 
17:18:03",206.4,49.6,56.00,95,8,0,206.4,49.6,0,0,0,117.7,0
LineMode,"2025-02-03 
17:18:33",207.2,49.6,56.10,95,8,0,207.2,49.6,0,0,0,120.1,0
LineMode,"2025-02-03 
17:19:03",206.0,49.5,56.00,95,7,0,206.0,49.5,0,0,0,119.7,0
LineMode,"2025-02-03 
17:19:34",206.4,49.5,56.00,95,7,0,206.4,49.5,0,0,0,115.0,0
LineMode,"2025-02-03 
17:20:04",205.0,49.6,56.10,95,7,0,205.0,49.6,0,0,0,113.3,0
LineMode,"2025-02-03 
17:20:34",204.8,49.5,56.00,95,7,0,204.8,49.5,0,0,0,109.9,0
LineMode,"2025-02-03 
17:21:04",202.9,49.5,56.00,95,7,0,202.9,49.5,0,0,0,118.1,0
LineMode,"2025-02-03 
17:21:34",201.9,49.5,56.00,95,6,0,201.9,49.5,0,0,0,119.2,0
LineMode,"2025-02-03 
17:22:04",202.4,49.5,56.00,95,6,0,202.4,49.5,0,0,0,115.6,0
LineMode,"2025-02-03 
17:22:34",202.4,49.5,56.10,95,6,0,202.4,49.5,0,0,0,113.5,0
LineMode,"2025-02-03 
17:23:04",202.8,49.5,56.10,95,6,0,202.8,49.5,0,0,0,108.8,0
LineMode,"2025-02-03 
17:23:35",203.2,49.6,56.10,95,6,0,203.2,49.6,0,0,0,108.9,0
LineMode,"2025-02-03 
17:24:05",203.0,49.6,56.00,95,5,0,203.0,49.6,0,0,0,109.3,0
LineMode,"2025-02-03 
17:24:35",201.6,49.7,56.00,95,5,0,201.6,49.7,0,0,0,116.0,1
LineMode,"2025-02-03 
17:25:05",201.8,49.6,56.00,95,5,0,201.8,49.6,0,0,0,104.1,0
LineMode,"2025-02-03 
17:25:35",201.2,49.6,56.10,95,5,0,201.2,49.6,0,0,0,114.2,0
LineMode,"2025-02-03 
17:26:05",200.2,49.6,56.10,95,5,0,200.2,49.6,0,0,0,107.5,0
LineMode,"2025-02-03 
17:26:35",200.1,49.6,56.10,95,5,0,200.1,49.6,0,0,0,104.2,0
LineMode,"2025-02-03 
17:27:05",199.3,49.7,56.00,95,5,0,199.3,49.7,159,0,3,103.0,0
LineMode,"2025-02-03 
17:27:36",199.7,49.8,56.10,95,4,0,199.7,49.8,0,0,0,102.7,0
LineMode,"2025-02-03 
17:28:06",201.3,49.7,56.00,95,4,0,201.3,49.7,0,0,0,102.1,0
LineMode,"2025-02-03 
17:28:36",200.5,49.6,56.10,95,4,0,200.5,49.6,0,0,0,106.6,0
LineMode,"2025-02-03 
17:29:06",200.4,49.5,56.00,95,4,0,200.4,49.5,140,0,2,97.3,0
LineMode,"2025-02-03 
17:29:36",199.3,49.3,56.10,95,4,0,199.3,49.3,0,0,0,87.7,0
LineMode,"2025-02-03 
17:30:06",199.2,49.2,56.00,95,4,0,199.2,49.2,0,0,0,80.5,0
LineMode,"2025-02-03 
17:30:36",199.4,49.3,56.10,95,3,0,199.4,49.3,0,0,0,75.9,0
LineMode,"2025-02-03 
17:31:06",198.9,49.3,56.10,95,3,0,198.9,49.3,0,0,0,69.5,0
LineMode,"2025-02-03 
17:31:37",199.3,49.4,56.10,95,3,0,199.3,49.4,0,0,0,63.6,0
LineMode,"2025-02-03 
17:32:07",200.3,49.4,56.10,95,3,0,200.3,49.4,0,0,0,58.6,0
LineMode,"2025-02-03 
17:32:37",198.5,49.4,56.10,95,3,0,198.5,49.4,0,0,0,55.8,0
LineMode,"2025-02-03 
17:33:07",199.2,49.3,56.10,95,3,0,199.2,49.3,0,0,0,51.0,0
LineMode,"2025-02-03 
17:33:37",198.7,49.3,56.10,95,3,0,198.7,49.3,0,0,0,46.7,0
LineMode,"2025-02-03 
17:34:07",199.4,49.1,56.10,95,3,0,199.4,49.1,0,0,0,43.3,0
LineMode,"2025-02-03 
17:34:37",200.0,49.0,56.00,95,3,0,200.0,49.0,0,0,0,41.7,0
LineMode,"2025-02-03 
17:35:08",199.9,49.0,56.10,95,3,0,199.9,49.0,0,0,0,38.8,0
LineMode,"2025-02-03 
17:35:38",199.1,49.1,56.00,95,2,0,199.1,49.1,0,0,0,36.1,0
LineMode,"2025-02-03 
17:36:08",201.3,49.4,56.00,95,2,0,201.3,49.4,0,0,0,0.0,0
LineMode,"2025-02-03 
17:36:38",201.2,49.5,56.10,95,2,0,201.2,49.5,0,0,0,0.0,0
LineMode,"2025-02-03 
17:37:08",201.6,49.6,56.00,95,2,0,201.6,49.6,0,0,0,0.0,0
LineMode,"2025-02-03 
17:37:38",201.8,49.6,56.00,95,2,0,201.8,49.6,0,0,0,0.0,0
LineMode,"2025-02-03 
17:38:08",201.4,49.6,56.10,95,2,0,201.4,49.6,0,0,0,0.0,0
LineMode,"2025-02-03 
17:38:38",200.4,49.6,56.00,95,2,0,200.4,49.6,0,0,0,0.0,0
LineMode,"2025-02-03 
17:39:09",200.5,49.5,56.10,95,2,0,200.5,49.5,0,0,0,0.0,0
LineMode,"2025-02-03 
17:39:39",199.8,49.6,56.10,95,2,0,199.8,49.6,0,0,0,0.0,0
LineMode,"2025-02-03 
17:40:09",199.7,49.6,56.10,95,2,0,199.7,49.6,0,0,0,0.0,0
LineMode,"2025-02-03 
17:40:39",200.8,49.4,56.00,95,2,0,200.8,49.4,140,0,2,0.0,0
LineMode,"2025-02-03 
17:41:09",200.2,49.5,56.00,100,1,0,200.2,49.5,0,0,0,0.0,0
LineMode,"2025-02-03 
17:41:39",200.6,49.5,56.00,100,1,0,200.6,49.5,0,0,0,0.0,0
LineMode,"2025-02-03 
17:42:09",201.0,49.4,56.10,100,1,0,201.0,49.4,0,0,0,0.0,0
LineMode,"2025-02-03 
17:42:40",201.2,49.5,56.10,100,1,0,201.2,49.5,0,0,0,0.0,0
LineMode,"2025-02-03 
17:43:10",200.4,49.4,56.10,100,1,0,200.4,49.4,0,0,0,0.0,0
LineMode,"2025-02-03 
17:43:40",197.8,49.4,56.10,100,1,0,197.8,49.4,0,0,0,0.0,0
LineMode,"2025-02-03 
17:44:10",197.7,49.5,56.00,100,1,0,197.7,49.5,0,0,0,0.0,0
LineMode,"2025-02-03 
17:44:40",197.0,49.3,56.00,100,1,0,197.0,49.3,0,0,0,0.0,0
LineMode,"2025-02-03 
17:45:10",197.5,49.3,56.00,100,1,0,197.5,49.3,0,0,0,0.0,0
LineMode,"2025-02-03 
17:45:40",197.1,49.3,56.10,100,1,0,197.1,49.3,0,0,0,0.0,0
LineMode,"2025-02-03 
17:46:11",196.7,49.4,56.10,100,1,0,196.7,49.4,0,0,0,0.0,0
LineMode,"2025-02-03 
17:46:41",196.6,49.6,56.00,100,1,0,196.6,49.6,0,0,0,0.0,0
LineMode,"2025-02-03 
17:47:11",197.5,49.5,56.00,100,1,0,197.5,49.5,0,0,0,0.0,0
LineMode,"2025-02-03 
17:47:41",196.6,49.5,56.10,100,1,0,196.6,49.5,0,0,0,0.0,0
LineMode,"2025-02-03 
17:48:11",197.4,49.4,56.00,100,1,0,197.4,49.4,0,0,0,0.0,0
LineMode,"2025-02-03 
17:48:41",197.1,49.4,56.00,100,1,0,197.1,49.4,0,0,0,0.0,0
LineMode,"2025-02-03 
17:49:11",197.2,49.5,56.00,100,1,0,197.2,49.5,0,0,0,0.0,0
LineMode,"2025-02-03 
17:49:42",197.4,49.5,56.00,100,1,0,197.4,49.5,0,0,0,0.0,0
LineMode,"2025-02-03 
17:50:12",197.7,49.5,56.10,100,1,0,197.7,49.5,0,0,0,0.0,0
LineMode,"2025-02-03 
17:50:42",199.1,49.5,56.10,95,1,0,199.1,49.5,0,0,0,0.0,0
LineMode,"2025-02-03 
17:51:12",197.3,49.6,56.00,100,0,0,197.3,49.6,0,0,0,0.0,0
LineMode,"2025-02-03 
17:51:42",198.7,49.6,56.00,95,0,0,198.7,49.6,0,0,0,0.0,0
LineMode,"2025-02-03 
17:52:12",196.6,49.5,56.00,100,0,0,196.6,49.5,0,0,0,0.0,0
LineMode,"2025-02-03 
17:52:42",197.6,49.5,56.00,95,0,0,197.6,49.5,138,0,2,0.0,0
LineMode,"2025-02-03 
17:53:13",198.2,49.5,56.00,95,0,0,198.2,49.5,0,0,0,0.0,0
LineMode,"2025-02-03 
17:53:43",196.5,49.5,56.00,100,0,0,196.5,49.5,0,0,0,0.0,0
LineMode,"2025-02-03 
17:54:13",198.2,49.5,56.10,100,0,0,198.2,49.5,0,0,0,0.0,0
LineMode,"2025-02-03 
17:54:43",198.7,49.5,56.00,100,0,0,198.7,49.5,0,0,0,0.0,0
LineMode,"2025-02-03 
17:55:13",198.5,49.6,56.00,100,0,0,198.5,49.6,0,0,0,0.0,0
LineMode,"2025-02-03 
17:55:43",199.5,49.5,56.00,95,0,0,199.5,49.5,0,0,0,0.0,0
LineMode,"2025-02-03 
17:56:14",198.7,49.5,56.00,95,0,0,198.7,49.5,0,0,0,0.0,0
LineMode,"2025-02-03 
17:56:44",197.5,49.6,56.00,95,0,0,197.5,49.6,0,0,0,0.0,0
LineMode,"2025-02-03 
17:57:14",197.7,49.6,56.10,95,0,0,197.7,49.6,0,0,0,0.0,0
LineMode,"2025-02-03 
17:57:44",198.5,49.6,56.10,95,0,0,198.5,49.6,0,0,0,0.0,0
LineMode,"2025-02-03 
17:58:14",198.5,49.5,56.00,95,0,0,198.5,49.5,0,0,0,0.0,0
LineMode,"2025-02-03 
17:58:44",198.3,49.6,56.10,100,0,0,198.3,49.6,0,0,0,0.0,0
LineMode,"2025-02-03 
17:59:14",198.7,49.7,56.10,95,0,0,198.7,49.7,0,0,0,0.0,0
LineMode,"2025-02-03 
17:59:45",198.3,49.8,56.00,95,0,0,198.3,49.8,0,0,0,0.0,0
LineMode,"2025-02-03 
18:00:15",199.8,49.7,56.00,100,0,0,199.8,49.7,0,0,0,0.0,0
LineMode,"2025-02-03 
18:00:45",199.4,49.4,56.00,95,0,0,199.4,49.4,0,0,0,0.0,0
LineMode,"2025-02-03 
18:01:15",198.5,49.4,56.10,95,0,0,198.5,49.4,0,0,0,0.0,0
LineMode,"2025-02-03 
18:01:45",198.4,49.7,56.00,100,0,0,198.4,49.7,0,0,0,0.0,0
LineMode,"2025-02-03 
18:02:15",199.0,49.9,56.10,95,0,0,199.0,49.9,0,0,0,0.0,0
LineMode,"2025-02-03 
18:02:45",197.2,49.9,56.10,100,0,0,197.2,49.9,0,0,0,0.0,0
LineMode,"2025-02-03 
18:03:16",197.8,49.8,56.10,95,0,0,197.8,49.8,0,0,0,0.0,0
LineMode,"2025-02-03 
18:03:46",197.2,49.6,56.00,100,0,0,197.2,49.6,0,0,0,0.0,0
LineMode,"2025-02-03 
18:04:16",197.2,49.6,56.10,100,0,0,197.2,49.6,157,0,3,0.0,0
LineMode,"2025-02-03 
18:04:46",198.1,49.6,56.10,95,0,0,198.1,49.6,0,0,0,0.0,0
LineMode,"2025-02-03 
18:05:16",196.1,49.6,56.10,95,0,0,196.1,49.6,0,0,0,0.0,0
LineMode,"2025-02-03 
18:05:46",197.7,49.5,56.00,95,0,0,197.7,49.5,0,0,0,0.0,0
LineMode,"2025-02-03 
18:06:17",198.4,49.5,56.10,100,0,0,198.4,49.5,158,0,3,0.0,0
LineMode,"2025-02-03 
18:06:47",197.6,49.5,56.00,100,0,0,197.6,49.5,0,0,0,0.0,0
LineMode,"2025-02-03 
18:07:17",198.5,49.6,56.10,100,0,0,198.5,49.6,0,0,0,0.0,0
LineMode,"2025-02-03 
18:07:47",198.4,49.4,56.00,100,0,0,198.4,49.4,0,0,0,0.0,0
LineMode,"2025-02-03 
18:08:17",198.1,49.3,56.10,95,0,0,198.1,49.3,138,0,2,0.0,0
LineMode,"2025-02-03 
18:08:47",197.6,49.3,56.00,100,0,0,197.6,49.3,0,0,0,0.0,0
LineMode,"2025-02-03 
18:09:17",197.6,49.3,56.10,95,0,0,197.6,49.3,0,0,0,0.0,0
LineMode,"2025-02-03 
18:09:48",197.0,49.4,56.10,100,0,0,197.0,49.4,0,0,0,0.0,0
LineMode,"2025-02-03 
18:10:18",198.7,49.4,56.10,100,0,0,198.7,49.4,0,0,0,0.0,0
LineMode,"2025-02-03 
18:10:48",197.8,49.5,56.10,95,0,0,197.8,49.5,0,0,0,0.0,0
LineMode,"2025-02-03 
18:11:18",198.9,49.5,56.10,100,0,0,198.9,49.5,0,0,0,0.0,0
LineMode,"2025-02-03 
18:11:48",196.6,49.5,56.00,100,0,0,196.6,49.5,0,0,0,0.0,0
LineMode,"2025-02-03 
18:12:18",196.6,49.3,56.00,100,0,0,196.6,49.3,0,0,0,0.0,0
LineMode,"2025-02-03 
18:12:49",197.7,49.1,56.00,100,0,0,197.7,49.1,0,0,0,0.0,0
LineMode,"2025-02-03 
18:13:19",198.0,49.0,56.10,95,0,0,198.0,49.0,0,0,0,0.0,0
LineMode,"2025-02-03 
18:13:49",197.0,49.0,56.00,100,0,0,197.0,49.0,0,0,0,0.0,0
LineMode,"2025-02-03 
18:14:19",197.2,49.0,56.10,95,0,0,197.2,49.0,0,0,0,0.0,0
LineMode,"2025-02-03 
18:14:49",197.2,49.1,56.00,100,0,0,197.2,49.1,0,0,0,0.0,0
LineMode,"2025-02-03 
18:15:19",197.4,49.2,56.10,100,0,0,197.4,49.2,0,0,0,0.0,0
LineMode,"2025-02-03 
18:15:49",196.3,49.2,56.00,100,0,0,196.3,49.2,0,0,0,0.0,0
LineMode,"2025-02-03 
18:16:20",196.5,49.3,56.00,100,0,0,196.5,49.3,0,0,0,0.0,0
LineMode,"2025-02-03 
18:16:50",196.3,49.3,56.00,100,0,0,196.3,49.3,0,0,0,0.0,0
LineMode,"2025-02-03 
18:17:20",196.7,49.3,56.10,100,0,0,196.7,49.3,0,0,0,0.0,0
LineMode,"2025-02-03 
18:17:50",195.8,49.2,56.10,100,0,0,195.8,49.2,0,0,0,0.0,0
LineMode,"2025-02-03 
18:18:20",197.1,49.1,56.00,100,0,0,197.1,49.1,0,0,0,0.0,0
LineMode,"2025-02-03 
18:18:50",196.0,49.1,56.10,100,0,0,196.0,49.1,0,0,0,0.0,0
LineMode,"2025-02-03 
18:19:21",196.4,49.1,56.10,100,0,0,196.4,49.1,0,0,0,0.0,0
LineMode,"2025-02-03 
18:19:51",196.5,49.0,56.00,100,0,0,196.5,49.0,0,0,0,0.0,0
LineMode,"2025-02-03 
18:20:21",197.0,49.1,56.10,100,0,0,197.0,49.1,0,0,0,0.0,0
LineMode,"2025-02-03 
18:20:51",196.7,49.1,56.10,95,0,0,196.7,49.1,157,0,3,0.0,0
LineMode,"2025-02-03 
18:21:21",196.5,49.1,56.10,100,0,0,196.5,49.1,0,0,0,0.0,0
LineMode,"2025-02-03 
18:21:51",196.5,49.1,56.10,95,0,0,196.5,49.1,0,0,0,0.0,0
LineMode,"2025-02-03 
18:22:21",196.7,49.1,56.00,100,0,0,196.7,49.1,0,0,0,0.0,0
LineMode,"2025-02-03 
18:22:52",196.0,49.1,56.10,100,0,0,196.0,49.1,0,0,0,0.0,0
LineMode,"2025-02-03 
18:23:22",196.8,49.2,56.10,100,0,0,196.8,49.2,0,0,0,0.0,0
LineMode,"2025-02-03 
18:23:52",195.4,49.1,56.00,100,0,0,195.4,49.1,0,0,0,0.0,0
LineMode,"2025-02-03 
18:24:22",196.3,49.1,56.00,100,0,0,196.3,49.1,0,0,0,0.0,0
LineMode,"2025-02-03 
18:24:52",196.9,49.1,56.10,100,0,0,196.9,49.1,0,0,0,0.0,0
LineMode,"2025-02-03 
18:25:22",196.7,49.1,56.00,100,0,0,196.7,49.1,0,0,0,0.0,0
LineMode,"2025-02-03 
18:25:53",196.7,49.1,56.00,100,0,0,196.7,49.1,0,0,0,0.0,0
LineMode,"2025-02-03 
18:26:23",196.2,49.1,56.00,100,0,0,196.2,49.1,0,0,0,0.0,0
LineMode,"2025-02-03 
18:26:53",196.2,49.2,56.10,100,0,0,196.2,49.2,0,0,0,0.0,0
LineMode,"2025-02-03 
18:27:23",196.2,49.2,56.10,100,0,0,196.2,49.2,0,0,0,0.0,0
LineMode,"2025-02-03 
18:27:53",196.0,49.3,56.10,100,0,0,196.0,49.3,0,0,0,0.0,0
LineMode,"2025-02-03 
18:28:23",195.3,49.3,56.00,100,0,0,195.3,49.3,0,0,0,0.0,0
LineMode,"2025-02-03 
18:28:54",195.3,49.4,56.00,100,0,0,195.3,49.4,0,0,0,0.0,0
LineMode,"2025-02-03 
18:29:24",194.5,49.6,56.10,100,0,0,194.5,49.6,155,0,3,0.0,0
LineMode,"2025-02-03 
18:29:54",195.6,49.6,56.00,100,0,0,195.6,49.6,0,0,0,0.0,0
LineMode,"2025-02-03 
18:30:24",196.5,49.5,56.00,100,0,0,196.5,49.5,0,0,0,0.0,0
LineMode,"2025-02-03 
18:30:54",196.0,49.5,56.00,100,0,0,196.0,49.5,0,0,0,0.0,0
LineMode,"2025-02-03 
18:31:24",195.7,49.6,56.10,100,0,0,195.7,49.6,0,0,0,0.0,0
LineMode,"2025-02-03 
18:31:55",196.3,49.5,56.10,100,0,0,196.3,49.5,0,0,0,0.0,0
LineMode,"2025-02-03 
18:32:25",196.3,49.4,56.00,100,0,0,196.3,49.4,0,0,0,0.0,0
LineMode,"2025-02-03 
18:32:55",195.8,49.4,56.00,100,0,0,195.8,49.4,0,0,0,0.0,0
LineMode,"2025-02-03 
18:33:25",195.5,49.3,56.00,100,0,0,195.5,49.3,0,0,0,0.0,0
LineMode,"2025-02-03 
18:33:55",196.2,49.4,56.00,100,0,0,196.2,49.4,0,0,0,0.0,0
LineMode,"2025-02-03 
18:34:25",195.8,49.3,56.10,100,0,0,195.8,49.3,0,0,0,0.0,0
LineMode,"2025-02-03 
18:34:56",196.3,49.3,56.10,100,0,0,196.3,49.3,0,0,0,0.0,0
LineMode,"2025-02-03 
18:35:26",196.4,49.2,56.00,100,0,0,196.4,49.2,0,0,0,0.0,0
LineMode,"2025-02-03 
18:35:56",197.2,49.2,56.00,100,0,0,197.2,49.2,0,0,0,0.0,0
LineMode,"2025-02-03 
18:36:26",196.8,49.1,56.00,100,0,0,196.8,49.1,0,0,0,0.0,0
LineMode,"2025-02-03 
18:36:56",196.3,49.2,56.10,100,0,0,196.3,49.2,0,0,0,0.0,0
LineMode,"2025-02-03 
18:37:26",196.6,49.1,56.10,100,0,0,196.6,49.1,0,0,0,0.0,0
LineMode,"2025-02-03 
18:37:57",196.4,48.9,56.10,100,0,0,196.4,48.9,0,0,0,0.0,0
LineMode,"2025-02-03 
18:38:27",196.6,48.8,56.00,100,0,0,196.6,48.8,0,0,0,0.0,0
LineMode,"2025-02-03 
18:38:57",196.2,48.7,56.00,100,0,0,196.2,48.7,0,0,0,0.0,0
LineMode,"2025-02-03 
18:39:27",195.6,48.7,56.00,100,0,0,195.6,48.7,0,0,0,0.0,0
LineMode,"2025-02-03 
18:39:57",195.8,48.7,56.00,100,0,0,195.8,48.7,0,0,0,0.0,0
LineMode,"2025-02-03 
18:40:27",195.6,48.7,56.10,100,0,0,195.6,48.7,0,0,0,0.0,0
LineMode,"2025-02-03 
18:40:58",196.3,48.7,56.10,100,0,0,196.3,48.7,0,0,0,0.0,0
LineMode,"2025-02-03 
18:41:31",196.0,48.8,56.00,100,0,0,196.0,48.8,156,0,3,0.0,0
LineMode,"2025-02-03 
19:04:38",202.2,49.1,56.10,100,0,0,202.2,49.1,0,0,0,0.0,0
LineMode,"2025-02-03 
19:11:46",200.6,49.3,56.00,100,0,0,200.6,49.3,0,0,0,0.0,0
LineMode,"2025-02-03 
19:23:23",201.6,49.5,56.00,100,0,0,201.6,49.5,0,0,0,0.0,0
BatteryMode,"2025-02-03 
19:27:05",0.0,0.0,52.50,93,0,7,220.0,50.0,417,251,8,0.0,0
BatteryMode,"2025-02-03 
19:28:34",0.0,0.0,49.50,63,0,10,220.7,50.0,485,346,9,0.0,0
BatteryMode,"2025-02-03 
19:47:12",0.0,0.0,48.10,49,0,10,221.3,50.0,531,386,10,0.0,0
BatteryMode,"2025-02-03 
19:58:24",0.0,0.0,48.00,48,0,10,220.0,50.0,528,374,10,0.0,0
BatteryMode,"2025-02-03 
20:08:21",0.0,0.0,48.00,48,0,11,220.1,50.0,462,361,9,0.0,0
BatteryMode,"2025-02-03 
20:24:50",0.0,0.0,47.90,47,0,10,219.1,50.0,462,346,9,0.0,0
BatteryMode,"2025-02-03 
20:40:01",0.0,0.0,47.80,46,0,11,219.8,50.0,483,346,9,0.0,0
BatteryMode,"2025-02-03 
20:46:24",0.0,0.0,47.80,46,0,11,220.4,50.0,484,384,9,0.0,0
BatteryMode,"2025-02-03 
21:02:00",0.0,0.0,47.50,43,0,12,219.5,50.0,482,383,9,0.0,0
BatteryMode,"2025-02-03 
21:15:07",0.0,0.0,47.80,46,0,10,220.3,50.0,351,281,7,0.0,0
BatteryMode,"2025-02-03 
21:27:47",0.0,0.0,47.80,45,0,8,219.6,50.0,352,232,7,0.0,0
BatteryMode,"2025-02-03 
21:45:21",0.0,0.0,47.20,40,0,9,219.2,50.0,504,402,10,0.0,0
BatteryMode,"2025-02-03 
21:53:51",0.0,0.0,47.10,39,0,12,220.4,50.0,485,401,9,0.0,0
BatteryMode,"2025-02-03 
22:06:22",0.0,0.0,47.60,44,0,6,218.8,50.0,395,218,7,0.0,0
BatteryMode,"2025-02-03 
22:24:57",0.0,0.0,47.60,44,0,6,220.0,50.0,374,201,7,0.0,0
BatteryMode,"2025-02-03 
22:39:15",0.0,0.0,47.50,43,0,5,220.3,50.0,353,192,7,0.0,0
BatteryMode,"2025-02-03 
22:48:38",0.0,0.0,47.40,42,0,6,219.2,50.0,394,210,7,0.0,0
BatteryMode,"2025-02-03 
22:51:58",0.0,0.0,47.50,43,0,6,220.3,50.0,352,193,7,0.0,0
BatteryMode,"2025-02-03 
22:52:28",0.0,0.0,47.30,41,0,7,219.8,50.0,417,227,8,0.0,0
BatteryMode,"2025-02-03 
22:52:59",0.0,0.0,47.50,43,0,5,220.9,50.0,331,201,6,0.0,0
BatteryMode,"2025-02-03 
22:53:29",0.0,0.0,47.40,42,0,6,220.1,50.0,374,197,7,0.0,0
BatteryMode,"2025-02-03 
22:53:59",0.0,0.0,47.50,43,0,5,221.1,50.0,331,168,6,0.0,0
BatteryMode,"2025-02-03 
22:54:29",0.0,0.0,47.40,42,0,5,221.0,50.0,375,220,7,0.0,0
BatteryMode,"2025-02-03 
22:54:59",0.0,0.0,47.60,44,0,5,220.3,50.0,286,142,5,0.0,0
BatteryMode,"2025-02-03 
22:55:29",0.0,0.0,47.50,43,0,5,219.6,50.0,307,183,6,0.0,0
BatteryMode,"2025-02-03 
22:56:00",0.0,0.0,47.50,43,0,5,219.1,50.0,307,168,6,0.0,0
BatteryMode,"2025-02-03 
22:56:30",0.0,0.0,47.50,43,0,5,220.0,50.0,285,179,5,0.0,0
BatteryMode,"2025-02-03 
22:57:00",0.0,0.0,47.50,43,0,5,220.3,50.0,308,152,6,0.0,0
BatteryMode,"2025-02-03 
22:57:30",0.0,0.0,47.50,43,0,7,219.3,50.0,307,166,6,0.0,0
BatteryMode,"2025-02-03 
22:58:00",0.0,0.0,47.50,43,0,6,220.8,50.0,309,172,6,0.0,0
BatteryMode,"2025-02-03 
22:58:31",0.0,0.0,47.50,43,0,5,219.7,50.0,351,197,7,0.0,0
BatteryMode,"2025-02-03 
22:59:01",0.0,0.0,47.50,43,0,5,219.4,50.0,329,175,6,0.0,0
BatteryMode,"2025-02-03 
22:59:31",0.0,0.0,47.50,43,0,5,218.8,50.0,306,164,6,0.0,0
BatteryMode,"2025-02-03 
23:00:01",0.0,0.0,47.50,43,0,5,219.6,50.0,307,165,6,0.0,0
BatteryMode,"2025-02-03 
23:00:31",0.0,0.0,47.60,43,0,4,219.1,50.0,306,156,6,0.0,0
BatteryMode,"2025-02-03 
23:01:02",0.0,0.0,47.50,43,0,5,222.4,50.0,330,176,6,0.0,0
BatteryMode,"2025-02-03 
23:01:32",0.0,0.0,47.50,43,0,6,220.2,50.0,307,220,6,0.0,0
BatteryMode,"2025-02-03 
23:02:02",0.0,0.0,47.50,43,0,4,220.5,50.0,308,159,6,0.0,0
BatteryMode,"2025-02-03 
23:02:32",0.0,0.0,47.60,44,0,5,220.3,50.0,308,149,6,0.0,0
BatteryMode,"2025-02-03 
23:03:02",0.0,0.0,47.50,43,0,5,219.4,50.0,308,159,6,0.0,0
BatteryMode,"2025-02-03 
23:03:33",0.0,0.0,47.50,43,0,5,219.6,50.0,329,178,6,0.0,0
BatteryMode,"2025-02-03 
23:04:03",0.0,0.0,47.50,43,0,5,218.9,50.0,328,201,6,0.0,0
BatteryMode,"2025-02-03 
23:04:33",0.0,0.0,47.50,43,0,7,221.7,50.0,394,241,7,0.0,0
BatteryMode,"2025-02-03 
23:05:03",0.0,0.0,47.50,43,0,5,221.2,49.9,353,171,7,0.0,0
BatteryMode,"2025-02-03 
23:05:33",0.0,0.0,47.50,43,0,5,220.1,50.0,330,177,6,0.0,0
BatteryMode,"2025-02-03 
23:06:03",0.0,0.0,47.60,44,0,4,219.9,50.0,283,171,5,0.0,0
BatteryMode,"2025-02-03 
23:06:34",0.0,0.0,47.60,44,0,6,220.6,49.9,308,141,6,0.0,0
BatteryMode,"2025-02-03 
23:07:04",0.0,0.0,47.50,43,0,5,219.7,49.9,307,208,6,0.0,0
BatteryMode,"2025-02-03 
23:07:34",0.0,0.0,47.60,44,0,5,219.6,50.0,285,170,5,0.0,0
BatteryMode,"2025-02-03 
23:08:04",0.0,0.0,47.60,44,0,5,220.0,49.9,307,167,6,0.0,0
BatteryMode,"2025-02-03 
23:08:34",0.0,0.0,47.50,43,0,6,222.3,50.0,354,211,7,0.0,0
BatteryMode,"2025-02-03 
23:09:05",0.0,0.0,47.50,43,0,5,220.7,49.9,308,166,6,0.0,0
BatteryMode,"2025-02-03 
23:09:35",0.0,0.0,47.50,43,0,5,219.4,50.0,329,174,6,0.0,0
BatteryMode,"2025-02-03 
23:10:05",0.0,0.0,47.40,42,0,6,220.3,50.0,330,219,6,0.0,0
BatteryMode,"2025-02-03 
23:10:35",0.0,0.0,47.70,45,0,4,218.5,49.9,240,135,4,0.0,0
BatteryMode,"2025-02-03 
23:11:05",0.0,0.0,47.70,45,0,5,220.7,50.0,264,142,5,0.0,0
BatteryMode,"2025-02-03 
23:11:36",0.0,0.0,47.80,46,0,3,220.9,50.0,242,94,4,0.0,0
BatteryMode,"2025-02-03 
23:12:06",0.0,0.0,47.70,45,0,4,220.6,50.0,286,134,5,0.0,0
BatteryMode,"2025-02-03 
23:12:36",0.0,0.0,47.80,46,0,4,220.2,50.0,242,117,4,0.0,0
BatteryMode,"2025-02-03 
23:13:06",0.0,0.0,47.80,45,0,4,220.5,50.0,241,114,4,0.0,0
BatteryMode,"2025-02-03 
23:13:36",0.0,0.0,47.80,45,0,4,219.5,50.0,241,122,4,0.0,0
BatteryMode,"2025-02-03 
23:14:07",0.0,0.0,47.80,46,0,3,220.0,50.0,264,129,5,0.0,0
BatteryMode,"2025-02-03 
23:14:37",0.0,0.0,47.80,46,0,4,220.6,50.0,242,117,4,0.0,0
BatteryMode,"2025-02-03 
23:15:07",0.0,0.0,47.80,46,0,4,220.1,50.0,242,124,4,0.0,0
BatteryMode,"2025-02-03 
23:15:37",0.0,0.0,47.80,46,0,4,220.3,50.0,264,118,5,0.0,0
BatteryMode,"2025-02-03 
23:16:07",0.0,0.0,47.80,46,0,4,220.3,50.0,264,129,5,0.0,0
BatteryMode,"2025-02-03 
23:16:37",0.0,0.0,47.70,45,0,3,220.1,50.0,262,115,5,0.0,0
BatteryMode,"2025-02-03 
23:17:08",0.0,0.0,47.70,45,0,4,219.5,50.0,263,115,5,0.0,0
BatteryMode,"2025-02-03 
23:17:38",0.0,0.0,47.70,45,0,4,220.0,50.0,264,123,5,0.0,0
BatteryMode,"2025-02-03 
23:18:08",0.0,0.0,47.70,45,0,4,219.4,50.0,263,129,5,0.0,0
BatteryMode,"2025-02-03 
23:18:38",0.0,0.0,47.70,45,0,4,220.5,50.0,264,149,5,0.0,0
BatteryMode,"2025-02-03 
23:19:08",0.0,0.0,47.70,45,0,4,219.4,50.0,262,125,5,0.0,0
BatteryMode,"2025-02-03 
23:19:39",0.0,0.0,47.70,45,0,4,219.9,50.0,263,134,5,0.0,0
BatteryMode,"2025-02-03 
23:20:09",0.0,0.0,47.70,45,0,4,219.9,50.0,285,122,5,0.0,0
BatteryMode,"2025-02-03 
23:20:39",0.0,0.0,47.70,45,0,3,220.2,50.0,286,118,5,0.0,0
BatteryMode,"2025-02-03 
23:21:09",0.0,0.0,47.60,44,0,3,220.6,50.0,264,139,5,0.0,0
BatteryMode,"2025-02-03 
23:21:39",0.0,0.0,47.70,45,0,4,218.3,50.0,261,100,5,0.0,0
BatteryMode,"2025-02-03 
23:22:10",0.0,0.0,47.70,44,0,4,219.5,50.0,285,116,5,0.0,0
BatteryMode,"2025-02-03 
23:22:40",0.0,0.0,47.70,45,0,4,219.4,50.0,263,122,5,0.0,0
BatteryMode,"2025-02-03 
23:23:10",0.0,0.0,47.70,44,0,3,219.4,50.0,241,112,4,0.0,0
BatteryMode,"2025-02-03 
23:23:40",0.0,0.0,47.70,45,0,4,220.6,49.9,264,144,5,0.0,0
BatteryMode,"2025-02-03 
23:24:10",0.0,0.0,47.70,45,0,3,220.1,50.0,263,107,5,0.0,0
BatteryMode,"2025-02-03 
23:24:41",0.0,0.0,47.70,45,0,3,220.3,50.0,264,91,5,0.0,0
BatteryMode,"2025-02-03 
23:25:11",0.0,0.0,47.70,45,0,4,219.9,50.0,263,120,5,0.0,0
BatteryMode,"2025-02-03 
23:25:41",0.0,0.0,47.70,45,0,5,220.1,50.0,286,70,5,0.0,0
BatteryMode,"2025-02-03 
23:26:11",0.0,0.0,47.70,45,0,3,219.8,50.0,263,121,5,0.0,0
BatteryMode,"2025-02-03 
23:26:41",0.0,0.0,47.70,45,0,3,220.1,50.0,242,116,4,0.0,0
BatteryMode,"2025-02-03 
23:27:12",0.0,0.0,47.70,45,0,4,220.4,50.0,241,95,4,0.0,0
BatteryMode,"2025-02-03 
23:27:42",0.0,0.0,47.70,45,0,4,220.5,50.0,264,124,5,0.0,0
BatteryMode,"2025-02-03 
23:28:12",0.0,0.0,47.70,45,0,3,219.6,50.0,263,118,5,0.0,0
BatteryMode,"2025-02-03 
23:28:42",0.0,0.0,47.70,45,0,3,219.0,50.0,262,116,5,0.0,0
BatteryMode,"2025-02-03 
23:29:12",0.0,0.0,47.70,45,0,4,219.4,50.0,241,115,4,0.0,0
BatteryMode,"2025-02-03 
23:29:43",0.0,0.0,47.70,45,0,4,220.5,50.0,242,112,4,0.0,0
BatteryMode,"2025-02-03 
23:30:13",0.0,0.0,47.80,46,0,3,220.1,50.0,241,117,4,0.0,0
BatteryMode,"2025-02-03 
23:30:43",0.0,0.0,47.80,46,0,2,219.5,50.0,241,106,4,0.0,0
BatteryMode,"2025-02-03 
23:31:13",0.0,0.0,47.80,46,0,3,219.5,50.0,241,77,4,0.0,0
BatteryMode,"2025-02-03 
23:31:43",0.0,0.0,47.80,46,0,3,220.4,50.0,242,93,4,0.0,0
BatteryMode,"2025-02-03 
23:32:44",0.0,0.0,47.70,46,0,3,220.7,49.9,242,117,4,0.0,0
BatteryMode,"2025-02-03 
23:49:13",0.0,0.0,47.80,46,0,2,220.4,50.0,220,111,4,0.0,0
BatteryMode,"2025-02-04 
00:02:53",0.0,0.0,47.90,47,0,2,219.7,50.0,220,49,4,0.0,0
BatteryMode,"2025-02-04 
00:16:20",0.0,0.0,47.90,47,0,2,220.3,50.0,198,73,3,0.0,0
BatteryMode,"2025-02-04 
00:16:50",0.0,0.0,47.90,47,0,2,220.2,50.0,198,85,3,0.0,0
BatteryMode,"2025-02-04 
00:17:20",0.0,0.0,47.80,46,0,2,220.8,50.0,198,90,3,0.0,0
BatteryMode,"2025-02-04 
00:17:51",0.0,0.0,47.80,46,0,3,220.4,50.0,220,86,4,0.0,0
BatteryMode,"2025-02-04 
00:18:21",0.0,0.0,47.80,46,0,2,219.9,50.0,219,66,4,0.0,0
BatteryMode,"2025-02-04 
00:18:51",0.0,0.0,47.80,46,0,2,219.3,50.0,219,84,4,0.0,0
BatteryMode,"2025-02-04 
00:19:21",0.0,0.0,47.90,47,0,1,219.9,50.0,198,59,3,0.0,0
BatteryMode,"2025-02-04 
00:30:17",0.0,0.0,48.10,49,0,2,219.8,50.0,175,54,3,0.0,0
BatteryMode,"2025-02-04 
00:35:31",0.0,0.0,48.10,49,0,1,220.2,50.0,175,34,3,0.0,0
BatteryMode,"2025-02-04 
00:49:08",0.0,0.0,48.10,49,0,1,220.2,49.9,177,26,3,0.0,0
BatteryMode,"2025-02-04 
00:58:27",0.0,0.0,48.10,49,0,1,220.4,50.0,176,22,3,0.0,0
BatteryMode,"2025-02-04 
01:15:19",0.0,0.0,48.10,49,0,1,219.7,50.0,175,47,3,0.0,0
BatteryMode,"2025-02-04 
01:22:01",0.0,0.0,48.00,48,0,1,219.4,50.0,197,32,3,0.0,0
BatteryMode,"2025-02-04 
01:34:49",0.0,0.0,48.00,48,0,1,220.2,50.0,197,25,3,0.0,0
BatteryMode,"2025-02-04 
01:51:09",0.0,0.0,48.10,49,0,1,219.9,50.0,175,35,3,0.0,0
BatteryMode,"2025-02-04 
01:58:29",0.0,0.0,48.10,49,0,1,220.3,50.0,176,28,3,0.0,0
BatteryMode,"2025-02-04 
02:20:13",0.0,0.0,48.10,49,0,1,220.0,50.0,198,22,3,0.0,0
BatteryMode,"2025-02-04 
02:32:09",0.0,0.0,48.10,49,0,1,220.1,49.9,176,43,3,0.0,0
BatteryMode,"2025-02-04 
02:44:10",0.0,0.0,48.00,48,0,1,219.7,50.0,197,41,3,0.0,0
BatteryMode,"2025-02-04 
03:02:06",0.0,0.0,48.00,48,0,1,219.7,50.0,197,31,3,0.0,0
BatteryMode,"2025-02-04 
03:10:14",0.0,0.0,48.10,49,0,1,219.8,50.0,175,35,3,0.0,0
BatteryMode,"2025-02-04 
03:20:11",0.0,0.0,48.00,48,0,1,219.3,50.0,176,24,3,0.0,0
BatteryMode,"2025-02-04 
03:39:22",0.0,0.0,48.00,48,0,1,219.9,50.0,175,12,3,0.0,0
BatteryMode,"2025-02-04 
03:51:39",0.0,0.0,47.90,47,0,1,219.8,50.0,197,17,3,0.0,0
BatteryMode,"2025-02-04 
04:02:55",0.0,0.0,47.90,47,0,0,220.5,50.0,197,26,3,0.0,0
BatteryMode,"2025-02-04 
04:20:12",0.0,0.0,47.90,47,0,1,220.1,50.0,198,13,3,0.0,0
BatteryMode,"2025-02-04 
04:33:06",0.0,0.0,47.90,47,0,1,219.7,50.0,197,18,3,0.0,0
BatteryMode,"2025-02-04 
04:40:33",0.0,0.0,47.80,46,0,1,219.9,50.0,198,34,3,0.0,0
BatteryMode,"2025-02-04 
04:53:57",0.0,0.0,47.80,46,0,0,219.5,50.0,197,33,3,0.0,0
BatteryMode,"2025-02-04 
05:07:14",0.0,0.0,47.90,47,0,1,220.1,50.0,176,35,3,0.0,0
BatteryMode,"2025-02-04 
05:24:12",0.0,0.0,47.80,46,0,1,219.8,50.0,175,30,3,0.0,0
BatteryMode,"2025-02-04 
05:35:39",0.0,0.0,47.80,46,0,1,219.2,50.0,176,42,3,0.0,0
BatteryMode,"2025-02-04 
05:47:22",0.0,0.0,47.70,45,0,1,219.4,50.0,197,50,3,0.0,0
BatteryMode,"2025-02-04 
05:59:51",0.0,0.0,47.20,40,0,3,220.1,50.0,264,116,5,62.9,0
BatteryMode,"2025-02-04 
06:07:13",0.0,0.0,47.30,41,0,3,219.1,50.0,241,101,4,152.1,0
BatteryMode,"2025-02-04 
06:24:21",0.0,0.0,47.00,38,0,4,219.2,50.0,284,140,5,123.4,0
BatteryMode,"2025-02-04 
06:26:32",0.0,0.0,47.00,38,0,3,219.9,50.0,263,132,5,129.6,0
BatteryMode,"2025-02-04 
06:27:10",0.0,0.0,47.00,38,0,3,220.3,50.0,286,144,5,126.6,0
BatteryMode,"2025-02-04 
06:46:54",0.0,0.0,47.10,39,0,3,220.3,50.0,220,115,4,120.1,0
BatteryMode,"2025-02-04 
06:56:41",0.0,0.0,47.20,40,0,3,220.3,50.0,242,107,4,120.1,0
BatteryMode,"2025-02-04 
07:04:20",0.0,0.0,47.40,42,0,3,220.4,50.0,242,100,4,119.9,0
BatteryMode,"2025-02-04 
07:14:21",0.0,0.0,48.70,55,0,0,220.8,50.0,199,69,3,126.1,31
BatteryMode,"2025-02-04 
07:26:44",0.0,0.0,50.50,73,0,0,220.0,50.0,176,38,3,155.0,186
BatteryMode,"2025-02-04 
07:37:52",0.0,0.0,51.50,83,1,0,221.0,50.0,176,29,3,179.6,280
BatteryMode,"2025-02-04 
07:53:21",0.0,0.0,52.10,89,2,0,220.1,50.0,197,19,3,180.6,408
BatteryMode,"2025-02-04 
08:11:09",0.0,0.0,53.10,99,6,0,219.9,49.9,197,25,3,286.1,614
BatteryMode,"2025-02-04 
08:18:59",0.0,0.0,53.70,100,9,0,219.6,50.0,218,54,4,285.1,741
BatteryMode,"2025-02-04 
08:37:44",0.0,0.0,52.10,89,2,0,219.7,49.9,790,688,15,291.6,997
BatteryMode,"2025-02-04 
08:50:03",0.0,0.0,52.80,96,3,0,219.1,49.9,766,698,15,288.3,984
BatteryMode,"2025-02-04 
08:57:45",0.0,0.0,53.10,99,4,0,220.4,50.0,749,659,14,284.7,1140
BatteryMode,"2025-02-04 
09:17:34",0.0,0.0,53.00,98,4,0,219.3,50.0,899,811,17,289.2,1337
BatteryMode,"2025-02-04 
09:23:15",0.0,0.0,53.60,100,6,0,219.5,50.0,900,847,18,290.8,1418
BatteryMode,"2025-02-04 
09:37:14",0.0,0.0,54.40,100,7,0,219.7,50.0,900,850,18,286.6,1489
BatteryMode,"2025-02-04 
09:52:42",0.0,0.0,53.30,100,4,0,220.8,50.0,1148,1092,22,280.0,1495
BatteryMode,"2025-02-04 
10:07:38",0.0,0.0,56.60,100,14,0,219.0,50.0,636,495,12,273.3,1544
BatteryMode,"2025-02-04 
10:13:09",0.0,0.0,54.90,100,8,0,220.1,50.0,946,878,18,258.8,1601
BatteryMode,"2025-02-04 
10:31:22",0.0,0.0,55.90,100,9,0,219.6,50.0,660,639,13,182.7,1448
BatteryMode,"2025-02-04 
10:46:54",0.0,0.0,55.80,100,8,0,218.8,50.0,789,789,15,180.2,1499
BatteryMode,"2025-02-04 
10:56:34",0.0,0.0,55.80,100,7,0,219.3,50.0,833,824,16,178.4,1538
BatteryMode,"2025-02-04 
11:09:49",0.0,0.0,54.00,100,3,0,219.5,50.0,1207,1119,24,182.4,1513
BatteryMode,"2025-02-04 
11:25:45",0.0,0.0,54.20,100,3,0,220.8,50.0,1085,1000,21,181.7,1428
BatteryMode,"2025-02-04 
11:33:29",0.0,0.0,56.10,100,6,0,220.0,50.0,770,672,15,184.5,1389
BatteryMode,"2025-02-04 
11:47:59",0.0,0.0,48.10,49,0,22,220.4,50.0,2338,2319,46,363.1,974
BatteryMode,"2025-02-04 
12:03:02",0.0,0.0,47.30,41,0,25,220.1,50.0,2308,2279,47,328.8,1314
BatteryMode,"2025-02-04 
12:06:08",0.0,0.0,56.00,100,14,0,220.5,50.0,418,345,8,353.1,1343
BatteryMode,"2025-02-04 
12:12:03",0.0,0.0,56.00,100,8,0,219.4,50.0,351,277,7,355.0,1257
BatteryMode,"2025-02-04 
12:23:39",0.0,0.0,56.00,100,5,0,219.3,50.0,373,300,7,363.0,660
BatteryMode,"2025-02-04 
12:27:18",0.0,0.0,56.10,100,5,0,220.3,50.0,858,751,17,350.6,1222
BatteryMode,"2025-02-04 
12:27:48",0.0,0.0,56.10,100,4,0,220.4,50.0,857,758,17,348.2,1340
BatteryMode,"2025-02-04 
12:28:18",0.0,0.0,56.10,100,4,0,221.1,49.9,905,806,18,347.2,1301
BatteryMode,"2025-02-04 
12:28:48",0.0,0.0,56.10,100,4,0,220.0,50.0,904,811,18,345.5,1362
BatteryMode,"2025-02-04 
12:29:19",0.0,0.0,56.10,100,4,0,219.8,50.0,990,876,19,343.9,1381
BatteryMode,"2025-02-04 
12:29:49",0.0,0.0,56.10,100,4,0,219.4,50.0,877,815,17,346.6,1299
BatteryMode,"2025-02-04 
12:30:19",0.0,0.0,55.90,100,4,0,219.5,50.0,943,861,18,181.5,1316
BatteryMode,"2025-02-04 
12:30:49",0.0,0.0,55.40,100,4,0,220.1,50.0,770,661,15,349.1,1169
BatteryMode,"2025-02-04 
12:31:19",0.0,0.0,56.10,100,4,0,221.0,50.0,790,681,15,350.4,1089
BatteryMode,"2025-02-04 
12:31:50",0.0,0.0,56.10,100,4,0,218.9,50.0,722,659,14,353.5,1077
BatteryMode,"2025-02-04 
12:32:20",0.0,0.0,56.00,100,5,0,222.2,49.9,731,563,14,352.9,1059
BatteryMode,"2025-02-04 
12:32:50",0.0,0.0,56.10,100,4,0,219.6,49.9,724,628,14,353.5,1050
BatteryMode,"2025-02-04 
12:33:20",0.0,0.0,56.00,100,4,0,220.8,50.0,706,570,14,353.8,1048
BatteryMode,"2025-02-04 
12:33:51",0.0,0.0,56.10,100,4,0,220.4,50.0,683,561,13,357.1,999
BatteryMode,"2025-02-04 
12:34:21",0.0,0.0,56.00,100,4,0,220.2,50.0,683,566,13,355.8,1013
BatteryMode,"2025-02-04 
12:34:51",0.0,0.0,56.00,100,4,0,220.4,50.0,683,559,13,357.2,976
BatteryMode,"2025-02-04 
12:35:21",0.0,0.0,56.10,100,4,0,220.1,50.0,682,555,13,357.2,985
BatteryMode,"2025-02-04 
12:35:52",0.0,0.0,56.10,100,4,0,219.8,50.0,680,549,13,355.5,1002
BatteryMode,"2025-02-04 
12:36:22",0.0,0.0,56.00,100,4,0,219.9,50.0,747,609,14,355.5,1064
BatteryMode,"2025-02-04 
12:36:52",0.0,0.0,56.00,100,4,0,221.1,50.0,704,502,14,358.6,913
BatteryMode,"2025-02-04 
12:37:22",0.0,0.0,56.10,100,4,0,220.2,49.9,662,521,13,352.9,940
BatteryMode,"2025-02-04 
12:37:52",0.0,0.0,56.10,100,4,0,219.5,50.0,610,451,12,357.8,870
BatteryMode,"2025-02-04 
12:38:23",0.0,0.0,56.00,100,4,0,220.1,50.0,638,492,12,357.5,902
BatteryMode,"2025-02-04 
12:38:53",0.0,0.0,56.00,100,4,0,219.6,50.0,658,518,13,359.4,897
BatteryMode,"2025-02-04 
12:39:23",0.0,0.0,56.10,100,4,0,219.4,50.0,724,539,14,358.5,915
BatteryMode,"2025-02-04 
12:39:53",0.0,0.0,56.00,100,4,0,219.1,50.0,964,784,19,357.2,1070
BatteryMode,"2025-02-04 
12:40:24",0.0,0.0,56.00,100,4,0,221.3,50.0,840,643,16,354.8,1133
BatteryMode,"2025-02-04 
12:40:54",0.0,0.0,56.10,100,4,0,221.4,50.0,902,704,18,354.3,1161
BatteryMode,"2025-02-04 
12:41:24",0.0,0.0,56.00,100,3,0,218.5,50.0,830,697,16,355.1,1045
BatteryMode,"2025-02-04 
12:41:54",0.0,0.0,56.00,100,4,0,219.1,50.0,876,701,17,354.5,1044
BatteryMode,"2025-02-04 
12:42:25",0.0,0.0,56.00,100,4,0,218.9,50.0,856,666,17,353.7,1066
BatteryMode,"2025-02-04 
12:42:55",0.0,0.0,56.10,100,4,0,218.3,50.0,807,625,16,354.3,1003
BatteryMode,"2025-02-04 
12:43:25",0.0,0.0,56.10,100,4,0,221.1,50.0,818,633,16,352.6,1024
BatteryMode,"2025-02-04 
12:43:55",0.0,0.0,56.10,100,4,0,218.7,49.9,810,640,16,356.2,1004
BatteryMode,"2025-02-04 
12:44:26",0.0,0.0,56.00,100,3,0,217.9,50.0,828,648,16,352.5,1027
BatteryMode,"2025-02-04 
12:44:56",0.0,0.0,56.00,100,4,0,219.8,49.9,818,592,16,355.6,1007
BatteryMode,"2025-02-04 
12:45:26",0.0,0.0,56.10,100,3,0,220.0,50.0,659,475,13,365.5,855
BatteryMode,"2025-02-04 
12:45:56",0.0,0.0,56.10,100,3,0,220.9,50.0,641,474,12,364.9,841
BatteryMode,"2025-02-04 
12:46:27",0.0,0.0,56.10,100,3,0,219.0,50.0,613,457,12,365.5,844
BatteryMode,"2025-02-04 
12:46:57",0.0,0.0,56.10,100,3,0,219.1,50.0,613,444,12,366.1,849
BatteryMode,"2025-02-04 
12:47:27",0.0,0.0,56.10,100,3,0,220.4,50.0,637,473,12,363.2,823
BatteryMode,"2025-02-04 
12:47:57",0.0,0.0,56.00,100,3,0,219.3,50.0,614,438,12,363.5,811
BatteryMode,"2025-02-04 
12:48:28",0.0,0.0,56.10,100,3,0,220.9,50.0,640,463,12,364.3,805
BatteryMode,"2025-02-04 
12:48:58",0.0,0.0,56.10,100,3,0,220.1,50.0,640,460,12,361.5,820
BatteryMode,"2025-02-04 
12:49:28",0.0,0.0,56.00,100,3,0,221.1,50.0,638,453,12,359.8,802
BatteryMode,"2025-02-04 
12:49:58",0.0,0.0,56.10,100,3,0,220.2,50.0,638,476,12,362.1,814
BatteryMode,"2025-02-04 
12:50:29",0.0,0.0,56.10,100,3,0,219.8,50.0,638,447,12,363.5,791
BatteryMode,"2025-02-04 
12:50:59",0.0,0.0,56.10,100,3,0,219.8,50.0,612,445,12,361.4,826
BatteryMode,"2025-02-04 
12:51:29",0.0,0.0,56.00,100,3,0,219.5,50.0,636,460,12,361.7,809
BatteryMode,"2025-02-04 
12:51:59",0.0,0.0,56.10,100,3,0,219.6,50.0,614,445,12,362.1,812
BatteryMode,"2025-02-04 
12:52:30",0.0,0.0,56.10,100,3,0,220.4,50.0,639,469,12,362.3,795
BatteryMode,"2025-02-04 
12:53:00",0.0,0.0,56.00,100,2,0,219.1,50.0,636,473,12,364.9,807
BatteryMode,"2025-02-04 
12:53:30",0.0,0.0,56.00,100,3,0,219.6,49.9,636,472,12,362.4,814
BatteryMode,"2025-02-04 
12:54:00",0.0,0.0,56.00,100,3,0,219.4,50.0,307,223,6,367.0,567
BatteryMode,"2025-02-04 
12:54:31",0.0,0.0,56.10,100,3,0,220.5,49.9,330,239,6,367.8,552
BatteryMode,"2025-02-04 
12:55:01",0.0,0.0,56.00,100,2,0,221.3,50.0,354,255,7,366.4,560
BatteryMode,"2025-02-04 
12:55:31",0.0,0.0,56.00,100,3,0,221.4,50.0,354,235,7,366.6,591
BatteryMode,"2025-02-04 
12:56:01",0.0,0.0,56.00,100,3,0,219.4,50.0,330,233,6,366.8,575
BatteryMode,"2025-02-04 
12:56:32",0.0,0.0,56.10,100,2,0,220.3,50.0,352,242,7,367.0,541
BatteryMode,"2025-02-04 
12:57:32",0.0,0.0,56.00,100,3,0,220.6,50.0,331,239,6,365.0,566
BatteryMode,"2025-02-04 
13:22:20",0.0,0.0,56.10,100,1,0,219.9,50.0,330,234,6,365.4,500
BatteryMode,"2025-02-04 
13:31:08",0.0,0.0,56.10,100,1,0,220.0,50.0,329,223,6,366.5,467
BatteryMode,"2025-02-04 
13:53:18",0.0,0.0,56.10,100,0,0,220.7,50.0,659,483,13,354.0,655
BatteryMode,"2025-02-04 
14:05:31",0.0,0.0,56.10,100,0,0,219.4,50.0,636,465,12,359.0,640
BatteryMode,"2025-02-04 
14:13:47",0.0,0.0,56.10,100,0,0,219.2,50.0,657,552,13,358.8,593
BatteryMode,"2025-02-04 
14:31:14",0.0,0.0,56.00,100,0,0,219.6,50.0,417,347,8,365.5,479
BatteryMode,"2025-02-04 
14:37:38",0.0,0.0,56.10,100,0,0,219.4,50.0,394,304,7,365.2,481
BatteryMode,"2025-02-04 
14:38:08",0.0,0.0,56.00,100,0,0,220.3,50.0,396,332,7,365.4,470
BatteryMode,"2025-02-04 
14:38:38",0.0,0.0,56.10,100,0,0,220.0,50.0,418,322,8,365.5,457
BatteryMode,"2025-02-04 
14:39:09",0.0,0.0,56.10,100,0,0,219.5,50.0,394,339,7,365.4,463
BatteryMode,"2025-02-04 
14:39:39",0.0,0.0,56.10,100,0,0,220.3,50.0,418,326,8,364.8,467
BatteryMode,"2025-02-04 
14:40:09",0.0,0.0,56.00,100,0,0,220.3,50.0,396,323,7,364.8,468
BatteryMode,"2025-02-04 
14:40:39",0.0,0.0,56.00,100,0,0,220.9,50.0,419,316,8,364.9,457
BatteryMode,"2025-02-04 
14:41:10",0.0,0.0,56.10,100,0,0,220.2,50.0,418,329,8,364.6,454
BatteryMode,"2025-02-04 
14:41:40",0.0,0.0,56.00,100,0,0,220.5,50.0,417,353,8,363.8,464
BatteryMode,"2025-02-04 
14:42:10",0.0,0.0,56.10,100,0,0,219.0,50.0,394,321,7,364.7,464
BatteryMode,"2025-02-04 
14:42:41",0.0,0.0,56.10,100,0,0,219.6,50.0,418,319,8,364.2,466
BatteryMode,"2025-02-04 
14:43:11",0.0,0.0,56.10,100,0,0,219.8,50.0,417,348,8,364.9,462
BatteryMode,"2025-02-04 
14:43:41",0.0,0.0,56.10,100,0,0,220.7,50.0,419,335,8,364.7,460
BatteryMode,"2025-02-04 
14:44:11",0.0,0.0,56.00,100,0,0,219.3,50.0,351,279,7,366.6,379
BatteryMode,"2025-02-04 
14:44:42",0.0,0.0,56.10,100,0,0,220.4,50.0,352,275,7,366.8,368
BatteryMode,"2025-02-04 
14:45:12",0.0,0.0,56.10,100,0,0,219.7,50.0,330,248,6,366.6,377
BatteryMode,"2025-02-04 
14:45:42",0.0,0.0,56.00,100,0,0,220.2,49.9,352,270,7,366.8,379
BatteryMode,"2025-02-04 
14:46:12",0.0,0.0,56.10,100,0,0,219.7,50.0,329,268,6,367.0,374
BatteryMode,"2025-02-04 
14:46:43",0.0,0.0,56.00,100,0,0,219.7,49.9,351,267,7,367.1,377
BatteryMode,"2025-02-04 
14:47:13",0.0,0.0,56.10,100,0,0,221.0,50.0,353,257,7,367.8,378
BatteryMode,"2025-02-04 
14:47:43",0.0,0.0,56.00,100,0,0,220.5,50.0,330,279,6,367.3,384
BatteryMode,"2025-02-04 
14:48:13",0.0,0.0,56.00,100,0,0,219.6,49.9,351,278,7,367.9,370
BatteryMode,"2025-02-04 
14:48:44",0.0,0.0,56.00,100,0,0,221.0,50.0,353,284,7,367.3,380
BatteryMode,"2025-02-04 
14:49:14",0.0,0.0,56.10,100,0,0,220.5,50.0,352,273,7,367.0,378
BatteryMode,"2025-02-04 
14:49:44",0.0,0.0,56.10,100,0,0,219.7,50.0,351,254,7,366.5,393
BatteryMode,"2025-02-04 
14:50:14",0.0,0.0,56.10,100,0,0,220.0,50.0,352,256,7,367.5,366
BatteryMode,"2025-02-04 
14:50:45",0.0,0.0,56.10,100,0,0,220.8,50.0,352,273,7,367.5,377
BatteryMode,"2025-02-04 
14:51:15",0.0,0.0,56.10,100,0,0,219.5,50.0,329,252,6,367.5,365
BatteryMode,"2025-02-04 
14:51:45",0.0,0.0,56.10,100,0,0,220.5,50.0,374,274,7,366.5,396
BatteryMode,"2025-02-04 
14:52:16",0.0,0.0,56.00,100,0,0,220.9,50.0,351,295,7,366.0,403
BatteryMode,"2025-02-04 
14:52:46",0.0,0.0,56.00,100,0,0,219.1,50.0,328,252,6,365.7,401
BatteryMode,"2025-02-04 
14:53:16",0.0,0.0,56.00,100,0,0,219.7,50.0,374,280,7,366.4,381
BatteryMode,"2025-02-04 
14:53:46",0.0,0.0,56.00,100,0,0,220.2,50.0,352,274,7,366.4,386
BatteryMode,"2025-02-04 
14:54:17",0.0,0.0,56.10,100,0,0,220.7,50.0,353,278,7,366.9,373
BatteryMode,"2025-02-04 
14:54:47",0.0,0.0,56.00,100,0,0,221.1,49.9,375,254,7,366.6,377
BatteryMode,"2025-02-04 
14:55:17",0.0,0.0,56.10,100,0,0,219.7,50.0,351,268,7,365.4,411
BatteryMode,"2025-02-04 
14:55:47",0.0,0.0,56.10,100,0,0,220.2,50.0,376,275,7,365.4,397
BatteryMode,"2025-02-04 
14:56:18",0.0,0.0,56.10,100,0,0,219.7,50.0,373,280,7,365.3,397
BatteryMode,"2025-02-04 
14:56:48",0.0,0.0,56.10,100,0,0,220.0,50.0,351,269,7,365.7,395
BatteryMode,"2025-02-04 
14:57:18",0.0,0.0,56.10,100,0,0,221.4,50.0,396,299,7,364.6,415
BatteryMode,"2025-02-04 
14:57:49",0.0,0.0,56.00,100,0,0,220.2,50.0,352,285,7,366.1,404
BatteryMode,"2025-02-04 
14:58:19",0.0,0.0,56.10,100,0,0,219.5,50.0,351,286,7,366.6,376
BatteryMode,"2025-02-04 
14:58:49",0.0,0.0,56.10,100,0,0,219.3,50.0,350,274,7,366.8,371
BatteryMode,"2025-02-04 
14:59:19",0.0,0.0,56.10,100,0,0,220.0,50.0,308,230,6,368.7,316
BatteryMode,"2025-02-04 
14:59:50",0.0,0.0,56.10,100,0,0,219.8,50.0,307,242,6,369.5,302
BatteryMode,"2025-02-04 
15:00:20",0.0,0.0,56.10,100,0,0,220.4,50.0,308,221,6,369.4,310
BatteryMode,"2025-02-04 
15:00:50",0.0,0.0,56.00,100,0,0,220.6,50.0,307,237,6,368.3,315
BatteryMode,"2025-02-04 
15:01:20",0.0,0.0,56.00,100,0,0,220.1,50.0,308,228,6,369.7,303
BatteryMode,"2025-02-04 
15:01:51",0.0,0.0,56.10,100,0,0,219.5,50.0,307,209,6,369.7,300
BatteryMode,"2025-02-04 
15:02:21",0.0,0.0,56.10,100,0,0,220.0,50.0,307,212,6,369.5,290
BatteryMode,"2025-02-04 
15:02:51",0.0,0.0,56.10,100,0,0,220.1,50.0,308,215,6,369.3,302
BatteryMode,"2025-02-04 
15:03:22",0.0,0.0,56.10,100,0,0,220.5,50.0,286,184,5,369.0,296
BatteryMode,"2025-02-04 
15:03:52",0.0,0.0,56.10,100,0,0,218.6,50.0,306,198,6,369.1,292
BatteryMode,"2025-02-04 
15:04:22",0.0,0.0,56.10,100,0,0,219.5,49.9,329,272,6,366.5,365
BatteryMode,"2025-02-04 
15:04:52",0.0,0.0,56.10,100,0,0,219.4,50.0,352,259,7,366.4,360
BatteryMode,"2025-02-04 
15:05:23",0.0,0.0,56.00,100,0,0,219.8,49.9,351,233,7,366.7,353
BatteryMode,"2025-02-04 
15:05:53",0.0,0.0,56.10,100,0,0,220.7,50.0,330,254,6,366.6,348
BatteryMode,"2025-02-04 
15:06:23",0.0,0.0,56.00,100,0,0,219.4,50.0,329,250,6,365.7,377
BatteryMode,"2025-02-04 
15:06:53",0.0,0.0,56.00,100,0,0,220.5,50.0,352,233,7,365.5,366
BatteryMode,"2025-02-04 
15:07:24",0.0,0.0,56.10,100,0,0,220.0,50.0,374,273,7,364.4,372
BatteryMode,"2025-02-04 
15:17:33",0.0,0.0,54.90,100,0,1,219.9,50.0,659,517,13,340.4,536
BatteryMode,"2025-02-04 
15:18:03",0.0,0.0,52.70,95,0,2,219.3,50.0,659,514,13,340.4,467
BatteryMode,"2025-02-04 
15:18:34",0.0,0.0,52.60,94,0,2,219.8,50.0,659,518,13,338.4,461
BatteryMode,"2025-02-04 
15:19:04",0.0,0.0,52.50,93,0,2,219.8,49.9,659,529,13,345.8,444
BatteryMode,"2025-02-04 
15:19:34",0.0,0.0,52.30,91,0,2,219.3,50.0,659,519,13,343.0,447
BatteryMode,"2025-02-04 
15:20:04",0.0,0.0,52.20,90,0,2,220.0,49.9,682,541,13,337.7,431
BatteryMode,"2025-02-04 
15:20:35",0.0,0.0,51.90,87,0,2,219.7,50.0,638,483,12,325.0,436
BatteryMode,"2025-02-04 
15:21:05",0.0,0.0,51.70,85,0,2,220.8,50.0,639,508,12,319.5,440
BatteryMode,"2025-02-04 
15:21:35",0.0,0.0,51.50,83,0,3,219.3,50.0,657,522,13,320.0,425
BatteryMode,"2025-02-04 
15:22:06",0.0,0.0,51.40,82,0,3,220.7,50.0,663,543,13,314.2,427
BatteryMode,"2025-02-04 
15:22:36",0.0,0.0,51.30,81,0,3,220.3,50.0,633,483,12,319.8,425
BatteryMode,"2025-02-04 
15:23:06",0.0,0.0,51.20,79,0,2,220.3,50.0,661,505,13,315.7,409
BatteryMode,"2025-02-04 
15:23:36",0.0,0.0,51.00,78,0,3,219.8,50.0,637,496,12,318.9,403
BatteryMode,"2025-02-04 
15:24:07",0.0,0.0,50.90,77,0,3,221.1,50.0,663,535,13,317.1,400
BatteryMode,"2025-02-04 
15:24:37",0.0,0.0,50.80,76,0,3,220.2,50.0,638,495,12,318.7,400
BatteryMode,"2025-02-04 
15:25:07",0.0,0.0,50.80,76,0,3,219.6,50.0,636,516,12,316.0,408
BatteryMode,"2025-02-04 
15:25:38",0.0,0.0,50.70,75,0,4,219.7,50.0,656,520,13,317.5,405
BatteryMode,"2025-02-04 
15:26:08",0.0,0.0,50.70,75,0,3,219.9,50.0,637,511,12,322.4,398
BatteryMode,"2025-02-04 
15:26:38",0.0,0.0,50.60,74,0,4,220.2,50.0,638,537,12,318.3,399
BatteryMode,"2025-02-04 
15:27:08",0.0,0.0,50.60,74,0,3,220.3,50.0,639,473,12,322.1,393
BatteryMode,"2025-02-04 
15:27:39",0.0,0.0,50.60,74,0,3,218.6,50.0,633,509,12,319.2,391
BatteryMode,"2025-02-04 
15:28:09",0.0,0.0,50.50,73,0,3,219.5,50.0,636,508,12,321.4,385
BatteryMode,"2025-02-04 
15:28:39",0.0,0.0,50.40,72,0,4,220.2,50.0,638,514,12,316.2,381
BatteryMode,"2025-02-04 
15:29:09",0.0,0.0,50.40,72,0,4,220.7,50.0,662,544,13,312.9,381
BatteryMode,"2025-02-04 
15:29:40",0.0,0.0,50.40,72,0,4,219.0,50.0,640,507,12,318.7,384
BatteryMode,"2025-02-04 
15:30:10",0.0,0.0,50.30,71,0,4,219.7,49.9,659,517,13,316.7,379
BatteryMode,"2025-02-04 
15:30:40",0.0,0.0,50.30,71,0,4,220.1,50.0,660,531,13,316.7,373
BatteryMode,"2025-02-04 
15:31:11",0.0,0.0,50.20,70,0,4,220.1,50.0,640,529,12,321.7,366
BatteryMode,"2025-02-04 
15:31:41",0.0,0.0,50.20,70,0,3,221.5,49.9,686,555,13,323.0,364
BatteryMode,"2025-02-04 
15:32:11",0.0,0.0,50.20,70,0,5,219.8,50.0,640,513,12,323.5,348
BatteryMode,"2025-02-04 
15:32:41",0.0,0.0,50.10,69,0,4,219.3,50.0,636,509,12,321.8,356
BatteryMode,"2025-02-04 
15:33:12",0.0,0.0,50.10,69,0,4,220.5,50.0,639,520,12,314.6,346
BatteryMode,"2025-02-04 
15:33:42",0.0,0.0,50.10,69,0,5,220.0,50.0,616,448,12,316.8,350
BatteryMode,"2025-02-04 
15:34:12",0.0,0.0,50.10,69,0,5,220.6,50.0,661,543,13,320.5,343
BatteryMode,"2025-02-04 
15:34:43",0.0,0.0,50.00,68,0,4,219.0,50.0,657,547,13,322.5,338
BatteryMode,"2025-02-04 
15:35:13",0.0,0.0,50.00,68,0,4,219.9,50.0,637,503,12,316.1,336
BatteryMode,"2025-02-04 
15:35:43",0.0,0.0,50.00,68,0,5,219.9,50.0,637,487,12,316.1,332
BatteryMode,"2025-02-04 
15:36:13",0.0,0.0,50.00,68,0,5,220.2,50.0,660,530,13,318.5,327
BatteryMode,"2025-02-04 
15:36:44",0.0,0.0,50.70,75,0,0,220.0,50.0,352,296,7,324.7,333
BatteryMode,"2025-02-04 
15:37:14",0.0,0.0,51.00,78,0,0,220.3,50.0,353,305,7,325.8,321
BatteryMode,"2025-02-04 
15:37:44",0.0,0.0,51.30,81,0,0,219.8,50.0,373,293,7,326.2,320
BatteryMode,"2025-02-04 
15:38:15",0.0,0.0,51.40,82,0,0,219.5,50.0,351,295,7,326.7,315
BatteryMode,"2025-02-04 
15:38:45",0.0,0.0,51.50,83,0,0,220.1,50.0,352,285,7,328.2,307
BatteryMode,"2025-02-04 
15:39:15",0.0,0.0,51.70,85,0,0,219.8,50.0,351,286,7,323.0,306
BatteryMode,"2025-02-04 
15:39:45",0.0,0.0,51.70,85,0,0,218.8,49.9,352,255,7,329.2,299
BatteryMode,"2025-02-04 
15:40:16",0.0,0.0,51.80,86,0,0,219.0,50.0,350,283,7,324.6,298
BatteryMode,"2025-02-04 
15:40:46",0.0,0.0,51.90,87,0,1,219.5,50.0,351,285,7,326.2,296
BatteryMode,"2025-02-04 
15:41:16",0.0,0.0,52.00,88,0,0,221.0,49.9,353,276,7,328.8,299
BatteryMode,"2025-02-04 
15:41:47",0.0,0.0,52.00,88,0,0,220.4,50.0,352,285,7,327.9,289
BatteryMode,"2025-02-04 
15:42:17",0.0,0.0,52.10,89,0,0,219.9,50.0,352,293,7,323.1,288
BatteryMode,"2025-02-04 
15:42:47",0.0,0.0,52.10,89,0,1,219.6,50.0,352,286,7,326.5,287
BatteryMode,"2025-02-04 
15:43:18",0.0,0.0,52.10,89,0,1,220.3,50.0,374,303,7,329.1,280
BatteryMode,"2025-02-04 
15:43:48",0.0,0.0,52.20,90,0,1,220.1,50.0,352,271,7,326.6,277
BatteryMode,"2025-02-04 
15:44:18",0.0,0.0,52.20,90,0,1,219.6,50.0,374,294,7,328.0,274
BatteryMode,"2025-02-04 
15:44:48",0.0,0.0,52.20,90,0,1,220.3,50.0,352,277,7,329.6,271
BatteryMode,"2025-02-04 
15:45:19",0.0,0.0,52.10,89,0,1,218.1,49.9,349,294,6,322.8,260
BatteryMode,"2025-02-04 
15:45:49",0.0,0.0,52.10,89,0,1,220.2,50.0,352,284,7,326.0,255
BatteryMode,"2025-02-04 
15:46:19",0.0,0.0,52.00,88,0,1,220.9,49.9,375,282,7,324.6,246
BatteryMode,"2025-02-04 
15:46:50",0.0,0.0,52.00,88,0,1,219.9,50.0,351,284,7,331.3,242
BatteryMode,"2025-02-04 
15:47:20",0.0,0.0,51.90,87,0,2,220.8,50.0,353,285,7,331.5,236
BatteryMode,"2025-02-04 
15:58:09",0.0,0.0,51.00,78,0,3,219.6,50.0,351,274,7,323.3,174
BatteryMode,"2025-02-04 
16:05:43",0.0,0.0,49.50,63,0,5,219.5,50.0,351,283,7,137.2,114
BatteryMode,"2025-02-04 
16:27:45",0.0,0.0,49.40,62,0,4,220.8,50.0,264,150,5,120.0,0
BatteryMode,"2025-02-04 
16:40:40",0.0,0.0,48.90,57,0,5,219.5,50.0,285,181,5,120.0,0
BatteryMode,"2025-02-04 
16:53:34",0.0,0.0,48.70,55,0,5,219.7,49.9,284,133,5,145.5,0
BatteryMode,"2025-02-04 
17:13:15",0.0,0.0,48.70,55,0,4,220.2,50.0,264,139,5,116.0,0
BatteryMode,"2025-02-04 
17:22:59",0.0,0.0,48.60,54,0,4,220.2,50.0,264,136,5,119.8,0
BatteryMode,"2025-02-04 
17:37:23",0.0,0.0,48.60,54,0,4,220.5,50.0,263,142,5,0.0,0
BatteryMode,"2025-02-04 
17:54:14",0.0,0.0,48.20,50,0,6,219.6,50.0,351,190,7,0.0,0
BatteryMode,"2025-02-04 
18:02:29",0.0,0.0,48.20,50,0,6,219.5,50.0,329,192,6,0.0,0
BatteryMode,"2025-02-04 
18:21:51",0.0,0.0,48.20,50,0,6,219.6,50.0,352,192,7,0.0,0
BatteryMode,"2025-02-04 
18:29:14",0.0,0.0,48.00,48,0,6,220.4,50.0,440,246,8,0.0,0
BatteryMode,"2025-02-04 
18:42:14",0.0,0.0,47.70,45,0,10,219.0,50.0,416,322,8,0.0,0
BatteryMode,"2025-02-04 
19:00:47",0.0,0.0,47.60,43,0,9,220.0,50.0,395,298,7,0.0,0
BatteryMode,"2025-02-04 
19:11:38",0.0,0.0,47.50,43,0,9,219.6,50.0,395,297,8,0.0,0
BatteryMode,"2025-02-04 
19:19:18",0.0,0.0,47.40,42,0,9,220.4,50.0,373,264,7,0.0,0
LineMode,"2025-02-04 
19:38:28",202.8,49.2,57.00,95,29,0,202.8,49.2,263,81,5,0.0,0
LineMode,"2025-02-04 
19:50:17",201.6,49.0,57.00,95,17,0,201.6,49.0,302,222,6,0.0,0
BatteryMode,"2025-02-04 
20:00:19",0.0,0.0,50.20,70,0,4,220.0,50.0,286,143,5,0.0,0
LineMode,"2025-02-04 
20:14:10",198.5,48.6,56.10,95,9,0,198.5,48.6,236,96,4,0.0,0
BatteryMode,"2025-02-04 
20:14:40",0.0,0.0,51.10,79,0,4,220.2,50.0,286,121,5,0.0,0
LineMode,"2025-02-04 
20:19:39",197.8,48.9,56.00,95,8,0,197.8,48.9,216,105,4,0.0,0
LineMode,"2025-02-04 
20:37:16",201.9,49.6,56.10,95,5,0,201.9,49.6,0,0,0,0.0,0
LineMode,"2025-02-04 
20:54:45",201.5,49.6,56.10,95,4,0,201.5,49.6,0,0,0,0.0,0
LineMode,"2025-02-04 
20:58:49",200.9,49.7,56.00,95,2,0,200.9,49.7,0,0,0,0.0,0
LineMode,"2025-02-04 
21:13:53",206.2,48.8,56.00,100,1,0,206.2,48.8,164,0,3,0.0,0
LineMode,"2025-02-04 
21:30:04",201.8,49.1,56.00,95,0,0,201.8,49.1,0,0,0,0.0,0
LineMode,"2025-02-04 
21:42:02",202.4,49.2,56.00,100,0,0,202.4,49.2,0,0,0,0.0,0
LineMode,"2025-02-04 
21:59:47",204.8,49.5,56.00,100,0,0,204.8,49.5,0,0,0,0.0,0
BatteryMode,"2025-02-04 
22:06:48",0.0,0.0,49.20,60,0,9,218.2,50.0,418,321,8,0.0,0
BatteryMode,"2025-02-04 
22:18:34",0.0,0.0,48.70,55,0,8,220.3,50.0,419,299,8,0.0,0
BatteryMode,"2025-02-04 
22:26:09",0.0,0.0,48.50,53,0,10,219.6,50.0,441,340,8,0.0,0
BatteryMode,"2025-02-04 
22:26:39",0.0,0.0,48.50,53,0,9,219.7,50.0,439,312,8,0.0,0
BatteryMode,"2025-02-04 
22:27:09",0.0,0.0,48.50,53,0,9,219.8,50.0,440,332,8,0.0,0
BatteryMode,"2025-02-04 
22:27:40",0.0,0.0,48.50,53,0,9,219.1,50.0,416,297,8,0.0,0
BatteryMode,"2025-02-04 
22:28:10",0.0,0.0,48.50,53,0,9,219.7,50.0,439,294,8,0.0,0
BatteryMode,"2025-02-04 
22:28:40",0.0,0.0,48.40,52,0,10,220.9,50.0,460,355,9,0.0,0
BatteryMode,"2025-02-04 
22:29:11",0.0,0.0,48.50,53,0,8,220.2,50.0,418,296,8,0.0,0
BatteryMode,"2025-02-04 
22:29:41",0.0,0.0,48.40,52,0,10,220.8,50.0,463,343,9,0.0,0
BatteryMode,"2025-02-04 
22:30:11",0.0,0.0,48.40,52,0,8,219.7,50.0,439,348,8,0.0,0
BatteryMode,"2025-02-04 
22:30:41",0.0,0.0,48.50,53,0,9,219.1,50.0,418,301,8,0.0,0
BatteryMode,"2025-02-04 
22:31:12",0.0,0.0,49.10,59,0,4,220.0,50.0,286,126,5,0.0,0
BatteryMode,"2025-02-04 
22:31:42",0.0,0.0,49.30,61,0,4,219.4,50.0,263,156,5,0.0,0
BatteryMode,"2025-02-04 
22:32:12",0.0,0.0,49.30,61,0,4,219.7,50.0,285,156,5,0.0,0
BatteryMode,"2025-02-04 
22:32:43",0.0,0.0,49.30,61,0,4,219.8,50.0,263,87,5,0.0,0
BatteryMode,"2025-02-04 
22:33:13",0.0,0.0,49.30,61,0,4,219.8,50.0,263,143,5,0.0,0
BatteryMode,"2025-02-04 
22:33:43",0.0,0.0,49.30,61,0,4,219.8,50.0,263,104,5,0.0,0
BatteryMode,"2025-02-04 
22:34:14",0.0,0.0,49.30,61,0,4,220.0,50.0,286,147,5,0.0,0
BatteryMode,"2025-02-04 
22:34:44",0.0,0.0,49.30,61,0,4,220.4,50.0,286,145,5,0.0,0
BatteryMode,"2025-02-04 
22:35:14",0.0,0.0,49.20,60,0,5,220.0,50.0,308,178,6,0.0,0
BatteryMode,"2025-02-04 
22:35:45",0.0,0.0,49.30,61,0,5,219.8,50.0,308,173,6,0.0,0
BatteryMode,"2025-02-04 
22:36:15",0.0,0.0,49.20,60,0,4,220.2,50.0,308,171,6,0.0,0
BatteryMode,"2025-02-04 
22:36:45",0.0,0.0,49.30,61,0,4,219.8,50.0,285,147,5,0.0,0
BatteryMode,"2025-02-04 
22:37:15",0.0,0.0,49.30,61,0,5,220.6,50.0,308,167,6,0.0,0
BatteryMode,"2025-02-04 
22:37:46",0.0,0.0,49.30,61,0,3,219.7,50.0,264,125,5,0.0,0
BatteryMode,"2025-02-04 
22:38:16",0.0,0.0,49.30,61,0,3,220.3,50.0,264,125,5,0.0,0
BatteryMode,"2025-02-04 
22:38:46",0.0,0.0,49.30,61,0,3,218.8,50.0,262,119,5,0.0,0
BatteryMode,"2025-02-04 
22:39:17",0.0,0.0,49.30,61,0,4,221.0,50.0,265,128,5,0.0,0
BatteryMode,"2025-02-04 
22:39:47",0.0,0.0,49.30,61,0,5,220.7,50.0,286,163,5,0.0,0
BatteryMode,"2025-02-04 
22:40:17",0.0,0.0,49.30,61,0,4,219.5,50.0,264,130,5,0.0,0
BatteryMode,"2025-02-04 
22:40:48",0.0,0.0,49.30,61,0,4,220.3,50.0,286,135,5,0.0,0
BatteryMode,"2025-02-04 
22:41:18",0.0,0.0,49.30,61,0,3,220.2,50.0,286,158,5,0.0,0
BatteryMode,"2025-02-04 
22:41:48",0.0,0.0,49.30,61,0,3,219.6,50.0,263,145,5,0.0,0
BatteryMode,"2025-02-04 
22:42:19",0.0,0.0,49.30,61,0,4,220.7,50.0,265,152,5,0.0,0
BatteryMode,"2025-02-04 
22:42:49",0.0,0.0,49.30,61,0,3,220.1,50.0,264,119,5,0.0,0
BatteryMode,"2025-02-04 
22:43:19",0.0,0.0,49.30,61,0,4,220.4,50.0,286,149,5,0.0,0
BatteryMode,"2025-02-04 
22:43:50",0.0,0.0,49.20,60,0,4,219.6,49.9,263,149,5,0.0,0
BatteryMode,"2025-02-04 
22:44:20",0.0,0.0,49.30,61,0,4,221.1,50.0,265,152,5,0.0,0
BatteryMode,"2025-02-04 
22:44:50",0.0,0.0,49.20,60,0,3,220.5,50.0,286,119,5,0.0,0
BatteryMode,"2025-02-04 
22:45:20",0.0,0.0,49.20,60,0,5,219.7,50.0,285,160,5,0.0,0
BatteryMode,"2025-02-04 
22:45:51",0.0,0.0,49.20,60,0,4,220.6,50.0,287,155,5,0.0,0
BatteryMode,"2025-02-04 
22:46:21",0.0,0.0,49.20,60,0,3,219.6,50.0,285,160,5,0.0,0
BatteryMode,"2025-02-04 
22:46:51",0.0,0.0,49.20,60,0,4,219.9,50.0,286,157,5,0.0,0
BatteryMode,"2025-02-04 
22:47:22",0.0,0.0,49.20,60,0,4,219.9,50.0,285,176,5,0.0,0
BatteryMode,"2025-02-04 
22:47:52",0.0,0.0,49.20,60,0,4,219.5,50.0,286,134,5,0.0,0
BatteryMode,"2025-02-04 
22:48:22",0.0,0.0,49.20,61,0,4,220.5,50.0,286,169,5,0.0,0
BatteryMode,"2025-02-04 
22:48:53",0.0,0.0,49.20,60,0,5,221.0,50.0,287,133,5,0.0,0
BatteryMode,"2025-02-04 
22:49:23",0.0,0.0,49.20,60,0,4,220.4,50.0,286,159,5,0.0,0
BatteryMode,"2025-02-04 
22:49:53",0.0,0.0,49.20,60,0,4,219.9,50.0,285,142,5,0.0,0
BatteryMode,"2025-02-04 
22:50:24",0.0,0.0,49.20,60,0,4,219.8,50.0,286,147,5,0.0,0
BatteryMode,"2025-02-04 
22:50:54",0.0,0.0,49.20,60,0,4,219.1,50.0,285,139,5,0.0,0
BatteryMode,"2025-02-04 
22:51:24",0.0,0.0,49.20,60,0,4,219.5,50.0,285,137,5,0.0,0
BatteryMode,"2025-02-04 
22:51:55",0.0,0.0,49.10,59,0,3,219.9,50.0,285,152,5,0.0,0
BatteryMode,"2025-02-04 
22:52:25",0.0,0.0,49.10,59,0,4,220.3,50.0,286,153,5,0.0,0
BatteryMode,"2025-02-04 
22:52:55",0.0,0.0,49.10,59,0,4,218.8,50.0,285,150,5,0.0,0
BatteryMode,"2025-02-04 
22:53:26",0.0,0.0,48.70,55,0,6,220.1,50.0,352,208,7,0.0,0
BatteryMode,"2025-02-04 
22:53:56",0.0,0.0,48.70,55,0,6,220.1,50.0,373,216,7,0.0,0
BatteryMode,"2025-02-04 
22:54:26",0.0,0.0,49.00,58,0,4,219.9,50.0,286,151,5,0.0,0
BatteryMode,"2025-02-04 
22:54:56",0.0,0.0,49.00,58,0,4,220.7,50.0,286,154,5,0.0,0
BatteryMode,"2025-02-04 
22:55:27",0.0,0.0,49.00,58,0,4,220.1,50.0,285,136,5,0.0,0
BatteryMode,"2025-02-04 
22:55:57",0.0,0.0,49.00,58,0,5,219.8,50.0,285,162,5,0.0,0
BatteryMode,"2025-02-04 
23:10:11",0.0,0.0,49.40,62,0,2,220.6,50.0,198,58,3,0.0,0
BatteryMode,"2025-02-04 
23:23:57",0.0,0.0,49.40,62,0,2,219.5,50.0,219,72,4,0.0,0
BatteryMode,"2025-02-04 
23:41:00",0.0,0.0,49.40,62,0,1,220.7,50.0,220,7,4,0.0,0
BatteryMode,"2025-02-04 
23:48:25",0.0,0.0,49.40,62,0,2,220.0,50.0,198,60,3,0.0,0
BatteryMode,"2025-02-04 
23:59:55",0.0,0.0,49.30,61,0,2,220.4,50.0,198,52,3,0.0,0
BatteryMode,"2025-02-05 
00:16:11",0.0,0.0,49.30,61,0,1,220.9,50.0,198,38,3,0.0,0
BatteryMode,"2025-02-05 
00:28:08",0.0,0.0,49.20,60,0,2,219.6,50.0,219,65,4,0.0,0
BatteryMode,"2025-02-05 
00:41:04",0.0,0.0,49.20,60,0,1,219.8,50.0,197,38,3,0.0,0
BatteryMode,"2025-02-05 
00:50:55",0.0,0.0,49.00,58,0,2,220.1,50.0,198,55,3,0.0,0
BatteryMode,"2025-02-05 
01:06:19",0.0,0.0,48.90,57,0,2,220.0,50.0,198,63,3,0.0,0
BatteryMode,"2025-02-05 
01:23:26",0.0,0.0,49.00,58,0,2,220.1,50.0,176,30,3,0.0,0
BatteryMode,"2025-02-05 
01:23:56",0.0,0.0,49.00,58,0,1,219.3,50.0,197,51,3,0.0,0
BatteryMode,"2025-02-05 
01:24:26",0.0,0.0,49.00,58,0,1,219.9,50.0,198,25,3,0.0,0
BatteryMode,"2025-02-05 
01:24:56",0.0,0.0,49.00,58,0,0,220.3,50.0,176,18,3,0.0,0
BatteryMode,"2025-02-05 
01:25:27",0.0,0.0,49.00,58,0,1,219.8,50.0,197,48,3,0.0,0
BatteryMode,"2025-02-05 
01:25:57",0.0,0.0,49.00,58,0,1,220.9,50.0,176,53,3,0.0,0
BatteryMode,"2025-02-05 
01:26:27",0.0,0.0,49.00,58,0,1,219.6,50.0,175,53,3,0.0,0
BatteryMode,"2025-02-05 
01:26:58",0.0,0.0,49.10,59,0,1,220.3,50.0,176,27,3,0.0,0
BatteryMode,"2025-02-05 
01:27:28",0.0,0.0,49.10,59,0,0,221.0,50.0,176,21,3,0.0,0
BatteryMode,"2025-02-05 
01:27:58",0.0,0.0,49.10,59,0,0,221.2,50.0,176,8,3,0.0,0
BatteryMode,"2025-02-05 
01:28:29",0.0,0.0,49.10,59,0,0,219.7,50.0,175,41,3,0.0,0
BatteryMode,"2025-02-05 
01:28:59",0.0,0.0,49.10,59,0,1,219.7,50.0,175,16,3,0.0,0
BatteryMode,"2025-02-05 
01:29:29",0.0,0.0,49.10,59,0,1,220.1,50.0,176,46,3,0.0,0
BatteryMode,"2025-02-05 
01:30:00",0.0,0.0,49.10,59,0,1,219.9,50.0,175,45,3,0.0,0
BatteryMode,"2025-02-05 
01:30:30",0.0,0.0,49.10,59,0,1,219.6,50.0,175,30,3,0.0,0
BatteryMode,"2025-02-05 
01:31:00",0.0,0.0,49.10,59,0,1,220.2,50.0,176,18,3,0.0,0
BatteryMode,"2025-02-05 
01:31:31",0.0,0.0,49.10,59,0,0,219.9,50.0,175,41,3,0.0,0
BatteryMode,"2025-02-05 
01:32:01",0.0,0.0,49.10,59,0,0,220.3,50.0,176,21,3,0.0,0
BatteryMode,"2025-02-05 
01:32:31",0.0,0.0,49.10,59,0,1,219.6,50.0,175,32,3,0.0,0
BatteryMode,"2025-02-05 
01:33:02",0.0,0.0,49.00,58,0,1,219.0,50.0,175,21,3,0.0,0
BatteryMode,"2025-02-05 
01:33:32",0.0,0.0,49.00,58,0,1,220.3,50.0,175,35,3,0.0,0
BatteryMode,"2025-02-05 
01:34:02",0.0,0.0,49.00,58,0,1,219.5,50.0,198,52,3,0.0,0
BatteryMode,"2025-02-05 
01:34:33",0.0,0.0,48.90,57,0,1,219.9,50.0,197,41,3,0.0,0
BatteryMode,"2025-02-05 
01:35:03",0.0,0.0,48.90,57,0,2,220.4,50.0,198,39,3,0.0,0
BatteryMode,"2025-02-05 
01:35:33",0.0,0.0,49.00,58,0,1,220.1,50.0,198,8,3,0.0,0
BatteryMode,"2025-02-05 
01:36:04",0.0,0.0,49.00,58,0,1,220.2,50.0,198,18,3,0.0,0
BatteryMode,"2025-02-05 
01:36:34",0.0,0.0,48.90,57,0,1,220.5,50.0,198,39,3,0.0,0
BatteryMode,"2025-02-05 
01:37:04",0.0,0.0,48.90,57,0,1,220.8,50.0,198,41,3,0.0,0
BatteryMode,"2025-02-05 
01:37:35",0.0,0.0,48.90,57,0,0,220.8,50.0,198,11,3,0.0,0
BatteryMode,"2025-02-05 
01:38:05",0.0,0.0,48.90,57,0,1,219.6,50.0,197,35,3,0.0,0
BatteryMode,"2025-02-05 
01:38:35",0.0,0.0,48.90,57,0,1,220.1,50.0,198,25,3,0.0,0
BatteryMode,"2025-02-05 
01:39:06",0.0,0.0,48.90,57,0,1,219.5,50.0,198,40,3,0.0,0
BatteryMode,"2025-02-05 
01:39:36",0.0,0.0,49.00,58,0,1,220.1,50.0,176,26,3,0.0,0
BatteryMode,"2025-02-05 
01:40:06",0.0,0.0,49.00,58,0,0,219.7,49.9,196,15,3,0.0,0
BatteryMode,"2025-02-05 
01:40:37",0.0,0.0,49.00,58,0,1,220.5,50.0,198,28,3,0.0,0
BatteryMode,"2025-02-05 
01:41:07",0.0,0.0,49.00,58,0,1,220.0,50.0,176,35,3,0.0,0
BatteryMode,"2025-02-05 
01:41:37",0.0,0.0,49.00,58,0,1,219.3,50.0,175,30,3,0.0,0
BatteryMode,"2025-02-05 
01:42:08",0.0,0.0,49.00,58,0,1,219.6,50.0,175,27,3,0.0,0
BatteryMode,"2025-02-05 
01:42:38",0.0,0.0,49.00,58,0,1,219.6,50.0,175,38,3,0.0,0
BatteryMode,"2025-02-05 
01:43:08",0.0,0.0,49.00,58,0,0,219.4,50.0,175,15,3,0.0,0
BatteryMode,"2025-02-05 
01:43:39",0.0,0.0,49.00,58,0,1,221.2,50.0,176,38,3,0.0,0
BatteryMode,"2025-02-05 
01:44:09",0.0,0.0,49.00,58,0,0,219.7,50.0,175,44,3,0.0,0
BatteryMode,"2025-02-05 
01:44:39",0.0,0.0,49.00,58,0,1,220.2,50.0,175,19,3,0.0,0
BatteryMode,"2025-02-05 
01:45:10",0.0,0.0,49.00,58,0,1,221.2,50.0,176,9,3,0.0,0
BatteryMode,"2025-02-05 
01:45:40",0.0,0.0,49.00,58,0,1,219.5,50.0,174,38,3,0.0,0
BatteryMode,"2025-02-05 
01:46:10",0.0,0.0,49.00,58,0,1,220.4,50.0,176,29,3,0.0,0
BatteryMode,"2025-02-05 
01:46:41",0.0,0.0,49.00,58,0,1,220.9,50.0,176,30,3,0.0,0
BatteryMode,"2025-02-05 
01:47:11",0.0,0.0,49.00,58,0,1,219.9,50.0,175,32,3,0.0,0
BatteryMode,"2025-02-05 
01:47:41",0.0,0.0,49.00,58,0,1,219.7,50.0,175,24,3,0.0,0
BatteryMode,"2025-02-05 
01:48:12",0.0,0.0,49.00,58,0,1,221.2,50.0,176,33,3,0.0,0
BatteryMode,"2025-02-05 
01:48:42",0.0,0.0,49.00,58,0,1,220.2,50.0,176,43,3,0.0,0
BatteryMode,"2025-02-05 
01:49:12",0.0,0.0,49.00,58,0,0,221.4,50.0,177,21,3,0.0,0
BatteryMode,"2025-02-05 
01:49:43",0.0,0.0,49.00,58,0,1,220.2,50.0,197,41,3,0.0,0
BatteryMode,"2025-02-05 
01:50:13",0.0,0.0,48.90,57,0,1,222.2,50.0,199,50,3,0.0,0
BatteryMode,"2025-02-05 
01:50:43",0.0,0.0,48.90,57,0,1,219.3,50.0,198,38,3,0.0,0
BatteryMode,"2025-02-05 
01:51:14",0.0,0.0,48.90,57,0,1,219.8,50.0,175,50,3,0.0,0
BatteryMode,"2025-02-05 
01:51:44",0.0,0.0,48.90,57,0,1,219.5,50.0,197,39,3,0.0,0
BatteryMode,"2025-02-05 
01:52:14",0.0,0.0,48.90,57,0,1,219.6,50.0,198,41,3,0.0,0
BatteryMode,"2025-02-05 
01:52:45",0.0,0.0,48.90,57,0,1,219.8,50.0,197,41,3,0.0,0
BatteryMode,"2025-02-05 
01:53:15",0.0,0.0,48.90,57,0,1,218.6,50.0,196,23,3,0.0,0
BatteryMode,"2025-02-05 
02:01:11",0.0,0.0,48.90,57,0,2,219.7,50.0,176,65,3,0.0,0
BatteryMode,"2025-02-05 
02:20:23",0.0,0.0,48.90,57,0,1,219.6,50.0,175,34,3,0.0,0
BatteryMode,"2025-02-05 
02:33:46",0.0,0.0,48.90,57,0,0,220.1,50.0,176,8,3,0.0,0
BatteryMode,"2025-02-05 
02:46:32",0.0,0.0,48.90,57,0,1,220.4,50.0,176,33,3,0.0,0
BatteryMode,"2025-02-05 
03:01:13",0.0,0.0,48.90,57,0,1,220.1,50.0,175,25,3,0.0,0
BatteryMode,"2025-02-05 
03:14:10",0.0,0.0,48.80,56,0,1,219.7,50.0,175,22,3,0.0,0
BatteryMode,"2025-02-05 
03:27:03",0.0,0.0,48.80,56,0,0,219.8,50.0,175,27,3,0.0,0
BatteryMode,"2025-02-05 
03:43:31",0.0,0.0,48.70,55,0,1,220.5,50.0,198,22,3,0.0,0
BatteryMode,"2025-02-05 
03:47:42",0.0,0.0,48.80,56,0,0,220.6,49.9,198,8,3,0.0,0
BatteryMode,"2025-02-05 
04:07:16",0.0,0.0,48.80,56,0,0,219.7,50.0,175,17,3,0.0,0
BatteryMode,"2025-02-05 
04:21:47",0.0,0.0,48.60,54,0,1,219.1,50.0,197,35,3,0.0,0
BatteryMode,"2025-02-05 
04:31:37",0.0,0.0,48.60,54,0,1,219.9,50.0,220,46,4,0.0,0
BatteryMode,"2025-02-05 
04:40:01",0.0,0.0,48.70,55,0,1,220.3,50.0,176,37,3,0.0,0
BatteryMode,"2025-02-05 
04:59:45",0.0,0.0,48.60,54,0,1,220.6,50.0,176,19,3,0.0,0
BatteryMode,"2025-02-05 
05:14:42",0.0,0.0,48.60,54,0,2,218.9,50.0,197,61,3,0.0,0
BatteryMode,"2025-02-05 
05:25:03",0.0,0.0,48.50,53,0,1,220.1,50.0,198,26,3,0.0,0
BatteryMode,"2025-02-05 
05:35:32",0.0,0.0,48.40,52,0,1,220.2,50.0,198,71,3,0.0,0
BatteryMode,"2025-02-05 
05:53:31",0.0,0.0,48.20,50,0,3,220.6,50.0,242,96,4,0.0,0
BatteryMode,"2025-02-05 
05:59:52",0.0,0.0,48.00,48,0,5,221.5,50.0,286,163,5,50.9,0
BatteryMode,"2025-02-05 
06:17:23",0.0,0.0,47.90,48,0,4,220.1,50.0,285,136,5,120.2,0
BatteryMode,"2025-02-05 
06:33:53",0.0,0.0,48.00,48,0,4,219.7,50.0,285,147,5,120.1,0
BatteryMode,"2025-02-05 
06:42:44",0.0,0.0,48.00,48,0,4,220.6,50.0,286,144,5,121.5,0
BatteryMode,"2025-02-05 
06:57:02",0.0,0.0,48.30,51,0,3,218.6,50.0,241,97,4,134.6,0
BatteryMode,"2025-02-05 
07:11:35",0.0,0.0,48.40,52,0,3,220.2,50.0,242,116,4,120.1,0
BatteryMode,"2025-02-05 
07:18:11",0.0,0.0,47.30,41,0,11,220.2,50.0,460,399,9,133.3,68
LineMode,"2025-02-05 
07:32:10",210.3,49.3,57.10,95,26,0,210.3,49.3,168,28,3,140.5,180
LineMode,"2025-02-05 
07:46:09",209.8,49.2,57.00,95,17,0,209.8,49.2,0,0,0,174.9,303
LineMode,"2025-02-05 
07:55:02",205.6,49.4,57.00,95,13,0,205.6,49.4,0,0,0,171.2,260
LineMode,"2025-02-05 
08:08:25",208.9,49.6,57.10,95,9,0,208.9,49.6,0,0,0,333.6,278
LineMode,"2025-02-05 
08:22:11",209.0,49.7,56.10,95,4,0,209.0,49.7,0,0,0,118.9,0
LineMode,"2025-02-05 
08:32:09",207.2,49.3,56.10,95,4,0,207.2,49.3,0,0,0,127.8,0
LineMode,"2025-02-05 
08:43:13",207.8,49.4,56.10,95,2,0,207.8,49.4,145,0,2,122.6,0
LineMode,"2025-02-05 
08:59:20",207.1,50.0,56.00,95,1,0,207.1,50.0,0,0,0,133.5,36
LineMode,"2025-02-05 
09:08:03",205.5,49.1,56.00,100,0,0,205.5,49.1,0,0,0,177.7,120
LineMode,"2025-02-05 
09:18:11",207.4,49.6,56.00,100,0,0,207.4,49.6,0,0,0,149.2,0
BatteryMode,"2025-02-05 
09:33:18",0.0,0.0,50.80,76,0,3,220.2,50.0,264,117,5,127.2,0
BatteryMode,"2025-02-05 
09:47:39",0.0,0.0,52.90,97,0,0,219.7,50.0,197,12,3,171.7,199
BatteryMode,"2025-02-05 
09:55:05",0.0,0.0,54.60,100,0,0,219.5,50.0,219,34,4,258.3,143
BatteryMode,"2025-02-05 
10:10:01",0.0,0.0,52.30,91,0,0,219.5,50.0,176,38,3,135.0,27
BatteryMode,"2025-02-05 
10:30:03",0.0,0.0,51.00,78,0,0,219.2,50.0,176,23,3,139.3,0
BatteryMode,"2025-02-05 
10:34:13",0.0,0.0,51.00,78,0,1,219.1,50.0,177,21,3,138.7,0
BatteryMode,"2025-02-05 
10:47:48",0.0,0.0,50.80,76,0,0,219.5,50.0,219,2,4,130.6,0
BatteryMode,"2025-02-05 
11:02:38",0.0,0.0,50.90,77,0,0,220.6,50.0,176,6,3,120.0,0
BatteryMode,"2025-02-05 
11:11:05",0.0,0.0,50.80,76,0,0,219.9,50.0,175,9,3,120.0,0
BatteryMode,"2025-02-05 
11:24:51",0.0,0.0,50.20,70,0,2,220.5,50.0,198,47,3,119.7,0
BatteryMode,"2025-02-05 
11:37:11",0.0,0.0,50.20,70,0,2,220.7,50.0,198,62,3,118.8,0
BatteryMode,"2025-02-05 
11:47:37",0.0,0.0,50.20,70,0,1,220.2,50.0,219,52,4,120.0,0
BatteryMode,"2025-02-05 
11:56:44",0.0,0.0,50.20,70,0,1,219.4,50.0,197,36,3,120.1,0
BatteryMode,"2025-02-05 
12:13:19",0.0,0.0,50.80,76,0,0,220.5,50.0,198,45,3,120.0,0
BatteryMode,"2025-02-05 
12:22:50",0.0,0.0,51.80,86,0,0,219.7,50.0,197,20,3,129.2,68
BatteryMode,"2025-02-05 
12:33:40",0.0,0.0,49.60,64,0,6,219.6,50.0,417,346,8,212.4,123
BatteryMode,"2025-02-05 
12:51:44",0.0,0.0,48.90,57,0,9,219.9,50.0,373,339,7,152.4,4
BatteryMode,"2025-02-05 
12:59:11",0.0,0.0,48.60,54,0,9,219.7,50.0,374,330,7,120.0,0
BatteryMode,"2025-02-05 
12:59:41",0.0,0.0,48.70,55,0,9,220.3,50.0,374,317,7,120.1,0
BatteryMode,"2025-02-05 
13:00:12",0.0,0.0,48.70,55,0,9,219.1,50.0,372,314,7,118.7,0
BatteryMode,"2025-02-05 
13:00:42",0.0,0.0,48.60,54,0,9,220.3,50.0,373,302,7,120.0,0
BatteryMode,"2025-02-05 
13:01:12",0.0,0.0,48.70,55,0,9,220.5,50.0,374,320,7,120.0,0
BatteryMode,"2025-02-05 
13:01:43",0.0,0.0,48.70,55,0,9,220.3,50.0,374,333,7,120.1,0
BatteryMode,"2025-02-05 
13:02:13",0.0,0.0,48.70,55,0,10,218.8,50.0,372,310,7,120.1,0
BatteryMode,"2025-02-05 
13:02:43",0.0,0.0,48.70,55,0,9,222.7,50.0,423,377,8,120.1,0
BatteryMode,"2025-02-05 
13:03:14",0.0,0.0,48.60,54,0,9,219.1,50.0,394,329,7,119.9,0
BatteryMode,"2025-02-05 
13:03:44",0.0,0.0,48.60,54,0,11,218.4,50.0,372,312,7,120.0,0
BatteryMode,"2025-02-05 
13:04:14",0.0,0.0,48.60,54,0,9,220.1,50.0,396,338,7,120.1,0
BatteryMode,"2025-02-05 
13:04:45",0.0,0.0,48.70,55,0,9,220.4,50.0,396,344,7,119.9,0
BatteryMode,"2025-02-05 
13:05:15",0.0,0.0,48.70,55,0,9,220.5,50.0,374,324,7,141.6,0
BatteryMode,"2025-02-05 
13:05:45",0.0,0.0,48.70,55,0,10,219.9,50.0,373,306,7,121.9,0
BatteryMode,"2025-02-05 
13:06:16",0.0,0.0,48.70,55,0,9,219.1,50.0,374,295,7,119.2,0
BatteryMode,"2025-02-05 
13:06:46",0.0,0.0,48.70,55,0,8,219.7,50.0,373,287,7,119.8,0
BatteryMode,"2025-02-05 
13:07:17",0.0,0.0,48.60,54,0,9,219.6,50.0,395,355,7,120.1,0
BatteryMode,"2025-02-05 
13:07:47",0.0,0.0,48.40,52,0,11,219.8,50.0,488,430,9,131.3,0
BatteryMode,"2025-02-05 
13:08:17",0.0,0.0,48.60,54,0,8,220.0,50.0,395,324,7,125.5,0
BatteryMode,"2025-02-05 
13:08:48",0.0,0.0,48.60,54,0,9,220.3,50.0,374,301,7,133.0,0
BatteryMode,"2025-02-05 
13:09:18",0.0,0.0,48.60,54,0,9,220.9,50.0,397,321,7,120.1,0
BatteryMode,"2025-02-05 
13:09:48",0.0,0.0,48.60,54,0,9,220.6,50.0,395,324,7,120.0,0
BatteryMode,"2025-02-05 
13:10:19",0.0,0.0,48.60,54,0,9,220.0,50.0,374,308,7,119.8,0
BatteryMode,"2025-02-05 
13:10:49",0.0,0.0,48.60,54,0,9,219.8,50.0,395,312,7,119.9,0
BatteryMode,"2025-02-05 
13:11:20",0.0,0.0,48.60,54,0,10,220.6,50.0,396,317,7,119.8,0
BatteryMode,"2025-02-05 
13:11:50",0.0,0.0,48.60,54,0,9,221.1,50.0,397,330,7,127.9,0
BatteryMode,"2025-02-05 
13:12:20",0.0,0.0,48.60,54,0,9,219.9,50.0,395,309,7,119.9,0
BatteryMode,"2025-02-05 
13:12:51",0.0,0.0,48.60,54,0,9,220.5,50.0,374,307,7,120.1,0
BatteryMode,"2025-02-05 
13:13:21",0.0,0.0,48.60,53,0,9,219.4,50.0,372,303,7,132.9,0
BatteryMode,"2025-02-05 
13:13:51",0.0,0.0,48.50,53,0,9,219.3,50.0,394,343,7,119.6,0
BatteryMode,"2025-02-05 
13:14:22",0.0,0.0,48.60,54,0,9,220.1,50.0,374,296,7,119.9,0
BatteryMode,"2025-02-05 
13:14:52",0.0,0.0,48.50,53,0,9,220.0,50.0,395,340,7,120.0,0
BatteryMode,"2025-02-05 
13:15:23",0.0,0.0,48.60,54,0,9,220.1,50.0,396,326,7,139.5,0
BatteryMode,"2025-02-05 
13:15:53",0.0,0.0,48.60,54,0,9,221.1,50.0,393,313,7,120.0,0
BatteryMode,"2025-02-05 
13:16:23",0.0,0.0,48.40,51,0,13,221.0,50.0,464,396,9,119.8,0
BatteryMode,"2025-02-05 
13:16:54",0.0,0.0,48.60,54,0,9,220.4,50.0,396,315,7,120.0,0
BatteryMode,"2025-02-05 
13:17:24",0.0,0.0,48.60,54,0,9,220.6,50.0,397,341,7,119.9,0
BatteryMode,"2025-02-05 
13:17:54",0.0,0.0,48.70,55,0,9,220.3,50.0,374,308,7,133.8,0
BatteryMode,"2025-02-05 
13:18:25",0.0,0.0,48.60,54,0,9,220.7,50.0,397,332,7,128.5,0
BatteryMode,"2025-02-05 
13:18:55",0.0,0.0,48.60,54,0,9,221.5,50.0,399,326,7,119.9,0
BatteryMode,"2025-02-05 
13:19:25",0.0,0.0,48.60,54,0,9,220.1,50.0,374,303,7,123.7,0
BatteryMode,"2025-02-05 
13:19:56",0.0,0.0,48.60,54,0,8,220.1,50.0,374,290,7,119.9,0
BatteryMode,"2025-02-05 
13:20:26",0.0,0.0,48.60,54,0,9,220.3,50.0,374,302,7,119.8,0
BatteryMode,"2025-02-05 
13:20:57",0.0,0.0,48.60,54,0,10,220.5,50.0,395,332,7,123.4,0
BatteryMode,"2025-02-05 
13:21:27",0.0,0.0,48.60,54,0,9,220.3,50.0,396,333,7,120.1,0
BatteryMode,"2025-02-05 
13:21:57",0.0,0.0,48.60,54,0,10,220.7,50.0,397,328,7,119.9,0
BatteryMode,"2025-02-05 
13:22:28",0.0,0.0,48.50,53,0,8,220.0,50.0,395,317,7,120.0,0
BatteryMode,"2025-02-05 
13:22:58",0.0,0.0,48.50,53,0,9,218.8,50.0,394,316,7,119.9,0
BatteryMode,"2025-02-05 
13:23:28",0.0,0.0,48.50,53,0,9,219.9,50.0,395,331,7,120.1,0
BatteryMode,"2025-02-05 
13:23:59",0.0,0.0,48.50,53,0,10,220.0,50.0,417,336,8,120.1,0
BatteryMode,"2025-02-05 
13:24:29",0.0,0.0,48.50,53,0,9,219.9,50.0,395,328,7,126.6,0
BatteryMode,"2025-02-05 
13:24:59",0.0,0.0,48.50,53,0,10,220.0,50.0,396,336,7,120.1,0
BatteryMode,"2025-02-05 
13:25:30",0.0,0.0,48.50,53,0,9,219.8,50.0,395,333,7,119.9,0
BatteryMode,"2025-02-05 
13:26:00",0.0,0.0,48.50,53,0,9,219.2,50.0,394,328,7,119.0,0
BatteryMode,"2025-02-05 
13:26:31",0.0,0.0,48.50,53,0,9,219.9,50.0,395,334,7,120.0,0
BatteryMode,"2025-02-05 
13:27:01",0.0,0.0,48.50,53,0,10,219.7,50.0,395,309,7,120.0,0
BatteryMode,"2025-02-05 
13:27:31",0.0,0.0,48.50,53,0,10,220.5,50.0,374,330,7,119.0,0
BatteryMode,"2025-02-05 
13:28:02",0.0,0.0,48.50,53,0,9,219.6,50.0,395,335,7,119.0,0
BatteryMode,"2025-02-05 
13:28:32",0.0,0.0,48.50,53,0,10,220.5,50.0,397,316,7,118.4,0
BatteryMode,"2025-02-05 
13:29:02",0.0,0.0,48.50,53,0,10,219.4,50.0,438,425,8,138.8,0
BatteryMode,"2025-02-05 
13:29:33",0.0,0.0,49.50,63,0,2,219.9,50.0,219,95,4,120.0,0
BatteryMode,"2025-02-05 
13:30:03",0.0,0.0,49.60,64,0,2,220.1,50.0,242,56,4,119.8,0
BatteryMode,"2025-02-05 
13:30:34",0.0,0.0,49.60,64,0,3,219.9,49.9,241,104,4,120.0,0
BatteryMode,"2025-02-05 
13:31:04",0.0,0.0,49.60,64,0,3,220.1,50.0,242,91,4,120.2,10
BatteryMode,"2025-02-05 
13:31:34",0.0,0.0,49.60,64,0,3,220.2,49.9,242,111,4,131.3,24
BatteryMode,"2025-02-05 
13:32:05",0.0,0.0,49.70,65,0,2,220.7,50.0,242,99,4,125.9,28
BatteryMode,"2025-02-05 
13:32:35",0.0,0.0,49.70,65,0,3,220.0,50.0,242,114,4,130.6,40
BatteryMode,"2025-02-05 
13:33:05",0.0,0.0,49.70,65,0,1,220.6,49.9,242,113,4,140.2,54
BatteryMode,"2025-02-05 
13:33:36",0.0,0.0,50.00,68,0,1,220.8,50.0,242,112,4,176.6,79
BatteryMode,"2025-02-05 
13:34:06",0.0,0.0,50.00,68,0,1,220.3,50.0,242,106,4,134.9,73
BatteryMode,"2025-02-05 
13:34:36",0.0,0.0,50.20,70,0,0,219.2,50.0,242,115,4,132.8,77
BatteryMode,"2025-02-05 
13:35:07",0.0,0.0,50.20,70,0,0,220.0,50.0,242,118,4,209.0,134
BatteryMode,"2025-02-05 
13:35:37",0.0,0.0,50.30,71,0,0,219.5,50.0,241,89,4,217.5,135
BatteryMode,"2025-02-05 
13:36:08",0.0,0.0,50.40,72,0,0,219.5,50.0,263,113,5,213.1,160
BatteryMode,"2025-02-05 
13:36:38",0.0,0.0,50.50,73,0,0,219.9,50.0,242,100,4,215.8,175
BatteryMode,"2025-02-05 
13:37:08",0.0,0.0,50.60,74,0,0,219.6,50.0,241,116,4,214.5,200
BatteryMode,"2025-02-05 
13:37:39",0.0,0.0,50.70,75,0,0,220.0,50.0,264,130,5,208.8,215
BatteryMode,"2025-02-05 
13:38:09",0.0,0.0,50.80,76,0,0,219.8,50.0,265,85,5,217.6,235
BatteryMode,"2025-02-05 
13:38:40",0.0,0.0,51.00,78,0,0,219.1,49.9,262,98,5,211.9,259
BatteryMode,"2025-02-05 
13:39:10",0.0,0.0,51.10,79,0,0,221.0,50.0,243,89,4,218.0,268
BatteryMode,"2025-02-05 
13:39:40",0.0,0.0,51.20,80,0,0,219.6,50.0,264,119,5,214.5,287
BatteryMode,"2025-02-05 
13:40:11",0.0,0.0,51.30,81,0,0,220.5,50.0,264,123,5,209.6,290
BatteryMode,"2025-02-05 
13:40:41",0.0,0.0,51.40,82,0,0,220.0,50.0,264,107,5,214.5,302
BatteryMode,"2025-02-05 
13:41:11",0.0,0.0,51.50,83,1,0,220.3,50.0,264,81,5,213.3,301
BatteryMode,"2025-02-05 
13:41:42",0.0,0.0,51.50,83,0,0,221.0,50.0,265,99,5,211.6,303
BatteryMode,"2025-02-05 
13:42:12",0.0,0.0,51.60,84,0,0,219.6,50.0,263,121,5,211.3,296
BatteryMode,"2025-02-05 
13:42:43",0.0,0.0,51.60,84,0,0,219.8,50.0,263,113,5,212.8,287
BatteryMode,"2025-02-05 
13:43:13",0.0,0.0,51.60,84,0,0,220.3,50.0,263,122,5,213.6,272
BatteryMode,"2025-02-05 
13:43:43",0.0,0.0,51.60,84,0,0,220.1,50.0,264,110,5,214.2,258
BatteryMode,"2025-02-05 
13:44:14",0.0,0.0,51.50,83,0,0,220.7,50.0,264,124,5,213.8,249
BatteryMode,"2025-02-05 
13:44:44",0.0,0.0,51.50,83,0,0,219.7,50.0,264,89,5,216.2,236
BatteryMode,"2025-02-05 
13:45:15",0.0,0.0,51.40,82,0,0,220.5,50.0,264,120,5,209.4,221
BatteryMode,"2025-02-05 
13:45:45",0.0,0.0,51.40,82,0,0,218.6,50.0,262,102,5,216.9,207
BatteryMode,"2025-02-05 
13:46:15",0.0,0.0,51.40,82,0,0,220.1,50.0,264,119,5,215.4,197
BatteryMode,"2025-02-05 
13:46:46",0.0,0.0,51.40,82,0,0,220.2,50.0,264,113,5,221.8,197
BatteryMode,"2025-02-05 
13:47:16",0.0,0.0,51.50,83,0,0,219.8,50.0,242,111,4,252.0,231
BatteryMode,"2025-02-05 
13:47:46",0.0,0.0,51.50,83,0,0,219.5,50.0,263,123,5,253.8,223
BatteryMode,"2025-02-05 
13:48:17",0.0,0.0,51.50,83,0,0,220.7,50.0,242,95,4,254.5,201
BatteryMode,"2025-02-05 
13:48:47",0.0,0.0,51.50,83,0,0,220.3,50.0,242,100,4,255.6,168
BatteryMode,"2025-02-05 
13:49:18",0.0,0.0,51.40,82,0,0,220.3,50.0,264,111,5,252.7,151
BatteryMode,"2025-02-05 
13:49:48",0.0,0.0,51.30,80,0,1,219.1,50.0,241,124,4,222.8,77
BatteryMode,"2025-02-05 
13:50:18",0.0,0.0,50.90,77,0,2,220.9,50.0,242,137,4,134.2,43
BatteryMode,"2025-02-05 
13:52:55",0.0,0.0,50.70,75,0,2,220.0,50.0,241,118,4,136.1,31
BatteryMode,"2025-02-05 
14:19:13",0.0,0.0,50.50,74,0,0,219.5,49.9,285,149,5,245.3,250
BatteryMode,"2025-02-05 
14:27:13",0.0,0.0,53.30,100,2,0,219.0,50.0,284,125,5,334.9,421
BatteryMode,"2025-02-05 
14:35:31",0.0,0.0,50.30,71,0,3,221.0,50.0,265,113,5,122.3,8
BatteryMode,"2025-02-05 
14:36:01",0.0,0.0,50.30,71,0,2,219.8,50.0,263,99,5,132.3,19
BatteryMode,"2025-02-05 
14:36:31",0.0,0.0,50.40,72,0,2,220.0,50.0,264,108,5,130.8,29
BatteryMode,"2025-02-05 
14:37:02",0.0,0.0,50.40,72,0,2,220.5,50.0,263,121,5,125.6,26
BatteryMode,"2025-02-05 
14:37:32",0.0,0.0,50.30,71,0,2,219.5,50.0,264,125,5,133.9,41
BatteryMode,"2025-02-05 
14:38:03",0.0,0.0,50.30,71,0,2,220.0,50.0,264,118,5,135.7,45
BatteryMode,"2025-02-05 
14:38:33",0.0,0.0,50.30,71,0,1,220.2,50.0,264,98,5,134.1,48
BatteryMode,"2025-02-05 
14:39:03",0.0,0.0,50.30,71,0,2,219.5,50.0,262,142,5,134.3,51
BatteryMode,"2025-02-05 
14:39:34",0.0,0.0,50.30,71,0,2,219.9,50.0,263,116,5,136.0,52
BatteryMode,"2025-02-05 
14:40:04",0.0,0.0,50.40,72,0,1,219.5,50.0,263,111,5,150.8,44
BatteryMode,"2025-02-05 
14:40:35",0.0,0.0,50.30,71,0,2,218.7,50.0,262,125,5,125.4,43
BatteryMode,"2025-02-05 
14:41:05",0.0,0.0,50.30,71,0,2,220.0,50.0,264,131,5,133.1,59
BatteryMode,"2025-02-05 
14:41:35",0.0,0.0,50.30,71,0,3,219.9,50.0,264,108,5,132.2,61
BatteryMode,"2025-02-05 
14:42:06",0.0,0.0,50.80,76,0,0,219.2,50.0,241,104,4,288.0,190
BatteryMode,"2025-02-05 
14:42:36",0.0,0.0,51.00,78,0,0,219.7,50.0,241,117,4,290.2,199
BatteryMode,"2025-02-05 
14:43:07",0.0,0.0,51.00,78,0,0,220.3,50.0,264,113,5,284.0,197
BatteryMode,"2025-02-05 
14:43:37",0.0,0.0,51.20,80,0,0,220.6,50.0,264,117,5,288.2,213
BatteryMode,"2025-02-05 
14:44:07",0.0,0.0,51.30,81,0,0,219.7,50.0,242,119,4,288.3,214
BatteryMode,"2025-02-05 
14:44:38",0.0,0.0,51.40,82,0,0,219.2,50.0,263,117,5,286.6,209
BatteryMode,"2025-02-05 
14:45:08",0.0,0.0,51.50,83,0,0,219.2,49.9,284,126,5,288.7,215
BatteryMode,"2025-02-05 
14:45:39",0.0,0.0,51.50,83,0,0,220.4,50.0,242,95,4,285.1,210
BatteryMode,"2025-02-05 
14:46:09",0.0,0.0,51.60,84,0,0,221.1,49.9,265,85,5,286.4,220
BatteryMode,"2025-02-05 
14:46:39",0.0,0.0,51.70,85,0,0,220.0,50.0,242,79,4,288.8,224
BatteryMode,"2025-02-05 
14:47:10",0.0,0.0,51.80,86,0,0,219.5,50.0,241,110,4,287.3,220
BatteryMode,"2025-02-05 
14:47:40",0.0,0.0,51.80,86,0,0,219.6,50.0,241,110,4,291.9,214
BatteryMode,"2025-02-05 
14:48:11",0.0,0.0,51.80,86,0,0,220.0,50.0,242,88,4,285.0,204
BatteryMode,"2025-02-05 
14:48:41",0.0,0.0,51.80,86,0,0,219.3,50.0,241,117,4,290.9,197
BatteryMode,"2025-02-05 
14:49:11",0.0,0.0,51.80,86,0,0,219.5,50.0,241,96,4,290.9,184
BatteryMode,"2025-02-05 
14:49:42",0.0,0.0,51.80,86,0,0,219.8,50.0,241,103,4,287.7,167
BatteryMode,"2025-02-05 
14:50:12",0.0,0.0,51.70,85,0,0,219.9,50.0,242,112,4,287.5,160
BatteryMode,"2025-02-05 
14:50:43",0.0,0.0,51.70,85,0,0,220.0,50.0,242,96,4,278.6,126
BatteryMode,"2025-02-05 
14:51:13",0.0,0.0,51.10,79,0,2,219.8,50.0,263,117,5,133.2,46
BatteryMode,"2025-02-05 
14:51:43",0.0,0.0,51.00,78,0,2,220.5,50.0,242,103,4,130.0,38
BatteryMode,"2025-02-05 
14:52:14",0.0,0.0,50.90,77,0,3,220.5,50.0,242,101,4,134.9,40
BatteryMode,"2025-02-05 
14:52:44",0.0,0.0,50.70,75,0,2,220.1,50.0,242,144,4,128.5,29
BatteryMode,"2025-02-05 
14:53:15",0.0,0.0,50.60,74,0,3,219.6,50.0,241,121,4,128.1,20
BatteryMode,"2025-02-05 
14:53:45",0.0,0.0,50.50,73,0,3,219.8,50.0,265,136,5,144.8,11
BatteryMode,"2025-02-05 
14:54:16",0.0,0.0,50.40,72,0,3,219.0,50.0,262,113,5,117.8,1
BatteryMode,"2025-02-05 
14:54:46",0.0,0.0,50.30,71,0,3,219.8,50.0,241,122,4,119.0,0
BatteryMode,"2025-02-05 
14:55:16",0.0,0.0,50.30,71,0,3,220.8,50.0,242,140,4,118.3,0
BatteryMode,"2025-02-05 
14:55:47",0.0,0.0,50.30,70,0,4,219.6,50.0,241,109,4,119.8,0
BatteryMode,"2025-02-05 
14:56:17",0.0,0.0,50.20,70,0,3,220.3,50.0,242,123,4,120.1,0
BatteryMode,"2025-02-05 
14:56:48",0.0,0.0,50.20,70,0,3,220.8,50.0,242,141,4,120.0,8
BatteryMode,"2025-02-05 
14:57:18",0.0,0.0,50.20,70,0,3,220.0,50.0,242,133,4,129.7,29
BatteryMode,"2025-02-05 
14:57:48",0.0,0.0,50.20,70,0,2,219.8,50.0,242,117,4,133.0,38
BatteryMode,"2025-02-05 
14:58:19",0.0,0.0,50.30,70,0,2,219.9,50.0,241,72,4,139.0,53
BatteryMode,"2025-02-05 
14:58:49",0.0,0.0,50.30,71,0,0,220.3,50.0,242,106,4,140.4,66
BatteryMode,"2025-02-05 
14:59:20",0.0,0.0,50.30,71,0,2,220.2,50.0,263,127,5,129.1,65
BatteryMode,"2025-02-05 
14:59:50",0.0,0.0,50.30,71,0,1,219.9,50.0,263,126,5,132.6,75
BatteryMode,"2025-02-05 
15:00:20",0.0,0.0,50.30,71,0,0,220.0,50.0,263,99,5,137.4,75
BatteryMode,"2025-02-05 
15:00:51",0.0,0.0,50.40,72,0,1,220.5,50.0,264,111,5,132.0,79
BatteryMode,"2025-02-05 
15:01:21",0.0,0.0,50.50,73,0,0,221.2,50.0,265,119,5,214.6,112
BatteryMode,"2025-02-05 
15:01:52",0.0,0.0,50.30,71,0,1,221.1,49.9,265,113,5,139.0,66
BatteryMode,"2025-02-05 
15:02:22",0.0,0.0,50.30,71,0,1,219.2,50.0,263,119,5,140.8,59
BatteryMode,"2025-02-05 
15:02:52",0.0,0.0,50.30,71,0,2,219.8,50.0,263,103,5,130.2,49
BatteryMode,"2025-02-05 
15:03:23",0.0,0.0,50.20,70,0,2,220.3,50.0,264,107,5,129.9,40
BatteryMode,"2025-02-05 
15:03:53",0.0,0.0,50.20,70,0,2,220.7,50.0,264,109,5,131.1,34
BatteryMode,"2025-02-05 
15:04:24",0.0,0.0,50.10,69,0,2,220.3,50.0,264,132,5,142.3,18
BatteryMode,"2025-02-05 
15:04:54",0.0,0.0,50.00,68,0,2,220.6,50.0,264,95,5,120.7,9
BatteryMode,"2025-02-05 
15:05:27",0.0,0.0,50.00,68,0,4,219.9,50.0,264,76,5,120.6,2
BatteryMode,"2025-02-05 
15:30:15",0.0,0.0,49.70,66,0,2,219.3,50.0,175,46,3,120.0,0
BatteryMode,"2025-02-05 
15:32:25",0.0,0.0,49.60,64,0,2,220.3,50.0,198,49,3,120.1,0
BatteryMode,"2025-02-05 
15:32:56",0.0,0.0,49.60,64,0,1,219.4,50.0,219,26,4,121.0,0
BatteryMode,"2025-02-05 
15:33:26",0.0,0.0,49.60,64,0,2,220.3,49.9,220,37,4,118.5,0
BatteryMode,"2025-02-05 
15:33:57",0.0,0.0,49.60,64,0,1,220.3,50.0,197,32,3,119.7,0
BatteryMode,"2025-02-05 
15:34:27",0.0,0.0,49.60,64,0,2,219.9,49.9,218,56,4,120.1,0
BatteryMode,"2025-02-05 
15:34:57",0.0,0.0,49.60,64,0,1,220.1,50.0,198,53,3,119.8,0
BatteryMode,"2025-02-05 
15:35:28",0.0,0.0,49.60,64,0,2,220.4,49.9,198,63,3,139.7,0
BatteryMode,"2025-02-05 
15:35:58",0.0,0.0,49.60,64,0,1,221.1,50.0,221,33,4,119.8,0
BatteryMode,"2025-02-05 
15:36:29",0.0,0.0,49.60,64,0,1,220.2,50.0,198,49,3,120.0,0
BatteryMode,"2025-02-05 
15:36:59",0.0,0.0,49.50,63,0,2,220.4,50.0,220,54,4,118.2,0
BatteryMode,"2025-02-05 
15:37:29",0.0,0.0,49.50,63,0,2,219.1,50.0,220,40,4,120.1,0
BatteryMode,"2025-02-05 
15:38:00",0.0,0.0,49.60,64,0,2,219.5,50.0,219,42,4,120.0,0
BatteryMode,"2025-02-05 
15:38:30",0.0,0.0,49.50,63,0,2,219.3,50.0,219,69,4,119.9,0
BatteryMode,"2025-02-05 
15:39:01",0.0,0.0,49.60,64,0,1,220.1,50.0,197,60,3,120.1,0
BatteryMode,"2025-02-05 
15:39:31",0.0,0.0,49.50,63,0,1,219.8,50.0,197,41,3,120.0,0
BatteryMode,"2025-02-05 
15:40:01",0.0,0.0,49.50,63,0,1,219.7,50.0,198,34,3,119.9,0
BatteryMode,"2025-02-05 
15:40:32",0.0,0.0,49.50,64,0,2,220.2,50.0,198,55,3,134.7,0
BatteryMode,"2025-02-05 
15:41:02",0.0,0.0,49.60,64,0,2,220.0,50.0,198,21,3,119.3,0
BatteryMode,"2025-02-05 
15:41:33",0.0,0.0,49.60,64,0,1,219.9,50.0,197,64,3,133.4,0
BatteryMode,"2025-02-05 
15:42:03",0.0,0.0,49.60,64,0,1,221.0,50.0,198,39,3,120.0,0
BatteryMode,"2025-02-05 
15:42:34",0.0,0.0,49.60,64,0,2,220.9,50.0,198,65,3,119.9,0
BatteryMode,"2025-02-05 
15:43:04",0.0,0.0,49.60,64,0,2,219.3,50.0,197,54,3,119.9,0
BatteryMode,"2025-02-05 
15:43:34",0.0,0.0,49.60,64,0,2,219.3,50.0,197,48,3,119.0,0
BatteryMode,"2025-02-05 
15:44:05",0.0,0.0,49.60,64,0,1,220.2,50.0,198,53,3,120.0,0
BatteryMode,"2025-02-05 
15:44:35",0.0,0.0,49.60,64,0,2,220.1,50.0,198,59,3,119.9,0
BatteryMode,"2025-02-05 
15:45:06",0.0,0.0,49.60,64,0,1,219.3,50.0,197,51,3,120.0,0
BatteryMode,"2025-02-05 
15:45:36",0.0,0.0,49.60,64,0,1,219.4,49.9,197,48,3,119.9,0
BatteryMode,"2025-02-05 
15:46:06",0.0,0.0,49.60,64,0,1,221.1,50.0,198,66,3,118.6,0
BatteryMode,"2025-02-05 
15:46:37",0.0,0.0,49.60,64,0,2,219.4,50.0,198,58,3,120.1,0
BatteryMode,"2025-02-05 
15:47:07",0.0,0.0,49.60,64,0,2,219.4,50.0,197,45,3,119.9,0
BatteryMode,"2025-02-05 
15:47:38",0.0,0.0,49.60,64,0,2,220.6,50.0,199,62,3,120.0,0
BatteryMode,"2025-02-05 
15:48:08",0.0,0.0,49.60,63,0,1,220.4,50.0,197,46,3,120.0,0
BatteryMode,"2025-02-05 
15:48:38",0.0,0.0,49.50,63,0,2,220.2,50.0,198,47,3,120.0,0
BatteryMode,"2025-02-05 
15:49:09",0.0,0.0,49.50,63,0,2,220.2,50.0,198,56,3,119.6,0
BatteryMode,"2025-02-05 
15:49:39",0.0,0.0,49.50,63,0,1,219.7,50.0,220,30,4,120.0,0
BatteryMode,"2025-02-05 
15:50:10",0.0,0.0,49.50,63,0,2,219.6,50.0,197,51,3,128.2,0
BatteryMode,"2025-02-05 
15:50:40",0.0,0.0,49.50,63,0,3,221.9,50.0,199,67,3,119.9,0
BatteryMode,"2025-02-05 
15:51:11",0.0,0.0,49.50,63,0,2,219.8,50.0,197,61,3,120.2,0
BatteryMode,"2025-02-05 
15:51:41",0.0,0.0,49.50,63,0,1,219.8,50.0,197,71,3,119.9,0
BatteryMode,"2025-02-05 
15:52:11",0.0,0.0,49.50,63,0,1,219.4,49.9,197,55,3,120.0,0
BatteryMode,"2025-02-05 
15:52:42",0.0,0.0,49.50,63,0,2,220.0,50.0,198,64,3,119.8,0
BatteryMode,"2025-02-05 
15:53:12",0.0,0.0,49.50,63,0,2,219.3,50.0,197,60,3,120.1,0
BatteryMode,"2025-02-05 
15:53:43",0.0,0.0,49.50,63,0,2,220.5,50.0,198,54,3,120.1,0
BatteryMode,"2025-02-05 
15:54:13",0.0,0.0,49.50,63,0,1,220.2,50.0,198,2,3,120.1,0
BatteryMode,"2025-02-05 
15:54:44",0.0,0.0,49.50,63,0,1,220.4,50.0,197,63,3,118.9,0
BatteryMode,"2025-02-05 
15:55:14",0.0,0.0,49.50,63,0,2,219.8,50.0,197,72,3,119.6,0
BatteryMode,"2025-02-05 
15:55:44",0.0,0.0,49.40,62,0,2,220.7,50.0,198,57,3,121.8,0
BatteryMode,"2025-02-05 
15:56:15",0.0,0.0,49.50,63,0,1,220.0,50.0,197,61,3,129.6,0
BatteryMode,"2025-02-05 
15:56:45",0.0,0.0,49.50,63,0,1,219.0,49.9,197,30,3,119.9,0
BatteryMode,"2025-02-05 
15:57:16",0.0,0.0,49.50,63,0,1,218.6,50.0,197,61,3,120.0,0
BatteryMode,"2025-02-05 
15:57:46",0.0,0.0,49.50,63,0,1,219.3,50.0,197,47,3,119.9,0
BatteryMode,"2025-02-05 
15:58:16",0.0,0.0,49.50,63,0,2,220.1,50.0,176,75,3,120.2,0
BatteryMode,"2025-02-05 
15:58:47",0.0,0.0,49.50,63,0,1,220.0,50.0,198,45,3,128.6,0
BatteryMode,"2025-02-05 
15:59:17",0.0,0.0,49.50,63,0,1,219.7,50.0,197,64,3,119.9,0
BatteryMode,"2025-02-05 
15:59:48",0.0,0.0,49.40,62,0,2,219.6,50.0,197,73,3,119.8,0
BatteryMode,"2025-02-05 
16:00:18",0.0,0.0,49.40,62,0,1,220.9,50.0,197,54,3,120.0,0
BatteryMode,"2025-02-05 
16:00:49",0.0,0.0,49.40,62,0,2,219.7,49.9,219,57,4,119.8,0
BatteryMode,"2025-02-05 
16:01:19",0.0,0.0,49.40,62,0,2,220.0,50.0,198,74,3,119.6,0
BatteryMode,"2025-02-05 
16:01:49",0.0,0.0,48.60,54,0,6,220.0,50.0,285,178,5,128.3,0
BatteryMode,"2025-02-05 
16:02:20",0.0,0.0,49.30,61,0,2,220.4,50.0,219,66,4,120.0,0
BatteryMode,"2025-02-05 
16:20:09",0.0,0.0,48.80,56,0,3,220.5,50.0,264,125,5,122.0,0
BatteryMode,"2025-02-05 
16:29:20",0.0,0.0,48.70,55,0,4,219.6,50.0,263,141,5,120.0,0
BatteryMode,"2025-02-05 
16:36:45",0.0,0.0,48.70,55,0,3,219.5,50.0,263,114,5,120.1,0
BatteryMode,"2025-02-05 
16:57:49",0.0,0.0,48.50,53,0,4,220.0,50.0,285,139,5,118.9,0
BatteryMode,"2025-02-05 
17:09:09",0.0,0.0,48.50,53,0,3,219.5,50.0,241,131,4,121.2,0
BatteryMode,"2025-02-05 
17:19:38",0.0,0.0,48.50,53,0,3,220.1,50.0,263,128,5,104.5,0
BatteryMode,"2025-02-05 
17:33:41",0.0,0.0,48.40,52,0,4,220.0,50.0,264,131,5,79.7,0
BatteryMode,"2025-02-05 
17:40:06",0.0,0.0,48.40,52,0,3,220.4,50.0,264,150,5,71.5,0
BatteryMode,"2025-02-05 
17:55:58",0.0,0.0,48.20,50,0,5,220.0,49.9,285,172,5,68.9,0
BatteryMode,"2025-02-05 
18:11:18",0.0,0.0,48.30,51,0,3,219.5,50.0,241,120,4,68.6,0
BatteryMode,"2025-02-05 
18:21:01",0.0,0.0,48.40,52,0,2,219.4,50.0,242,102,4,66.6,0
BatteryMode,"2025-02-05 
18:36:15",0.0,0.0,48.20,50,0,3,220.1,50.0,264,159,5,55.9,0
BatteryMode,"2025-02-05 
18:52:49",0.0,0.0,48.00,48,0,4,219.6,50.0,308,146,6,43.9,0
BatteryMode,"2025-02-05 
19:04:14",0.0,0.0,48.10,49,0,4,219.4,50.0,263,112,5,43.1,0
BatteryMode,"2025-02-05 
19:18:37",0.0,0.0,48.00,48,0,4,219.5,50.0,263,143,5,48.2,0
BatteryMode,"2025-02-05 
19:32:11",0.0,0.0,48.00,48,0,4,220.5,50.0,264,123,5,47.8,0
BatteryMode,"2025-02-05 
19:37:56",0.0,0.0,47.90,47,0,3,220.6,50.0,264,144,5,49.6,0
BatteryMode,"2025-02-05 
19:52:13",0.0,0.0,47.80,46,0,4,221.2,49.9,265,136,5,52.3,0
BatteryMode,"2025-02-05 
20:08:43",0.0,0.0,47.70,45,0,4,219.7,50.0,263,132,5,49.0,0
BatteryMode,"2025-02-05 
20:20:39",0.0,0.0,47.70,45,0,4,220.2,49.9,263,146,5,42.1,0
BatteryMode,"2025-02-05 
20:33:46",0.0,0.0,47.60,44,0,4,219.8,50.0,285,145,5,0.0,0
BatteryMode,"2025-02-05 
20:45:10",0.0,0.0,47.40,42,0,6,220.1,50.0,330,171,6,0.0,0
BatteryMode,"2025-02-05 
20:51:44",0.0,0.0,47.50,43,0,4,220.1,50.0,308,165,6,0.0,0
BatteryMode,"2025-02-05 
21:07:54",0.0,0.0,46.80,36,0,9,219.8,50.0,417,345,8,0.0,0
BatteryMode,"2025-02-05 
21:24:10",0.0,0.0,46.80,36,0,9,220.5,50.0,374,312,7,0.0,0
BatteryMode,"2025-02-05 
21:33:32",0.0,0.0,46.70,35,0,8,221.3,49.9,374,279,7,0.0,0
BatteryMode,"2025-02-05 
21:45:59",0.0,0.0,46.30,30,0,9,220.8,50.0,441,297,9,0.0,0
BatteryMode,"2025-02-05 
22:00:04",0.0,0.0,46.30,31,0,9,220.5,50.0,396,273,8,0.0,0
BatteryMode,"2025-02-05 
22:08:22",0.0,0.0,46.20,30,0,9,220.1,50.0,374,251,7,0.0,0
BatteryMode,"2025-02-05 
22:24:37",0.0,0.0,46.80,36,0,5,220.3,50.0,287,163,5,0.0,0
BatteryMode,"2025-02-05 
22:26:18",0.0,0.0,46.80,36,0,5,220.1,50.0,308,155,6,0.0,0
BatteryMode,"2025-02-05 
22:26:49",0.0,0.0,46.90,37,0,4,220.1,50.0,285,131,5,0.0,0
BatteryMode,"2025-02-05 
22:27:19",0.0,0.0,47.00,38,0,4,220.3,50.0,264,112,5,0.0,0
BatteryMode,"2025-02-05 
22:27:50",0.0,0.0,46.90,37,0,4,220.2,50.0,308,150,6,0.0,0
BatteryMode,"2025-02-05 
22:28:20",0.0,0.0,46.60,34,0,5,219.6,50.0,307,166,6,0.0,0
BatteryMode,"2025-02-05 
22:28:50",0.0,0.0,46.60,34,0,5,219.7,50.0,307,172,6,0.0,0
BatteryMode,"2025-02-05 
22:29:21",0.0,0.0,46.60,34,0,5,219.8,50.0,308,150,6,0.0,0
BatteryMode,"2025-02-05 
22:29:51",0.0,0.0,46.70,35,0,5,220.5,50.0,330,176,6,0.0,0
BatteryMode,"2025-02-05 
22:30:22",0.0,0.0,46.60,34,0,5,219.4,50.0,329,150,6,0.0,0
BatteryMode,"2025-02-05 
22:30:52",0.0,0.0,46.70,35,0,5,219.6,50.0,329,166,6,0.0,0
BatteryMode,"2025-02-05 
22:31:23",0.0,0.0,46.90,37,0,3,221.0,50.0,285,125,5,0.0,0
BatteryMode,"2025-02-05 
22:31:53",0.0,0.0,46.90,37,0,3,219.6,50.0,264,118,5,0.0,0
BatteryMode,"2025-02-05 
22:32:23",0.0,0.0,46.90,37,0,4,220.6,50.0,264,117,5,0.0,0
BatteryMode,"2025-02-05 
22:32:54",0.0,0.0,46.80,37,0,4,219.3,50.0,285,140,5,0.0,0
BatteryMode,"2025-02-05 
22:33:24",0.0,0.0,46.80,36,0,4,220.2,50.0,285,143,5,0.0,0
BatteryMode,"2025-02-05 
22:33:55",0.0,0.0,46.80,36,0,4,220.5,50.0,286,144,5,0.0,0
BatteryMode,"2025-02-05 
22:34:25",0.0,0.0,46.80,36,0,5,220.3,49.9,308,137,6,0.0,0
BatteryMode,"2025-02-05 
22:34:56",0.0,0.0,46.90,36,0,4,220.2,50.0,286,115,5,0.0,0
BatteryMode,"2025-02-05 
22:35:26",0.0,0.0,46.90,37,0,4,219.0,50.0,263,129,5,0.0,0
BatteryMode,"2025-02-05 
22:35:56",0.0,0.0,46.90,37,0,3,219.8,50.0,263,123,5,0.0,0
BatteryMode,"2025-02-05 
22:36:27",0.0,0.0,46.90,37,0,4,220.0,50.0,286,109,5,0.0,0
BatteryMode,"2025-02-05 
22:36:57",0.0,0.0,46.90,37,0,4,221.2,50.0,286,143,5,0.0,0
BatteryMode,"2025-02-05 
22:37:28",0.0,0.0,46.90,37,0,3,220.5,50.0,264,142,5,0.0,0
BatteryMode,"2025-02-05 
22:37:58",0.0,0.0,46.90,36,0,4,220.3,50.0,264,127,5,0.0,0
BatteryMode,"2025-02-05 
22:38:29",0.0,0.0,46.90,37,0,4,220.6,50.0,287,134,5,0.0,0
BatteryMode,"2025-02-05 
22:38:59",0.0,0.0,47.20,40,0,1,220.6,50.0,220,87,4,0.0,0
BatteryMode,"2025-02-05 
22:39:30",0.0,0.0,47.30,41,0,2,219.3,50.0,219,47,4,0.0,0
BatteryMode,"2025-02-05 
22:40:00",0.0,0.0,47.30,41,0,1,219.8,50.0,219,54,4,0.0,0
BatteryMode,"2025-02-05 
22:40:30",0.0,0.0,47.30,41,0,2,219.3,50.0,219,54,4,0.0,0
BatteryMode,"2025-02-05 
22:41:01",0.0,0.0,47.30,41,0,2,220.0,50.0,198,58,4,0.0,0
BatteryMode,"2025-02-05 
22:41:31",0.0,0.0,47.30,41,0,2,220.0,50.0,220,60,4,0.0,0
BatteryMode,"2025-02-05 
22:42:02",0.0,0.0,47.30,41,0,2,220.1,50.0,197,53,4,0.0,0
BatteryMode,"2025-02-05 
22:42:32",0.0,0.0,47.40,42,0,2,219.9,49.9,219,66,4,0.0,0
BatteryMode,"2025-02-05 
22:43:03",0.0,0.0,47.30,42,0,2,220.1,50.0,198,56,4,0.0,0
BatteryMode,"2025-02-05 
22:43:33",0.0,0.0,47.00,38,0,3,218.9,50.0,285,113,5,0.0,0
BatteryMode,"2025-02-05 
22:44:03",0.0,0.0,47.30,41,0,2,220.0,49.9,198,62,4,0.0,0
BatteryMode,"2025-02-05 
22:44:34",0.0,0.0,47.30,41,0,2,220.5,50.0,220,72,4,0.0,0
BatteryMode,"2025-02-05 
22:45:04",0.0,0.0,47.30,41,0,2,219.9,49.9,197,56,4,0.0,0
BatteryMode,"2025-02-05 
22:45:35",0.0,0.0,47.30,41,0,2,219.3,50.0,219,51,4,0.0,0
BatteryMode,"2025-02-05 
22:46:05",0.0,0.0,47.40,42,0,2,219.7,50.0,219,31,4,0.0,0
BatteryMode,"2025-02-05 
22:46:36",0.0,0.0,47.30,41,0,2,220.3,50.0,220,42,4,0.0,0
BatteryMode,"2025-02-05 
22:47:06",0.0,0.0,47.30,41,0,2,220.3,50.0,220,78,4,0.0,0
BatteryMode,"2025-02-05 
22:47:36",0.0,0.0,47.30,41,0,1,219.3,50.0,219,59,4,0.0,0
BatteryMode,"2025-02-05 
22:48:07",0.0,0.0,47.40,42,0,1,220.7,50.0,198,67,4,0.0,0
BatteryMode,"2025-02-05 
22:48:37",0.0,0.0,47.30,41,0,1,219.4,50.0,197,49,4,0.0,0
BatteryMode,"2025-02-05 
22:49:08",0.0,0.0,47.20,40,0,3,219.8,50.0,219,63,4,0.0,0
BatteryMode,"2025-02-05 
22:49:38",0.0,0.0,47.20,40,0,3,219.7,49.9,219,57,4,0.0,0
BatteryMode,"2025-02-05 
22:50:09",0.0,0.0,47.20,40,0,3,220.9,50.0,220,81,4,0.0,0
BatteryMode,"2025-02-05 
22:50:39",0.0,0.0,47.20,40,0,3,219.8,50.0,241,75,4,0.0,0
BatteryMode,"2025-02-05 
22:51:10",0.0,0.0,47.20,40,0,2,219.9,50.0,219,77,4,0.0,0
BatteryMode,"2025-02-05 
22:51:40",0.0,0.0,47.20,40,0,2,219.9,50.0,219,83,4,0.0,0
BatteryMode,"2025-02-05 
22:52:10",0.0,0.0,47.40,42,0,2,219.6,49.9,197,61,4,0.0,0
BatteryMode,"2025-02-05 
22:52:41",0.0,0.0,47.40,42,0,2,220.5,50.0,198,63,4,0.0,0
BatteryMode,"2025-02-05 
22:53:11",0.0,0.0,47.40,42,0,2,221.0,50.0,198,46,4,0.0,0
BatteryMode,"2025-02-05 
22:53:42",0.0,0.0,47.40,42,0,2,221.3,50.0,220,55,4,0.0,0
BatteryMode,"2025-02-05 
22:54:12",0.0,0.0,47.40,42,0,2,219.7,50.0,198,53,4,0.0,0
BatteryMode,"2025-02-05 
22:54:43",0.0,0.0,47.40,42,0,2,219.9,50.0,197,58,4,0.0,0
BatteryMode,"2025-02-05 
22:55:13",0.0,0.0,47.20,40,0,3,219.8,50.0,241,82,4,0.0,0
BatteryMode,"2025-02-05 
22:55:43",0.0,0.0,47.40,42,0,2,219.6,50.0,197,53,4,0.0,0
BatteryMode,"2025-02-05 
22:56:14",0.0,0.0,47.40,42,0,1,220.6,50.0,198,60,4,0.0,0
BatteryMode,"2025-02-05 
23:00:43",0.0,0.0,47.40,42,0,2,219.2,50.0,197,57,4,0.0,0
BatteryMode,"2025-02-05 
23:20:01",0.0,0.0,47.40,42,0,1,219.5,50.0,219,36,4,0.0,0
BatteryMode,"2025-02-05 
23:35:00",0.0,0.0,47.40,42,0,1,219.9,50.0,197,51,4,0.0,0
BatteryMode,"2025-02-05 
23:44:04",0.0,0.0,47.30,41,0,2,220.6,50.0,197,59,4,0.0,0
BatteryMode,"2025-02-05 
23:59:08",0.0,0.0,47.30,41,0,1,219.8,50.0,221,73,4,0.0,0
BatteryMode,"2025-02-06 
00:09:44",0.0,0.0,47.40,42,0,1,218.6,50.0,197,63,4,0.0,0
BatteryMode,"2025-02-06 
00:18:57",0.0,0.0,47.30,41,0,2,219.9,49.9,219,59,4,0.0,0
BatteryMode,"2025-02-06 
00:37:43",0.0,0.0,47.00,38,0,2,220.8,50.0,221,104,4,0.0,0
BatteryMode,"2025-02-06 
00:51:13",0.0,0.0,47.00,38,0,3,219.0,49.9,219,89,4,0.0,0
BatteryMode,"2025-02-06 
01:04:38",0.0,0.0,46.90,37,0,3,220.1,50.0,219,101,4,0.0,0
BatteryMode,"2025-02-06 
01:18:23",0.0,0.0,47.00,38,0,2,220.1,50.0,220,92,4,0.0,0
BatteryMode,"2025-02-06 
01:22:51",0.0,0.0,46.90,37,0,2,220.4,50.0,243,61,5,0.0,0
BatteryMode,"2025-02-06 
01:35:15",0.0,0.0,46.80,36,0,1,218.3,50.0,218,73,4,52.7,0
BatteryMode,"2025-02-06 
01:53:20",0.0,0.0,46.80,36,0,2,220.0,50.0,219,76,4,67.7,0
BatteryMode,"2025-02-06 
02:03:50",0.0,0.0,46.80,36,0,3,219.7,50.0,219,78,4,60.2,0
BatteryMode,"2025-02-06 
02:15:15",0.0,0.0,46.80,36,0,2,220.7,50.0,198,71,4,53.4,0
BatteryMode,"2025-02-06 
02:30:52",0.0,0.0,46.70,35,0,1,219.8,50.0,197,54,4,53.0,0
BatteryMode,"2025-02-06 
13:19:04",0.0,0.0,53.40,100,4,0,219.6,50.0,175,31,3,,
BatteryMode,"2025-02-06 
13:19:34",0.0,0.0,53.30,100,4,0,219.7,50.0,175,29,3,347.8,360
BatteryMode,"2025-02-06 
13:20:04",0.0,0.0,53.10,99,3,0,220.4,50.0,176,37,3,329.2,367
BatteryMode,"2025-02-06 
13:20:35",0.0,0.0,53.00,98,3,0,220.6,50.0,176,11,3,327.7,345
BatteryMode,"2025-02-06 
13:21:05",0.0,0.0,53.00,98,3,0,220.3,50.0,176,42,3,328.2,336
BatteryMode,"2025-02-06 
13:21:36",0.0,0.0,52.90,97,3,0,220.1,49.9,176,33,3,329.8,332
BatteryMode,"2025-02-06 
13:22:06",0.0,0.0,52.80,96,2,0,219.5,50.0,175,37,3,332.2,309
BatteryMode,"2025-02-06 
13:22:37",0.0,0.0,52.80,96,2,0,220.1,50.0,176,15,3,328.7,296
BatteryMode,"2025-02-06 
13:23:07",0.0,0.0,52.70,95,2,0,220.7,50.0,176,44,3,332.6,283
BatteryMode,"2025-02-06 
13:23:38",0.0,0.0,52.60,94,2,0,220.1,50.0,198,1,3,332.6,258
BatteryMode,"2025-02-06 
13:24:08",0.0,0.0,52.50,93,1,0,219.3,49.9,175,27,3,332.7,247
BatteryMode,"2025-02-06 
13:24:38",0.0,0.0,52.40,92,1,0,220.3,50.0,176,34,3,324.0,219
BatteryMode,"2025-02-06 
13:25:09",0.0,0.0,52.40,92,1,0,219.4,50.0,198,28,3,329.6,212
BatteryMode,"2025-02-06 
13:25:39",0.0,0.0,52.30,91,1,0,220.0,50.0,176,32,3,329.9,200
BatteryMode,"2025-02-06 
13:26:10",0.0,0.0,52.20,90,1,0,219.8,50.0,175,28,3,328.3,175
BatteryMode,"2025-02-06 
13:26:40",0.0,0.0,52.10,89,0,0,221.4,50.0,177,30,3,329.0,171
BatteryMode,"2025-02-06 
13:27:11",0.0,0.0,51.30,81,0,0,219.8,50.0,153,30,3,142.5,36
BatteryMode,"2025-02-06 
13:27:41",0.0,0.0,51.20,80,0,0,220.2,50.0,176,31,3,133.5,37
BatteryMode,"2025-02-06 
13:28:12",0.0,0.0,51.10,79,0,0,220.4,50.0,176,31,3,135.0,33
BatteryMode,"2025-02-06 
13:28:42",0.0,0.0,51.00,78,0,0,219.5,50.0,175,18,3,130.0,33
BatteryMode,"2025-02-06 
13:29:12",0.0,0.0,51.00,78,0,0,220.1,50.0,175,37,3,135.0,34
BatteryMode,"2025-02-06 
13:29:43",0.0,0.0,50.90,77,0,0,219.5,50.0,175,24,3,137.6,30
BatteryMode,"2025-02-06 
13:30:13",0.0,0.0,50.90,77,0,0,220.2,50.0,176,32,3,141.3,27
BatteryMode,"2025-02-06 
13:30:44",0.0,0.0,50.90,77,0,0,219.7,50.0,175,16,3,146.2,26
BatteryMode,"2025-02-06 
13:31:14",0.0,0.0,50.80,76,0,0,219.8,50.0,197,21,3,136.0,32
BatteryMode,"2025-02-06 
13:31:45",0.0,0.0,50.80,76,0,0,220.0,50.0,176,11,3,129.9,31
BatteryMode,"2025-02-06 
13:32:15",0.0,0.0,50.80,76,0,0,219.6,50.0,176,13,3,135.2,33
BatteryMode,"2025-02-06 
13:32:46",0.0,0.0,50.80,76,0,0,220.0,50.0,176,29,3,133.9,34
BatteryMode,"2025-02-06 
13:33:16",0.0,0.0,50.80,76,0,0,221.2,50.0,176,26,3,132.0,30
BatteryMode,"2025-02-06 
13:33:46",0.0,0.0,50.80,76,0,0,221.3,50.0,199,34,3,129.7,24
BatteryMode,"2025-02-06 
13:34:17",0.0,0.0,50.70,75,0,0,220.5,49.9,176,26,3,129.0,21
BatteryMode,"2025-02-06 
13:34:47",0.0,0.0,50.70,75,0,0,219.5,49.9,175,23,3,132.8,19
BatteryMode,"2025-02-06 
13:35:18",0.0,0.0,50.70,75,0,1,220.5,50.0,176,28,3,127.0,16
BatteryMode,"2025-02-06 
13:35:48",0.0,0.0,50.70,74,0,1,220.7,49.9,176,50,3,134.7,19
BatteryMode,"2025-02-06 
13:36:19",0.0,0.0,50.70,75,0,0,220.3,49.9,176,53,3,132.4,17
BatteryMode,"2025-02-06 
13:36:49",0.0,0.0,50.70,75,0,1,220.3,50.0,176,30,3,122.0,12
BatteryMode,"2025-02-06 
13:37:20",0.0,0.0,50.60,74,0,0,220.3,49.9,175,18,3,127.8,17
BatteryMode,"2025-02-06 
13:37:50",0.0,0.0,50.60,74,0,0,218.5,50.0,174,7,3,127.3,19
BatteryMode,"2025-02-06 
13:38:21",0.0,0.0,50.70,75,0,0,219.5,50.0,176,21,3,123.7,18
BatteryMode,"2025-02-06 
13:38:51",0.0,0.0,50.70,75,0,0,220.2,50.0,176,16,3,128.8,23
BatteryMode,"2025-02-06 
13:39:21",0.0,0.0,50.70,75,0,0,220.0,50.0,176,12,3,132.1,26
BatteryMode,"2025-02-06 
13:39:52",0.0,0.0,50.70,74,0,0,218.7,50.0,174,15,3,127.3,21
BatteryMode,"2025-02-06 
13:40:22",0.0,0.0,50.70,75,0,0,220.1,50.0,176,11,3,131.8,28
BatteryMode,"2025-02-06 
13:40:53",0.0,0.0,50.70,75,0,0,220.1,50.0,176,33,3,132.3,32
BatteryMode,"2025-02-06 
13:41:23",0.0,0.0,50.80,76,0,0,219.5,50.0,175,35,3,148.0,29
BatteryMode,"2025-02-06 
13:41:54",0.0,0.0,50.70,75,0,0,219.9,50.0,175,12,3,131.3,34
BatteryMode,"2025-02-06 
13:42:24",0.0,0.0,50.70,75,0,0,220.4,50.0,176,24,3,127.7,38
BatteryMode,"2025-02-06 
13:42:55",0.0,0.0,50.70,75,0,0,219.8,50.0,175,27,3,135.6,49
BatteryMode,"2025-02-06 
13:43:25",0.0,0.0,50.80,76,0,0,220.4,50.0,176,19,3,131.2,62
BatteryMode,"2025-02-06 
13:43:56",0.0,0.0,50.80,76,0,0,220.6,50.0,176,12,3,133.2,105
BatteryMode,"2025-02-06 
13:44:26",0.0,0.0,50.80,76,0,0,220.4,50.0,176,23,3,131.5,115
BatteryMode,"2025-02-06 
13:44:56",0.0,0.0,51.10,79,0,0,219.6,50.0,175,21,3,173.6,91
BatteryMode,"2025-02-06 
13:45:27",0.0,0.0,51.10,79,0,0,220.1,49.9,175,15,3,166.6,102
BatteryMode,"2025-02-06 
13:45:57",0.0,0.0,51.20,80,0,0,219.8,50.0,175,27,3,199.3,129
BatteryMode,"2025-02-06 
13:46:28",0.0,0.0,51.50,83,0,0,220.0,50.0,176,34,3,211.5,163
BatteryMode,"2025-02-06 
13:46:58",0.0,0.0,51.60,84,0,0,219.9,49.9,175,19,3,211.0,171
BatteryMode,"2025-02-06 
13:47:29",0.0,0.0,51.60,84,0,0,220.0,50.0,176,38,3,213.3,176
BatteryMode,"2025-02-06 
13:47:59",0.0,0.0,51.70,85,0,0,219.9,50.0,197,34,3,215.9,184
BatteryMode,"2025-02-06 
13:48:30",0.0,0.0,51.70,85,0,0,220.5,50.0,176,20,3,218.0,183
BatteryMode,"2025-02-06 
13:49:00",0.0,0.0,51.80,86,0,0,220.0,49.9,176,35,3,210.6,188
BatteryMode,"2025-02-06 
13:50:11",0.0,0.0,51.80,86,1,0,220.5,50.0,176,6,3,210.5,187
BatteryMode,"2025-02-06 
14:11:47",0.0,0.0,52.00,92,0,0,220.0,49.9,176,34,3,218.7,258
BatteryMode,"2025-02-06 
14:20:00",0.0,0.0,50.60,74,0,1,221.1,50.0,176,20,3,119.9,0
BatteryMode,"2025-02-06 
14:29:58",0.0,0.0,50.00,68,0,1,219.6,50.0,153,19,3,134.2,0
BatteryMode,"2025-02-06 
14:46:52",0.0,0.0,49.60,64,0,1,219.8,50.0,175,7,3,120.0,0
BatteryMode,"2025-02-06 
14:56:20",0.0,0.0,49.60,64,0,0,220.7,50.0,176,26,3,120.0,0
BatteryMode,"2025-02-06 
15:05:24",0.0,0.0,49.50,63,0,1,220.0,50.0,175,28,3,119.7,0
BatteryMode,"2025-02-06 
15:22:27",0.0,0.0,49.40,62,0,1,220.9,50.0,154,43,3,119.9,0
BatteryMode,"2025-02-06 
15:35:18",0.0,0.0,49.40,62,0,1,219.0,50.0,197,13,3,120.1,0
BatteryMode,"2025-02-06 
15:39:53",0.0,0.0,49.00,58,0,2,220.0,50.0,198,89,3,120.2,0
BatteryMode,"2025-02-06 
15:53:13",0.0,0.0,48.70,55,0,3,220.4,50.0,220,96,4,120.1,0
BatteryMode,"2025-02-06 
16:10:49",0.0,0.0,48.60,54,0,3,220.2,50.0,218,78,4,119.9,0
BatteryMode,"2025-02-06 
16:23:48",0.0,0.0,48.60,54,0,3,220.6,50.0,198,90,3,121.2,0
BatteryMode,"2025-02-06 
16:32:07",0.0,0.0,48.60,54,0,1,221.2,50.0,176,50,3,120.0,0
BatteryMode,"2025-02-06 
16:45:00",0.0,0.0,48.50,53,0,2,221.1,50.0,176,56,3,119.8,0
BatteryMode,"2025-02-06 
16:59:20",0.0,0.0,48.40,52,0,1,220.2,50.0,154,34,3,164.3,0
LineMode,"2025-02-06 
17:10:18",201.2,49.3,57.00,95,23,0,201.2,49.3,181,126,3,119.2,0
LineMode,"2025-02-06 
17:23:20",202.3,49.2,57.00,95,19,0,202.3,49.2,0,0,0,109.1,0
LineMode,"2025-02-06 
17:37:59",206.0,48.8,57.10,95,16,0,206.0,48.8,0,0,0,0.0,0
LineMode,"2025-02-06 
17:44:32",210.5,49.1,57.00,95,14,0,210.5,49.1,0,0,0,0.0,0
LineMode,"2025-02-06 
17:55:53",208.7,49.6,57.00,95,12,0,208.7,49.6,0,0,0,0.0,0
LineMode,"2025-02-06 
18:12:58",207.2,49.3,57.10,95,10,0,207.2,49.3,0,0,0,0.0,0
LineMode,"2025-02-06 
18:25:43",207.0,49.1,57.00,95,9,0,207.0,49.1,0,0,0,0.0,0
LineMode,"2025-02-06 
18:26:13",207.6,49.2,57.10,95,9,0,207.6,49.2,0,0,0,0.0,0
LineMode,"2025-02-06 
18:26:43",207.5,49.2,57.10,95,9,0,207.5,49.2,0,0,0,0.0,0
LineMode,"2025-02-06 
18:27:14",207.2,49.1,57.00,95,9,0,207.2,49.1,0,0,0,0.0,0
LineMode,"2025-02-06 
18:27:44",207.6,49.2,57.10,95,9,0,207.6,49.2,0,0,0,0.0,0
LineMode,"2025-02-06 
18:28:15",206.4,49.2,57.00,95,9,0,206.4,49.2,0,0,0,0.0,0
LineMode,"2025-02-06 
18:28:45",206.6,49.2,57.10,95,8,0,206.6,49.2,0,0,0,0.0,0
LineMode,"2025-02-06 
18:29:16",206.3,49.4,57.10,95,9,0,206.3,49.4,0,0,0,0.0,0
LineMode,"2025-02-06 
18:29:46",206.1,49.5,57.00,95,9,0,206.1,49.5,0,0,0,0.0,0
LineMode,"2025-02-06 
18:30:17",206.4,49.8,57.00,95,8,0,206.4,49.8,0,0,0,0.0,0
LineMode,"2025-02-06 
18:30:47",205.9,49.7,57.10,95,8,0,205.9,49.7,0,0,0,0.0,0
LineMode,"2025-02-06 
18:31:18",205.9,49.8,57.00,95,8,0,205.9,49.8,0,0,0,0.0,0
LineMode,"2025-02-06 
18:31:48",205.8,49.8,57.00,95,8,0,205.8,49.8,0,0,0,0.0,0
LineMode,"2025-02-06 
18:32:19",208.2,50.0,57.10,95,8,0,208.2,50.0,0,0,0,0.0,0
LineMode,"2025-02-06 
18:32:49",207.0,49.8,57.00,95,8,0,207.0,49.8,0,0,0,0.0,0
LineMode,"2025-02-06 
18:33:19",207.3,49.9,57.00,95,8,0,207.3,49.9,0,0,0,0.0,0
LineMode,"2025-02-06 
18:33:50",207.2,49.9,57.00,95,8,0,207.2,49.9,0,0,0,0.0,0
LineMode,"2025-02-06 
18:34:20",207.2,49.7,57.00,95,8,0,207.2,49.7,0,0,0,0.0,0
LineMode,"2025-02-06 
18:34:51",206.5,49.6,57.10,95,8,0,206.5,49.6,0,0,0,0.0,0
LineMode,"2025-02-06 
18:35:21",206.8,49.6,57.00,95,8,0,206.8,49.6,0,0,0,0.0,0
LineMode,"2025-02-06 
18:35:52",206.4,49.5,57.10,95,8,0,206.4,49.5,0,0,0,0.0,0
LineMode,"2025-02-06 
18:36:22",205.8,49.4,57.00,95,8,0,205.8,49.4,0,0,0,0.0,0
LineMode,"2025-02-06 
18:36:53",207.5,49.5,57.00,95,8,0,207.5,49.5,0,0,0,0.0,0
LineMode,"2025-02-06 
18:37:23",207.0,49.5,57.10,95,8,0,207.0,49.5,0,0,0,0.0,0
LineMode,"2025-02-06 
18:37:54",207.1,49.4,57.10,95,8,0,207.1,49.4,0,0,0,0.0,0
LineMode,"2025-02-06 
18:38:24",207.4,49.3,57.10,95,8,0,207.4,49.3,0,0,0,0.0,0
LineMode,"2025-02-06 
18:38:55",206.3,49.3,57.10,95,8,0,206.3,49.3,0,0,0,0.0,0
LineMode,"2025-02-06 
18:39:25",207.2,49.4,57.10,95,7,0,207.2,49.4,0,0,0,0.0,0
LineMode,"2025-02-06 
18:39:56",207.0,49.3,57.10,95,7,0,207.0,49.3,0,0,0,0.0,0
LineMode,"2025-02-06 
18:40:26",207.9,49.3,57.00,95,7,0,207.9,49.3,0,0,0,0.0,0
LineMode,"2025-02-06 
18:40:57",206.2,49.3,57.00,95,7,0,206.2,49.3,0,0,0,0.0,0
LineMode,"2025-02-06 
18:41:27",205.9,49.3,57.10,95,7,0,205.9,49.3,0,0,0,0.0,0
LineMode,"2025-02-06 
18:41:57",206.6,49.3,57.00,95,7,0,206.6,49.3,0,0,0,0.0,0
LineMode,"2025-02-06 
18:42:28",206.6,49.3,57.00,95,7,0,206.6,49.3,0,0,0,0.0,0
LineMode,"2025-02-06 
18:42:58",206.3,49.2,56.00,95,5,0,206.3,49.2,0,0,0,0.0,0
LineMode,"2025-02-06 
18:43:29",206.6,49.3,56.00,95,5,0,206.6,49.3,0,0,0,0.0,0
LineMode,"2025-02-06 
18:43:59",205.4,49.2,56.10,95,5,0,205.4,49.2,0,0,0,0.0,0
LineMode,"2025-02-06 
18:44:30",208.4,49.1,56.10,95,5,0,208.4,49.1,0,0,0,0.0,0
LineMode,"2025-02-06 
18:45:00",208.5,49.2,56.10,95,5,0,208.5,49.2,0,0,0,0.0,0
LineMode,"2025-02-06 
18:45:31",207.7,49.2,56.00,95,5,0,207.7,49.2,0,0,0,0.0,0
LineMode,"2025-02-06 
18:46:01",207.6,49.2,56.10,95,5,0,207.6,49.2,0,0,0,0.0,0
LineMode,"2025-02-06 
18:46:32",207.3,49.2,56.00,95,5,0,207.3,49.2,0,0,0,0.0,0
BatteryMode,"2025-02-06 
18:47:02",0.0,0.0,52.80,96,0,0,220.2,50.0,0,0,0,0.0,0
BatteryMode,"2025-02-06 
18:47:33",0.0,0.0,50.10,69,0,14,219.0,50.0,613,565,12,0.0,0
BatteryMode,"2025-02-06 
18:48:03",0.0,0.0,51.00,78,0,3,219.5,50.0,220,126,4,0.0,0
BatteryMode,"2025-02-06 
18:48:34",0.0,0.0,50.90,77,0,3,220.8,49.9,220,117,4,0.0,0
BatteryMode,"2025-02-06 
18:49:04",0.0,0.0,50.80,76,0,3,221.5,50.0,221,134,4,0.0,0
BatteryMode,"2025-02-06 
18:49:35",0.0,0.0,50.70,75,0,3,220.2,50.0,220,109,4,0.0,0
BatteryMode,"2025-02-06 
18:50:05",0.0,0.0,50.70,75,0,4,219.7,50.0,219,132,4,0.0,0
BatteryMode,"2025-02-06 
18:50:36",0.0,0.0,50.60,74,0,4,220.4,50.0,220,112,4,0.0,0
BatteryMode,"2025-02-06 
18:51:06",0.0,0.0,50.60,74,0,3,220.3,50.0,220,124,4,0.0,0
BatteryMode,"2025-02-06 
18:51:36",0.0,0.0,50.50,73,0,3,219.7,50.0,219,118,4,0.0,0
BatteryMode,"2025-02-06 
18:52:07",0.0,0.0,50.50,73,0,4,220.7,50.0,220,130,4,0.0,0
BatteryMode,"2025-02-06 
18:52:37",0.0,0.0,50.50,73,0,3,220.1,49.9,198,115,3,0.0,0
BatteryMode,"2025-02-06 
18:53:08",0.0,0.0,50.40,72,0,3,219.5,50.0,198,113,3,0.0,0
BatteryMode,"2025-02-06 
18:53:38",0.0,0.0,50.40,72,0,4,220.4,50.0,220,110,4,0.0,0
BatteryMode,"2025-02-06 
18:54:09",0.0,0.0,50.40,72,0,3,220.7,50.0,221,124,4,0.0,0
BatteryMode,"2025-02-06 
18:54:39",0.0,0.0,50.40,72,0,4,219.6,50.0,197,104,3,0.0,0
BatteryMode,"2025-02-06 
18:55:10",0.0,0.0,50.30,71,0,3,219.3,50.0,218,122,4,0.0,0
BatteryMode,"2025-02-06 
18:55:40",0.0,0.0,50.30,71,0,3,219.6,50.0,219,130,4,0.0,0
BatteryMode,"2025-02-06 
18:56:11",0.0,0.0,50.30,71,0,4,219.8,50.0,219,128,4,0.0,0
BatteryMode,"2025-02-06 
18:56:41",0.0,0.0,50.30,71,0,3,220.0,50.0,219,122,4,0.0,0
BatteryMode,"2025-02-06 
18:57:12",0.0,0.0,50.30,71,0,3,219.6,50.0,219,111,4,0.0,0
BatteryMode,"2025-02-06 
18:57:42",0.0,0.0,50.30,71,0,3,219.7,50.0,197,124,3,0.0,0
BatteryMode,"2025-02-06 
18:58:13",0.0,0.0,50.30,71,0,4,220.3,50.0,220,121,4,0.0,0
BatteryMode,"2025-02-06 
18:58:43",0.0,0.0,50.30,71,0,3,220.0,50.0,198,127,3,0.0,0
BatteryMode,"2025-02-06 
18:59:14",0.0,0.0,50.20,70,0,4,218.4,50.0,218,120,4,0.0,0
BatteryMode,"2025-02-06 
18:59:44",0.0,0.0,50.20,70,0,3,220.0,50.0,220,110,4,0.0,0
BatteryMode,"2025-02-06 
19:00:15",0.0,0.0,50.30,71,0,3,220.2,50.0,198,119,3,0.0,0
BatteryMode,"2025-02-06 
19:00:45",0.0,0.0,50.30,70,0,3,219.8,50.0,197,108,3,0.0,0
BatteryMode,"2025-02-06 
19:01:16",0.0,0.0,50.20,70,0,3,219.2,50.0,197,116,3,0.0,0
BatteryMode,"2025-02-06 
19:01:46",0.0,0.0,50.20,70,0,4,220.1,50.0,198,112,3,0.0,0
BatteryMode,"2025-02-06 
19:02:17",0.0,0.0,50.20,70,0,4,219.9,50.0,219,119,4,0.0,0
BatteryMode,"2025-02-06 
19:02:47",0.0,0.0,50.20,70,0,4,220.5,50.0,220,132,4,0.0,0
BatteryMode,"2025-02-06 
19:03:18",0.0,0.0,50.20,70,0,3,219.4,49.9,218,111,4,0.0,0
BatteryMode,"2025-02-06 
19:03:48",0.0,0.0,50.20,70,0,3,219.8,50.0,197,114,3,0.0,0
BatteryMode,"2025-02-06 
19:04:18",0.0,0.0,50.20,70,0,3,219.3,50.0,198,104,3,0.0,0
BatteryMode,"2025-02-06 
19:04:49",0.0,0.0,50.20,70,0,4,220.5,50.0,220,135,4,0.0,0
BatteryMode,"2025-02-06 
19:05:19",0.0,0.0,50.20,70,0,3,220.0,50.0,220,152,4,0.0,0
BatteryMode,"2025-02-06 
19:05:50",0.0,0.0,50.20,70,0,3,219.4,50.0,197,104,3,0.0,0
BatteryMode,"2025-02-06 
19:06:20",0.0,0.0,50.00,68,0,4,219.5,50.0,286,134,5,0.0,0
BatteryMode,"2025-02-06 
19:06:51",0.0,0.0,50.00,68,0,4,220.2,50.0,264,149,5,0.0,0
BatteryMode,"2025-02-06 
19:07:21",0.0,0.0,50.00,68,0,4,220.1,50.0,264,163,5,0.0,0
LineMode,"2025-02-06 
19:07:52",223.0,49.7,50.40,72,0,0,223.0,49.7,245,140,4,0.0,0
LineMode,"2025-02-06 
19:08:22",214.9,49.6,56.10,95,17,0,214.9,49.6,0,0,0,0.0,0
LineMode,"2025-02-06 
19:08:53",215.6,49.6,56.10,95,14,0,215.6,49.6,0,0,0,0.0,0
LineMode,"2025-02-06 
19:09:23",215.3,49.6,56.00,95,11,0,215.3,49.6,0,0,0,0.0,0
LineMode,"2025-02-06 
19:09:54",214.5,49.5,56.10,95,10,0,214.5,49.5,0,0,0,0.0,0
LineMode,"2025-02-06 
19:10:24",214.1,49.4,56.10,95,9,0,214.1,49.4,0,0,0,0.0,0
LineMode,"2025-02-06 
19:10:55",216.4,49.3,56.00,95,8,0,216.4,49.3,0,0,0,0.0,0
LineMode,"2025-02-06 
19:11:25",215.4,49.2,56.10,95,8,0,215.4,49.2,0,0,0,0.0,0
LineMode,"2025-02-06 
19:11:56",216.2,49.3,56.10,95,7,0,216.2,49.3,0,0,0,0.0,0
LineMode,"2025-02-06 
19:12:26",215.1,49.2,56.00,95,7,0,215.1,49.2,0,0,0,0.0,0
LineMode,"2025-02-06 
19:12:57",211.9,49.2,56.00,95,7,0,211.9,49.2,0,0,0,0.0,0
LineMode,"2025-02-06 
19:13:27",212.2,49.2,56.00,95,7,0,212.2,49.2,0,0,0,0.0,0
LineMode,"2025-02-06 
19:13:58",211.9,49.2,56.10,95,7,0,211.9,49.2,0,0,0,0.0,0
LineMode,"2025-02-06 
19:14:28",212.1,49.1,56.00,95,6,0,212.1,49.1,0,0,0,0.0,0
LineMode,"2025-02-06 
19:14:59",212.1,49.1,56.00,95,6,0,212.1,49.1,0,0,0,0.0,0
LineMode,"2025-02-06 
19:15:29",211.8,49.1,56.00,95,6,0,211.8,49.1,0,0,0,0.0,0
LineMode,"2025-02-06 
19:16:00",0.0,0.0,53.00,95,0,0,219.4,50.0,0,0,0,0.0,0
BatteryMode,"2025-02-06 
19:16:30",0.0,0.0,52.20,90,0,0,219.4,50.0,0,0,0,0.0,0
BatteryMode,"2025-02-06 
19:17:01",0.0,0.0,51.10,79,0,4,219.9,50.0,263,173,5,0.0,0
BatteryMode,"2025-02-06 
19:17:31",0.0,0.0,50.60,74,0,4,219.9,50.0,263,154,5,0.0,0
BatteryMode,"2025-02-06 
19:18:02",0.0,0.0,50.30,71,0,5,221.2,50.0,265,144,5,0.0,0
BatteryMode,"2025-02-06 
19:18:32",0.0,0.0,50.20,71,0,4,220.3,50.0,264,156,5,0.0,0
BatteryMode,"2025-02-06 
19:19:03",0.0,0.0,50.10,69,0,5,219.7,49.9,285,169,5,0.0,0
BatteryMode,"2025-02-06 
19:19:33",0.0,0.0,50.10,69,0,4,220.3,50.0,264,154,5,0.0,0
BatteryMode,"2025-02-06 
19:20:04",0.0,0.0,50.00,68,0,5,219.8,50.0,263,160,5,0.0,0
BatteryMode,"2025-02-06 
19:20:34",0.0,0.0,49.90,67,0,4,220.1,50.0,264,138,5,0.0,0
BatteryMode,"2025-02-06 
19:21:05",0.0,0.0,49.90,67,0,4,220.0,50.0,264,150,5,0.0,0
BatteryMode,"2025-02-06 
19:21:35",0.0,0.0,49.90,67,0,4,219.5,50.0,263,154,5,0.0,0
BatteryMode,"2025-02-06 
19:22:06",0.0,0.0,49.80,66,0,4,219.6,50.0,263,162,5,0.0,0
BatteryMode,"2025-02-06 
19:22:36",0.0,0.0,49.80,66,0,5,219.9,50.0,285,163,5,0.0,0
BatteryMode,"2025-02-06 
19:23:07",0.0,0.0,49.80,66,0,4,220.0,50.0,264,149,5,0.0,0
BatteryMode,"2025-02-06 
19:23:37",0.0,0.0,49.70,65,0,5,219.9,49.9,285,163,5,0.0,0
BatteryMode,"2025-02-06 
19:24:08",0.0,0.0,49.70,65,0,4,220.7,49.9,286,149,5,0.0,0
BatteryMode,"2025-02-06 
19:24:38",0.0,0.0,49.70,65,0,4,219.6,50.0,241,148,4,0.0,0
BatteryMode,"2025-02-06 
19:25:08",0.0,0.0,49.70,65,0,4,220.0,50.0,264,156,5,0.0,0
BatteryMode,"2025-02-06 
19:25:39",0.0,0.0,49.70,65,0,4,220.4,50.0,264,140,5,0.0,0
BatteryMode,"2025-02-06 
19:26:09",0.0,0.0,49.60,64,0,5,220.9,50.0,265,163,5,0.0,0
BatteryMode,"2025-02-06 
19:26:40",0.0,0.0,49.60,64,0,5,219.5,50.0,263,168,5,0.0,0
BatteryMode,"2025-02-06 
19:27:10",0.0,0.0,49.60,64,0,4,219.8,50.0,263,168,5,0.0,0
BatteryMode,"2025-02-06 
19:27:41",0.0,0.0,49.60,64,0,4,219.9,50.0,263,143,5,0.0,0
BatteryMode,"2025-02-06 
19:28:11",0.0,0.0,49.60,64,0,4,220.3,50.0,264,153,5,0.0,0
BatteryMode,"2025-02-06 
19:28:42",0.0,0.0,49.60,64,0,5,220.4,49.9,264,153,5,0.0,0
BatteryMode,"2025-02-06 
19:29:12",0.0,0.0,49.60,64,0,4,220.5,50.0,264,134,5,0.0,0
BatteryMode,"2025-02-06 
19:29:43",0.0,0.0,49.60,64,0,5,219.1,50.0,262,155,5,0.0,0
BatteryMode,"2025-02-06 
19:30:13",0.0,0.0,49.60,64,0,4,220.4,50.0,264,141,5,0.0,0
BatteryMode,"2025-02-06 
19:30:44",0.0,0.0,49.60,64,0,4,220.2,49.9,264,145,5,0.0,0
BatteryMode,"2025-02-06 
19:31:14",0.0,0.0,49.60,64,0,4,220.2,50.0,264,151,5,0.0,0
BatteryMode,"2025-02-06 
19:31:45",0.0,0.0,49.60,64,0,4,219.8,50.0,241,148,4,0.0,0
BatteryMode,"2025-02-06 
19:32:15",0.0,0.0,49.50,63,0,4,219.3,49.9,263,157,5,0.0,0
BatteryMode,"2025-02-06 
19:32:46",0.0,0.0,49.50,63,0,4,220.6,50.0,264,147,5,0.0,0
BatteryMode,"2025-02-06 
19:33:16",0.0,0.0,49.50,63,0,5,219.9,50.0,263,163,5,0.0,0
BatteryMode,"2025-02-06 
19:33:47",0.0,0.0,49.50,63,0,4,219.8,49.9,241,134,4,0.0,0
BatteryMode,"2025-02-06 
19:34:17",0.0,0.0,49.50,63,0,4,220.1,50.0,264,132,5,0.0,0
BatteryMode,"2025-02-06 
19:34:48",0.0,0.0,49.50,63,0,3,220.7,50.0,242,124,4,0.0,0
BatteryMode,"2025-02-06 
19:35:18",0.0,0.0,49.50,63,0,4,219.1,50.0,262,132,5,0.0,0
BatteryMode,"2025-02-06 
19:35:49",0.0,0.0,49.50,63,0,4,220.9,50.0,265,167,5,0.0,0
BatteryMode,"2025-02-06 
19:36:19",0.0,0.0,49.50,63,0,4,220.0,50.0,264,167,5,0.0,0
BatteryMode,"2025-02-06 
19:36:50",0.0,0.0,49.50,63,0,4,220.7,50.0,264,156,5,0.0,0
BatteryMode,"2025-02-06 
19:37:20",0.0,0.0,49.50,63,0,5,220.0,50.0,264,165,5,0.0,0
BatteryMode,"2025-02-06 
19:37:51",0.0,0.0,49.50,63,0,4,219.7,50.0,263,155,5,0.0,0
BatteryMode,"2025-02-06 
19:38:21",0.0,0.0,49.50,63,0,4,220.0,50.0,264,136,5,0.0,0
BatteryMode,"2025-02-06 
19:38:52",0.0,0.0,49.50,63,0,4,220.2,50.0,242,149,4,0.0,0
BatteryMode,"2025-02-06 
19:39:22",0.0,0.0,49.50,63,0,4,219.9,50.0,263,156,5,0.0,0
BatteryMode,"2025-02-06 
19:39:53",0.0,0.0,49.50,63,0,4,219.7,50.0,263,158,5,0.0,0
BatteryMode,"2025-02-06 
19:40:23",0.0,0.0,49.50,63,0,4,220.3,50.0,264,120,5,0.0,0
BatteryMode,"2025-02-06 
19:40:54",0.0,0.0,48.70,55,0,9,220.2,50.0,396,327,7,0.0,0
BatteryMode,"2025-02-06 
19:41:24",0.0,0.0,48.70,55,0,8,220.4,50.0,396,306,7,0.0,0
BatteryMode,"2025-02-06 
19:41:55",0.0,0.0,48.70,55,0,9,221.4,50.0,376,306,7,0.0,0
BatteryMode,"2025-02-06 
19:42:25",0.0,0.0,48.70,55,0,9,220.4,49.9,374,264,7,0.0,0
BatteryMode,"2025-02-06 
19:42:56",0.0,0.0,48.70,55,0,9,221.1,50.0,397,325,7,0.0,0
BatteryMode,"2025-02-06 
19:43:26",0.0,0.0,48.80,56,0,7,220.2,50.0,352,273,7,0.0,0
BatteryMode,"2025-02-06 
19:43:57",0.0,0.0,48.70,55,0,8,218.9,50.0,350,282,7,0.0,0
BatteryMode,"2025-02-06 
19:44:27",0.0,0.0,48.70,55,0,8,220.1,49.9,352,278,7,0.0,0
BatteryMode,"2025-02-06 
19:44:58",0.0,0.0,48.70,55,0,8,219.9,50.0,329,246,6,0.0,0
BatteryMode,"2025-02-06 
19:45:28",0.0,0.0,48.70,55,0,7,220.5,50.0,330,271,6,0.0,0
BatteryMode,"2025-02-06 
19:45:59",0.0,0.0,48.70,55,0,8,220.3,50.0,352,302,7,0.0,0
BatteryMode,"2025-02-06 
19:46:29",0.0,0.0,48.70,55,0,8,219.5,50.0,351,289,7,0.0,0
BatteryMode,"2025-02-06 
19:55:40",0.0,0.0,48.70,55,0,7,220.0,50.0,330,263,6,0.0,0
BatteryMode,"2025-02-06 
20:08:25",0.0,0.0,48.40,51,0,8,219.9,49.9,329,276,6,0.0,0
BatteryMode,"2025-02-06 
20:25:23",0.0,0.0,48.30,50,0,7,220.1,50.0,308,276,6,0.0,0
BatteryMode,"2025-02-06 
20:34:44",0.0,0.0,48.20,50,0,7,220.1,50.0,308,241,6,0.0,0
BatteryMode,"2025-02-06 
20:48:53",0.0,0.0,48.60,54,0,3,222.2,49.9,222,111,4,0.0,0
BatteryMode,"2025-02-06 
21:02:33",0.0,0.0,48.60,54,0,3,220.0,49.9,198,115,3,0.0,0
BatteryMode,"2025-02-06 
21:10:41",0.0,0.0,47.80,46,0,8,219.7,50.0,351,299,7,0.0,0
BatteryMode,"2025-02-06 
21:19:07",0.0,0.0,47.40,42,0,10,220.6,49.9,507,396,10,0.0,0
BatteryMode,"2025-02-06 
21:37:07",0.0,0.0,47.40,42,0,9,219.6,50.0,395,295,8,0.0,0
BatteryMode,"2025-02-06 
21:42:15",0.0,0.0,47.40,42,0,8,220.2,50.0,352,288,7,0.0,0
BatteryMode,"2025-02-06 
21:59:53",0.0,0.0,47.20,40,0,8,219.9,50.0,329,263,6,0.0,0
BatteryMode,"2025-02-06 
22:11:11",0.0,0.0,47.10,39,0,8,220.1,50.0,330,256,6,0.0,0
BatteryMode,"2025-02-06 
22:19:55",0.0,0.0,47.00,38,0,8,221.0,50.0,331,260,6,0.0,0
BatteryMode,"2025-02-06 
22:37:53",0.0,0.0,47.60,44,0,2,219.8,50.0,175,95,3,0.0,0
BatteryMode,"2025-02-06 
22:44:18",0.0,0.0,47.40,42,0,4,219.5,50.0,263,123,5,0.0,0
BatteryMode,"2025-02-06 
22:45:19",0.0,0.0,47.40,42,0,5,220.0,50.0,242,169,4,0.0,0
BatteryMode,"2025-02-07 
00:10:28",0.0,0.0,46.40,32,0,4,219.9,50.0,241,140,5,,
BatteryMode,"2025-02-07 
00:10:59",0.0,0.0,46.40,32,0,4,219.9,50.0,263,141,5,0.0,0
BatteryMode,"2025-02-07 
00:11:29",0.0,0.0,46.30,31,0,4,219.5,50.0,263,146,5,0.0,0
BatteryMode,"2025-02-07 
00:12:00",0.0,0.0,46.30,32,0,4,219.1,50.0,241,146,5,0.0,0
BatteryMode,"2025-02-07 
00:12:30",0.0,0.0,46.30,31,0,4,220.0,50.0,264,135,5,0.0,0
BatteryMode,"2025-02-07 
00:13:01",0.0,0.0,46.40,32,0,4,220.6,50.0,264,138,5,0.0,0
BatteryMode,"2025-02-07 
00:13:31",0.0,0.0,46.40,32,0,4,219.3,50.0,263,164,5,0.0,0
BatteryMode,"2025-02-07 
00:14:02",0.0,0.0,46.30,31,0,4,220.3,50.0,264,147,5,0.0,0
BatteryMode,"2025-02-07 
00:14:32",0.0,0.0,46.30,31,0,4,220.3,50.0,264,137,5,0.0,0
BatteryMode,"2025-02-07 
00:15:03",0.0,0.0,46.30,31,0,5,220.7,50.0,242,153,5,0.0,0
BatteryMode,"2025-02-07 
00:15:33",0.0,0.0,46.30,31,0,5,220.1,50.0,264,129,5,0.0,0
BatteryMode,"2025-02-07 
00:16:04",0.0,0.0,46.30,31,0,4,220.6,49.9,264,139,5,0.0,0
BatteryMode,"2025-02-07 
00:16:34",0.0,0.0,46.30,31,0,4,219.9,50.0,241,146,5,0.0,0
BatteryMode,"2025-02-07 
00:17:05",0.0,0.0,46.30,31,0,4,220.1,50.0,264,142,5,0.0,0
BatteryMode,"2025-02-07 
00:17:36",0.0,0.0,46.30,31,0,5,219.6,50.0,263,140,5,0.0,0
BatteryMode,"2025-02-07 
00:18:06",0.0,0.0,46.30,31,0,4,220.2,50.0,264,144,5,0.0,0
BatteryMode,"2025-02-07 
00:18:37",0.0,0.0,46.20,30,0,5,220.1,50.0,286,146,6,0.0,0
BatteryMode,"2025-02-07 
00:19:07",0.0,0.0,46.20,30,0,5,220.5,50.0,264,153,5,0.0,0
BatteryMode,"2025-02-07 
00:19:38",0.0,0.0,46.20,30,0,5,220.4,50.0,286,184,6,0.0,0
BatteryMode,"2025-02-07 
00:20:08",0.0,0.0,46.20,30,0,4,220.3,50.0,264,145,5,0.0,0
BatteryMode,"2025-02-07 
00:20:39",0.0,0.0,46.10,29,0,5,219.3,50.0,307,161,6,0.0,0
BatteryMode,"2025-02-07 
00:21:09",0.0,0.0,46.20,30,0,5,220.5,50.0,264,152,5,0.0,0
BatteryMode,"2025-02-07 
00:21:40",0.0,0.0,46.20,30,0,4,219.4,50.0,263,147,5,0.0,0
BatteryMode,"2025-02-07 
00:22:10",0.0,0.0,46.20,30,0,4,220.1,50.0,264,137,5,0.0,0
BatteryMode,"2025-02-07 
00:22:41",0.0,0.0,46.20,30,0,5,220.0,50.0,286,171,6,0.0,0
BatteryMode,"2025-02-07 
00:23:11",0.0,0.0,46.10,29,0,5,221.0,50.0,265,168,5,0.0,0
BatteryMode,"2025-02-07 
00:23:42",0.0,0.0,46.20,30,0,4,220.0,50.0,264,155,5,0.0,0
BatteryMode,"2025-02-07 
00:24:12",0.0,0.0,46.10,29,0,4,220.8,50.0,287,150,6,0.0,0
BatteryMode,"2025-02-07 
00:24:43",0.0,0.0,46.10,29,0,4,219.7,50.0,263,128,5,0.0,0
BatteryMode,"2025-02-07 
00:25:13",0.0,0.0,46.20,30,0,4,219.6,50.0,241,125,5,0.0,0
BatteryMode,"2025-02-07 
00:25:44",0.0,0.0,46.20,30,0,4,219.8,49.9,263,143,5,0.0,0
BatteryMode,"2025-02-07 
00:26:14",0.0,0.0,46.10,29,0,5,219.9,50.0,263,172,5,0.0,0
BatteryMode,"2025-02-07 
00:26:45",0.0,0.0,46.10,29,0,5,219.9,50.0,263,156,5,0.0,0
BatteryMode,"2025-02-07 
00:27:15",0.0,0.0,46.10,29,0,5,220.2,50.0,264,169,5,0.0,0
BatteryMode,"2025-02-07 
00:27:46",0.0,0.0,46.10,29,0,5,220.4,50.0,264,154,5,0.0,0
BatteryMode,"2025-02-07 
00:28:16",0.0,0.0,46.00,28,0,4,219.7,50.0,285,161,6,0.0,0
BatteryMode,"2025-02-07 
00:28:47",0.0,0.0,46.00,28,0,5,219.8,49.9,285,178,6,0.0,0
BatteryMode,"2025-02-07 
00:29:17",0.0,0.0,46.00,28,0,6,219.7,50.0,285,169,6,0.0,0
BatteryMode,"2025-02-07 
00:29:48",0.0,0.0,46.10,29,0,4,220.0,50.0,242,171,5,0.0,0
BatteryMode,"2025-02-07 
00:30:18",0.0,0.0,46.10,29,0,4,219.7,50.0,263,132,5,0.0,0
BatteryMode,"2025-02-07 
00:30:49",0.0,0.0,46.10,29,0,4,220.0,50.0,242,146,5,0.0,0
BatteryMode,"2025-02-07 
00:31:19",0.0,0.0,46.10,29,0,4,220.4,50.0,264,157,5,0.0,0
BatteryMode,"2025-02-07 
00:31:50",0.0,0.0,46.10,29,0,4,219.7,50.0,241,129,5,0.0,0
BatteryMode,"2025-02-07 
00:32:20",0.0,0.0,46.10,29,0,4,220.2,50.0,242,134,5,0.0,0
BatteryMode,"2025-02-07 
00:32:51",0.0,0.0,46.10,29,0,4,218.8,50.0,240,124,5,0.0,0
BatteryMode,"2025-02-07 
00:33:21",0.0,0.0,46.10,29,0,4,220.6,50.0,242,138,5,0.0,0
BatteryMode,"2025-02-07 
00:33:52",0.0,0.0,46.10,29,0,4,220.5,50.0,264,135,5,0.0,0
BatteryMode,"2025-02-07 
00:34:22",0.0,0.0,46.10,29,0,4,220.3,50.0,264,139,5,0.0,0
BatteryMode,"2025-02-07 
00:34:53",0.0,0.0,46.10,29,0,4,220.5,49.9,264,144,5,0.0,0
BatteryMode,"2025-02-07 
00:35:23",0.0,0.0,46.10,29,0,4,219.3,50.0,241,125,5,0.0,0
BatteryMode,"2025-02-07 
00:35:54",0.0,0.0,46.10,29,0,4,219.5,50.0,241,125,5,0.0,0
BatteryMode,"2025-02-07 
00:36:24",0.0,0.0,46.00,28,0,4,219.6,50.0,263,131,5,0.0,0
BatteryMode,"2025-02-07 
00:36:55",0.0,0.0,46.00,28,0,3,219.6,50.0,263,115,5,0.0,0
BatteryMode,"2025-02-07 
00:37:25",0.0,0.0,46.00,28,0,3,219.4,50.0,241,112,5,0.0,0
BatteryMode,"2025-02-07 
00:37:56",0.0,0.0,46.00,28,0,4,220.8,50.0,242,119,5,0.0,0
BatteryMode,"2025-02-07 
00:38:26",0.0,0.0,46.00,28,0,4,221.0,50.0,243,129,5,0.0,0
BatteryMode,"2025-02-07 
00:38:57",0.0,0.0,46.00,28,0,5,220.5,50.0,264,150,5,0.0,0
BatteryMode,"2025-02-07 
00:39:27",0.0,0.0,46.00,28,0,4,219.8,50.0,241,145,5,0.0,0
BatteryMode,"2025-02-07 
00:39:58",0.0,0.0,46.00,28,0,4,220.7,50.0,242,126,5,0.0,0
BatteryMode,"2025-02-07 
00:40:29",0.0,0.0,46.00,28,0,4,220.7,50.0,264,127,5,0.0,0
BatteryMode,"2025-02-07 
00:40:59",0.0,0.0,46.00,28,0,4,219.8,50.0,263,137,5,0.0,0
BatteryMode,"2025-02-07 
00:41:30",0.0,0.0,46.00,28,0,4,221.2,50.0,243,150,5,0.0,0
BatteryMode,"2025-02-07 
00:42:00",0.0,0.0,45.90,27,0,4,220.0,50.0,242,144,5,0.0,0
BatteryMode,"2025-02-07 
00:42:31",0.0,0.0,45.90,27,0,4,220.9,50.0,265,135,5,0.0,0
BatteryMode,"2025-02-07 
00:43:01",0.0,0.0,45.90,27,0,4,220.3,50.0,242,141,5,0.0,0
BatteryMode,"2025-02-07 
00:43:32",0.0,0.0,45.90,27,0,4,220.1,49.9,242,153,5,0.0,0
BatteryMode,"2025-02-07 
00:44:02",0.0,0.0,45.90,27,0,4,219.9,50.0,241,148,5,0.0,0
BatteryMode,"2025-02-07 
00:44:33",0.0,0.0,45.90,27,0,4,219.7,50.0,263,149,5,0.0,0
BatteryMode,"2025-02-07 
00:45:03",0.0,0.0,45.90,27,0,4,219.8,49.9,263,139,5,0.0,0
BatteryMode,"2025-02-07 
00:45:34",0.0,0.0,45.90,27,0,4,220.7,50.0,264,154,5,0.0,0
BatteryMode,"2025-02-07 
00:46:04",0.0,0.0,45.90,27,0,4,219.3,49.9,241,131,5,0.0,0
BatteryMode,"2025-02-07 
00:46:35",0.0,0.0,45.90,27,0,4,220.0,50.0,242,146,5,0.0,0
BatteryMode,"2025-02-07 
00:47:05",0.0,0.0,45.80,26,0,4,219.4,49.9,241,147,5,0.0,0
BatteryMode,"2025-02-07 
00:47:36",0.0,0.0,45.80,26,0,5,220.3,50.0,264,151,5,0.0,0
BatteryMode,"2025-02-07 
00:48:06",0.0,0.0,45.80,26,0,4,219.7,50.0,263,138,5,0.0,0
BatteryMode,"2025-02-07 
00:48:37",0.0,0.0,45.80,26,0,4,219.8,50.0,263,153,5,0.0,0
BatteryMode,"2025-02-07 
00:49:07",0.0,0.0,45.80,26,0,4,220.3,50.0,264,139,5,0.0,0
BatteryMode,"2025-02-07 
00:49:38",0.0,0.0,45.80,26,0,4,219.5,49.9,263,136,5,0.0,0
BatteryMode,"2025-02-07 
00:50:08",0.0,0.0,45.80,26,0,5,219.8,49.9,263,169,5,0.0,0
BatteryMode,"2025-02-07 
00:50:39",0.0,0.0,45.80,26,0,4,219.5,50.0,263,126,5,0.0,0
BatteryMode,"2025-02-07 
00:51:09",0.0,0.0,45.70,25,0,4,220.1,50.0,264,120,5,0.0,0
BatteryMode,"2025-02-07 
00:51:40",0.0,0.0,45.70,25,0,4,220.7,49.9,264,139,5,0.0,0
BatteryMode,"2025-02-07 
00:52:10",0.0,0.0,45.70,25,0,5,220.2,50.0,264,151,5,0.0,0
BatteryMode,"2025-02-07 
00:52:41",0.0,0.0,45.70,25,0,4,220.2,50.0,264,138,5,0.0,0
BatteryMode,"2025-02-07 
00:53:11",0.0,0.0,45.70,25,0,4,220.4,50.0,264,123,5,0.0,0
BatteryMode,"2025-02-07 
00:53:42",0.0,0.0,45.70,24,0,4,219.9,50.0,263,151,5,0.0,0
BatteryMode,"2025-02-07 
00:54:12",0.0,0.0,45.60,24,0,5,220.3,50.0,242,134,5,0.0,0
BatteryMode,"2025-02-07 
00:54:43",0.0,0.0,45.60,24,0,4,219.6,50.0,241,125,5,0.0,0
BatteryMode,"2025-02-07 
00:55:13",0.0,0.0,45.60,24,0,4,220.4,50.0,264,140,5,0.0,0
BatteryMode,"2025-02-07 
00:55:44",0.0,0.0,45.60,24,0,3,219.6,50.0,263,125,5,0.0,0
BatteryMode,"2025-02-07 
00:56:14",0.0,0.0,45.60,24,0,5,219.8,49.9,263,159,5,0.0,0
BatteryMode,"2025-02-07 
00:56:45",0.0,0.0,45.50,23,0,4,219.8,49.9,241,129,5,0.0,0
BatteryMode,"2025-02-07 
00:57:15",0.0,0.0,45.50,23,0,4,220.2,50.0,264,130,5,0.0,0
BatteryMode,"2025-02-07 
00:57:46",0.0,0.0,45.50,23,0,4,219.9,49.9,241,132,5,0.0,0
BatteryMode,"2025-02-07 
00:58:16",0.0,0.0,45.50,23,0,4,219.7,50.0,241,132,5,0.0,0
BatteryMode,"2025-02-07 
00:58:47",0.0,0.0,45.40,22,0,2,220.0,50.0,264,80,5,0.0,0
BatteryMode,"2025-02-07 
00:59:18",0.0,0.0,45.30,21,0,4,220.6,50.0,242,140,5,0.0,0
BatteryMode,"2025-02-07 
00:59:50",0.0,0.0,45.30,21,0,4,219.8,50.0,263,123,5,0.0,0
LineMode,"2025-02-08 
12:53:24",206.4,49.4,56.10,95,6,0,206.4,49.4,185,0,3,,
LineMode,"2025-02-08 
12:53:54",206.2,49.3,56.10,95,6,0,206.2,49.3,185,3,3,381.1,563
LineMode,"2025-02-08 
12:54:25",205.9,49.3,56.10,95,6,0,205.9,49.3,185,20,3,380.1,587
LineMode,"2025-02-08 
12:54:55",205.8,49.2,56.10,95,6,0,205.8,49.2,185,18,3,380.2,571
LineMode,"2025-02-08 
12:55:26",206.2,49.1,56.10,95,6,0,206.2,49.1,185,8,3,379.1,573
LineMode,"2025-02-08 
12:55:56",204.8,49.0,56.00,95,6,0,204.8,49.0,184,1,3,379.6,565
LineMode,"2025-02-08 
12:56:27",190.9,48.9,56.10,95,6,0,190.9,48.9,171,0,3,379.5,545
LineMode,"2025-02-08 
12:56:57",200.4,49.0,56.10,95,6,0,200.4,49.0,180,4,3,379.3,585
LineMode,"2025-02-08 
12:57:28",201.3,49.4,56.00,95,6,0,201.3,49.4,181,0,3,379.4,557
LineMode,"2025-02-08 
12:57:59",202.4,49.4,56.10,95,6,0,202.4,49.4,202,0,4,379.7,555
LineMode,"2025-02-08 
12:58:29",200.0,49.5,56.00,95,6,0,200.0,49.5,180,0,3,379.2,570
LineMode,"2025-02-08 
12:59:00",201.0,49.6,56.10,95,6,0,201.0,49.6,180,0,3,379.6,554
LineMode,"2025-02-08 
12:59:30",200.2,49.7,56.00,95,6,0,200.2,49.7,180,0,3,379.2,560
LineMode,"2025-02-08 
13:00:01",201.1,49.8,56.10,95,6,0,201.1,49.8,180,0,3,379.6,549
LineMode,"2025-02-08 
13:00:31",202.3,49.5,56.10,95,6,0,202.3,49.5,181,3,3,379.9,551
LineMode,"2025-02-08 
13:01:02",202.6,49.5,56.00,95,6,0,202.6,49.5,202,0,4,379.9,545
LineMode,"2025-02-08 
13:01:32",201.8,49.9,56.00,95,6,0,201.8,49.9,181,0,3,379.8,550
LineMode,"2025-02-08 
13:02:03",201.1,50.0,56.00,95,6,0,201.1,50.0,180,0,3,379.7,560
LineMode,"2025-02-08 
13:02:33",201.5,49.9,56.00,95,6,0,201.5,49.9,181,4,3,380.0,541
LineMode,"2025-02-08 
13:03:04",199.6,50.0,56.10,95,6,0,199.6,50.0,179,0,3,379.3,541
LineMode,"2025-02-08 
13:03:34",200.6,49.8,56.00,95,6,0,200.6,49.8,180,2,3,379.9,527
LineMode,"2025-02-08 
13:04:05",200.6,50.1,56.10,95,5,0,200.6,50.1,180,0,3,380.3,538
LineMode,"2025-02-08 
13:04:35",198.6,49.9,56.00,95,6,0,198.6,49.9,178,2,3,380.8,530
LineMode,"2025-02-08 
13:05:06",199.2,49.8,56.10,95,5,0,199.2,49.8,179,1,3,380.3,536
LineMode,"2025-02-08 
13:05:36",198.5,49.8,56.10,95,5,0,198.5,49.8,178,0,3,380.7,520
LineMode,"2025-02-08 
13:06:07",198.6,49.7,56.10,95,5,0,198.6,49.7,178,0,3,380.7,512
LineMode,"2025-02-08 
13:06:38",198.4,49.6,56.00,95,6,0,198.4,49.6,178,14,3,380.3,541
LineMode,"2025-02-08 
13:07:08",197.9,49.4,56.10,95,5,0,197.9,49.4,178,0,3,380.5,507
LineMode,"2025-02-08 
13:07:39",198.0,49.3,56.00,95,5,0,198.0,49.3,178,0,3,381.1,513
LineMode,"2025-02-08 
13:08:09",197.3,49.3,56.10,95,5,0,197.3,49.3,177,0,3,380.7,528
LineMode,"2025-02-08 
13:08:40",196.9,49.1,56.00,95,5,0,196.9,49.1,177,0,3,380.7,520
LineMode,"2025-02-08 
13:09:10",197.7,48.9,56.00,95,5,0,197.7,48.9,177,0,3,380.6,522
LineMode,"2025-02-08 
13:09:41",197.8,48.9,56.00,95,5,0,197.8,48.9,178,0,3,380.2,505
LineMode,"2025-02-08 
13:10:11",197.1,48.8,56.00,95,5,0,197.1,48.8,177,7,3,380.7,503
LineMode,"2025-02-08 
13:10:42",197.1,48.8,56.10,95,5,0,197.1,48.8,177,3,3,380.4,487
LineMode,"2025-02-08 
13:11:12",196.6,48.7,56.10,95,5,0,196.6,48.7,176,0,3,380.5,499
LineMode,"2025-02-08 
13:11:43",197.0,48.7,56.00,95,5,0,197.0,48.7,176,1,3,380.2,495
LineMode,"2025-02-08 
13:12:13",196.4,48.7,56.00,95,5,0,196.4,48.7,176,0,3,380.3,509
LineMode,"2025-02-08 
13:12:44",197.2,48.5,56.10,95,5,0,197.2,48.5,177,0,3,381.2,485
LineMode,"2025-02-08 
13:13:14",198.6,48.5,56.10,95,5,0,198.6,48.5,178,10,3,381.0,493
LineMode,"2025-02-08 
13:13:45",197.7,49.0,56.00,95,5,0,197.7,49.0,177,6,3,380.9,499
LineMode,"2025-02-08 
13:14:16",196.9,49.2,56.00,95,5,0,196.9,49.2,177,0,3,380.1,499
LineMode,"2025-02-08 
13:14:46",196.5,49.2,56.00,95,5,0,196.5,49.2,177,8,3,380.0,507
LineMode,"2025-02-08 
13:15:17",196.5,49.2,56.10,95,5,0,196.5,49.2,176,6,3,379.9,491
LineMode,"2025-02-08 
13:15:47",196.2,49.2,56.10,95,5,0,196.2,49.2,176,0,3,379.4,495
LineMode,"2025-02-08 
13:16:18",196.2,49.0,56.10,95,5,0,196.2,49.0,176,11,3,379.6,498
LineMode,"2025-02-08 
13:16:48",197.4,49.3,56.00,95,5,0,197.4,49.3,177,0,3,379.7,498
LineMode,"2025-02-08 
13:17:19",198.0,49.5,56.10,95,5,0,198.0,49.5,177,0,3,380.4,485
LineMode,"2025-02-08 
13:17:49",199.6,49.6,56.10,95,5,0,199.6,49.6,179,4,3,381.4,494
LineMode,"2025-02-08 
13:18:20",199.7,49.8,56.10,95,5,0,199.7,49.8,179,5,3,381.7,489
LineMode,"2025-02-08 
13:18:50",200.3,49.8,56.00,95,5,0,200.3,49.8,180,0,3,382.1,491
LineMode,"2025-02-08 
13:19:21",199.7,49.7,56.00,95,5,0,199.7,49.7,179,0,3,381.6,470
LineMode,"2025-02-08 
13:19:52",194.9,49.7,56.00,95,5,0,194.9,49.7,175,6,3,383.2,521
LineMode,"2025-02-08 
13:20:22",195.9,49.6,56.00,95,5,0,195.9,49.6,176,0,3,383.1,532
LineMode,"2025-02-08 
13:20:53",196.5,49.6,56.00,95,5,0,196.5,49.6,176,0,3,382.6,524
LineMode,"2025-02-08 
13:21:23",197.1,49.5,56.00,95,5,0,197.1,49.5,177,5,3,382.9,511
LineMode,"2025-02-08 
13:21:54",197.8,49.5,56.00,95,5,0,197.8,49.5,158,0,3,383.2,515
LineMode,"2025-02-08 
13:22:24",197.7,49.5,56.00,95,5,0,197.7,49.5,158,0,3,383.2,499
LineMode,"2025-02-08 
13:22:55",197.8,49.6,56.10,95,4,0,197.8,49.6,158,2,3,382.6,520
LineMode,"2025-02-08 
13:23:25",198.1,49.7,56.10,95,4,0,198.1,49.7,158,2,3,383.0,495
LineMode,"2025-02-08 
13:23:56",199.1,49.7,56.00,95,4,0,199.1,49.7,179,0,3,382.5,491
LineMode,"2025-02-08 
13:24:27",186.2,49.7,56.10,95,4,0,186.2,49.7,167,2,3,382.3,489
LineMode,"2025-02-08 
13:24:57",185.9,49.7,56.10,95,4,0,185.9,49.7,148,4,2,383.2,497
LineMode,"2025-02-08 
13:25:28",186.5,49.4,56.10,95,4,0,186.5,49.4,149,8,2,382.6,470
LineMode,"2025-02-08 
13:27:38",186.2,49.3,56.10,95,4,0,186.2,49.3,149,0,2,382.5,487
LineMode,"2025-02-08 
13:47:19",184.6,48.8,56.10,95,4,0,184.6,48.8,166,4,3,381.6,371
LineMode,"2025-02-08 
13:56:25",179.0,48.9,56.00,95,3,0,179.0,48.9,143,4,2,383.1,350
LineMode,"2025-02-08 
13:58:24",177.7,49.1,56.10,95,3,0,177.7,49.1,160,0,3,383.4,351
LineMode,"2025-02-08 
14:03:34",182.0,49.3,56.10,100,2,0,182.0,49.3,163,0,3,384.4,333
LineMode,"2025-02-08 
14:04:05",181.6,49.4,56.10,100,2,0,181.6,49.4,163,3,3,384.4,336
LineMode,"2025-02-08 
14:09:23",181.2,48.9,56.00,100,2,0,181.2,48.9,163,2,3,384.2,324
LineMode,"2025-02-08 
14:10:41",180.8,49.1,56.10,95,2,0,180.8,49.1,144,6,2,385.9,337
LineMode,"2025-02-08 
14:12:53",179.4,49.0,56.00,100,2,0,179.4,49.0,143,22,2,385.8,345
LineMode,"2025-02-08 
14:14:42",179.6,49.0,56.10,95,2,0,179.6,49.0,143,0,2,387.5,302
LineMode,"2025-02-08 
14:26:31",179.9,48.6,56.10,100,1,0,179.9,48.6,161,0,3,384.3,276
LineMode,"2025-02-08 
14:35:23",181.0,49.6,56.00,100,1,0,181.0,49.6,162,0,3,383.8,282
LineMode,"2025-02-08 
14:35:54",182.1,49.5,56.10,100,1,0,182.1,49.5,163,7,3,385.5,265
LineMode,"2025-02-08 
14:36:24",182.2,49.2,56.10,100,1,0,182.2,49.2,164,0,3,385.1,258
LineMode,"2025-02-08 
14:36:55",182.5,49.0,56.10,100,1,0,182.5,49.0,164,0,3,385.2,265
LineMode,"2025-02-08 
14:37:25",182.3,49.1,56.00,100,1,0,182.3,49.1,164,2,3,385.1,274
LineMode,"2025-02-08 
14:40:42",182.5,49.3,56.00,100,1,0,182.5,49.3,164,3,3,384.7,267
LineMode,"2025-02-08 
14:41:12",182.7,49.1,56.10,100,1,0,182.7,49.1,164,5,3,384.7,255
BatteryMode,"2025-02-08 
14:42:09",0.0,0.0,56.10,100,1,0,219.9,50.0,0,0,0,386.0,226
BatteryMode,"2025-02-08 
14:42:39",0.0,0.0,56.10,100,1,0,219.5,50.0,0,0,0,385.5,241
BatteryMode,"2025-02-08 
15:12:41",0.0,0.0,49.40,62,0,7,220.5,50.0,1121,1064,22,168.9,862
BatteryMode,"2025-02-08 
15:14:45",0.0,0.0,51.80,86,3,0,213.7,50.0,598,522,11,176.4,807
BatteryMode,"2025-02-08 
15:24:56",0.0,0.0,49.10,59,0,9,220.2,50.0,1166,1097,23,175.8,765
BatteryMode,"2025-02-08 
15:38:23",0.0,0.0,51.20,80,0,0,220.5,50.0,661,453,13,164.6,560
BatteryMode,"2025-02-08 
15:50:07",0.0,0.0,50.60,74,0,0,219.6,50.0,635,448,12,171.2,454
BatteryMode,"2025-02-08 
16:05:31",0.0,0.0,49.70,65,0,4,220.4,50.0,638,464,12,168.0,331
BatteryMode,"2025-02-08 
16:20:14",0.0,0.0,52.30,91,0,0,219.8,50.0,241,28,4,174.3,212
BatteryMode,"2025-02-08 
16:26:39",0.0,0.0,51.80,86,0,0,219.9,50.0,241,35,4,137.0,128
BatteryMode,"2025-02-08 
16:32:14",0.0,0.0,51.60,84,0,0,219.9,50.0,220,26,4,134.8,57
BatteryMode,"2025-02-08 
16:40:16",0.0,0.0,50.50,73,0,1,220.0,50.0,242,24,4,120.1,0
BatteryMode,"2025-02-08 
16:46:21",0.0,0.0,50.20,70,0,1,219.4,50.0,242,24,4,120.0,0
BatteryMode,"2025-02-08 
16:55:21",0.0,0.0,50.10,69,0,0,219.6,50.0,219,18,4,120.1,0
BatteryMode,"2025-02-08 
17:10:45",0.0,0.0,50.00,68,0,0,220.0,50.0,220,14,4,119.8,0
BatteryMode,"2025-02-08 
17:18:26",0.0,0.0,49.70,65,0,1,220.1,50.0,242,73,4,119.9,0
BatteryMode,"2025-02-08 
17:29:14",0.0,0.0,49.80,66,0,1,220.3,50.0,220,32,4,115.9,0
BatteryMode,"2025-02-08 
17:41:06",0.0,0.0,49.20,60,0,4,219.9,50.0,286,138,5,0.0,0
BatteryMode,"2025-02-08 
17:49:18",0.0,0.0,49.20,60,0,3,219.4,50.0,285,107,5,0.0,0
BatteryMode,"2025-02-08 
18:04:06",0.0,0.0,49.10,59,0,3,220.1,50.0,286,118,5,0.0,0
BatteryMode,"2025-02-08 
18:18:17",0.0,0.0,48.70,55,0,5,219.8,50.0,352,163,7,0.0,0
BatteryMode,"2025-02-08 
18:30:08",0.0,0.0,48.70,55,0,5,219.6,50.0,328,159,6,0.0,0
BatteryMode,"2025-02-08 
18:43:12",0.0,0.0,48.30,53,0,5,219.6,50.0,439,258,8,0.0,0
BatteryMode,"2025-02-08 
18:55:29",0.0,0.0,48.40,53,0,5,219.0,50.0,372,194,7,0.0,0
BatteryMode,"2025-02-08 
19:09:53",0.0,0.0,48.60,54,0,3,221.3,50.0,265,133,5,0.0,0
BatteryMode,"2025-02-08 
19:25:45",0.0,0.0,48.50,53,0,5,221.2,50.0,330,174,6,0.0,0
BatteryMode,"2025-02-08 
19:40:40",0.0,0.0,48.40,51,0,5,219.9,50.0,307,113,6,0.0,0
BatteryMode,"2025-02-08 
19:52:01",0.0,0.0,48.40,52,0,5,219.7,50.0,307,133,6,0.0,0
BatteryMode,"2025-02-08 
20:07:39",0.0,0.0,47.80,50,0,5,219.9,50.0,439,258,8,0.0,0
BatteryMode,"2025-02-08 
20:23:00",0.0,0.0,47.10,39,0,9,220.1,50.0,528,398,10,0.0,0
BatteryMode,"2025-02-08 
20:40:57",0.0,0.0,47.70,45,0,6,219.9,50.0,394,219,7,0.0,0
BatteryMode,"2025-02-08 
20:47:07",0.0,0.0,47.50,43,0,6,220.3,50.0,419,231,8,0.0,0
BatteryMode,"2025-02-08 
20:47:38",0.0,0.0,47.50,43,0,7,218.9,50.0,397,209,8,0.0,0
BatteryMode,"2025-02-08 
20:48:08",0.0,0.0,47.40,42,0,7,219.7,50.0,439,244,8,0.0,0
BatteryMode,"2025-02-08 
20:48:39",0.0,0.0,47.50,43,0,7,220.0,50.0,418,204,8,0.0,0
BatteryMode,"2025-02-08 
20:49:09",0.0,0.0,47.40,42,0,7,219.7,50.0,418,251,8,0.0,0
BatteryMode,"2025-02-08 
20:49:40",0.0,0.0,47.40,42,0,7,219.1,50.0,416,220,8,0.0,0
BatteryMode,"2025-02-08 
20:50:11",0.0,0.0,47.40,42,0,7,220.2,50.0,440,241,8,0.0,0
BatteryMode,"2025-02-08 
20:50:41",0.0,0.0,47.50,43,0,6,220.0,50.0,397,218,8,0.0,0
BatteryMode,"2025-02-08 
20:51:12",0.0,0.0,47.50,43,0,7,220.9,50.0,397,217,8,0.0,0
BatteryMode,"2025-02-08 
20:51:42",0.0,0.0,47.50,43,0,7,219.8,50.0,395,195,8,0.0,0
BatteryMode,"2025-02-08 
20:52:13",0.0,0.0,47.40,42,0,8,219.6,50.0,416,262,8,0.0,0
BatteryMode,"2025-02-08 
20:52:43",0.0,0.0,47.50,43,0,6,220.2,50.0,440,237,8,0.0,0
BatteryMode,"2025-02-08 
20:53:14",0.0,0.0,47.50,43,0,7,220.0,50.0,396,216,8,0.0,0
BatteryMode,"2025-02-08 
20:53:45",0.0,0.0,47.50,43,0,6,220.9,50.0,419,237,8,0.0,0
BatteryMode,"2025-02-08 
20:54:15",0.0,0.0,47.50,43,0,7,220.2,50.0,418,232,8,0.0,0
BatteryMode,"2025-02-08 
20:54:46",0.0,0.0,47.50,43,0,6,219.5,50.0,417,206,8,0.0,0
BatteryMode,"2025-02-08 
20:55:16",0.0,0.0,47.50,43,0,7,218.8,50.0,371,207,7,0.0,0
BatteryMode,"2025-02-08 
20:55:47",0.0,0.0,47.50,43,0,6,218.8,50.0,415,237,8,0.0,0
BatteryMode,"2025-02-08 
20:56:17",0.0,0.0,47.50,43,0,6,220.6,49.9,441,228,8,0.0,0
BatteryMode,"2025-02-08 
20:56:48",0.0,0.0,47.50,43,0,6,219.5,50.0,417,195,8,0.0,0
BatteryMode,"2025-02-08 
20:57:19",0.0,0.0,47.50,43,0,6,218.8,50.0,371,195,7,0.0,0
BatteryMode,"2025-02-08 
20:57:49",0.0,0.0,47.50,44,0,6,220.8,50.0,397,206,8,0.0,0
BatteryMode,"2025-02-08 
20:58:20",0.0,0.0,47.10,39,0,9,218.1,50.0,459,298,9,0.0,0
BatteryMode,"2025-02-08 
20:58:50",0.0,0.0,46.90,37,0,10,219.8,50.0,483,323,9,0.0,0
BatteryMode,"2025-02-08 
20:59:21",0.0,0.0,46.90,37,0,11,220.0,50.0,484,380,9,0.0,0
BatteryMode,"2025-02-08 
20:59:51",0.0,0.0,46.90,37,0,10,220.2,50.0,505,405,10,0.0,0
BatteryMode,"2025-02-08 
21:00:22",0.0,0.0,46.90,37,0,10,220.4,50.0,484,350,9,0.0,0
BatteryMode,"2025-02-08 
21:00:53",0.0,0.0,46.90,37,0,11,219.7,50.0,484,373,9,0.0,0
BatteryMode,"2025-02-08 
21:01:23",0.0,0.0,46.90,37,0,9,219.9,50.0,483,369,9,0.0,0
BatteryMode,"2025-02-08 
21:01:54",0.0,0.0,46.90,37,0,11,219.4,50.0,483,385,9,0.0,0
BatteryMode,"2025-02-08 
21:02:24",0.0,0.0,46.90,37,0,10,218.7,50.0,481,354,9,0.0,0
BatteryMode,"2025-02-08 
21:02:55",0.0,0.0,46.80,36,0,11,219.7,50.0,483,364,10,0.0,0
BatteryMode,"2025-02-08 
21:03:26",0.0,0.0,47.00,38,0,9,219.5,50.0,440,312,9,0.0,0
BatteryMode,"2025-02-08 
21:03:56",0.0,0.0,47.00,38,0,9,220.3,50.0,440,288,9,0.0,0
BatteryMode,"2025-02-08 
21:04:27",0.0,0.0,47.10,38,0,9,220.5,50.0,441,290,9,0.0,0
BatteryMode,"2025-02-08 
21:04:57",0.0,0.0,47.00,38,0,9,219.2,49.9,438,301,9,0.0,0
BatteryMode,"2025-02-08 
21:05:28",0.0,0.0,47.00,38,0,10,220.5,50.0,441,324,9,0.0,0
BatteryMode,"2025-02-08 
21:05:58",0.0,0.0,47.00,38,0,8,220.5,50.0,441,256,9,0.0,0
BatteryMode,"2025-02-08 
21:06:29",0.0,0.0,46.90,37,0,9,219.9,50.0,462,294,9,0.0,0
BatteryMode,"2025-02-08 
21:07:00",0.0,0.0,46.90,37,0,10,219.9,50.0,439,314,9,0.0,0
BatteryMode,"2025-02-08 
21:07:30",0.0,0.0,47.00,37,0,9,220.0,50.0,418,287,8,0.0,0
BatteryMode,"2025-02-08 
21:08:01",0.0,0.0,46.80,36,0,9,219.4,50.0,482,321,9,0.0,0
BatteryMode,"2025-02-08 
21:08:31",0.0,0.0,46.90,37,0,8,220.8,50.0,441,273,9,0.0,0
BatteryMode,"2025-02-08 
21:09:02",0.0,0.0,46.80,36,0,10,220.0,49.9,460,331,9,0.0,0
BatteryMode,"2025-02-08 
21:09:32",0.0,0.0,46.70,35,0,9,219.2,50.0,484,377,10,0.0,0
BatteryMode,"2025-02-08 
21:10:03",0.0,0.0,46.70,35,0,9,219.4,49.9,504,381,10,0.0,0
BatteryMode,"2025-02-08 
21:10:34",0.0,0.0,46.70,35,0,9,219.6,50.0,503,340,10,0.0,0
BatteryMode,"2025-02-08 
21:11:04",0.0,0.0,46.70,35,0,10,219.6,50.0,506,383,10,0.0,0
BatteryMode,"2025-02-08 
21:11:35",0.0,0.0,46.70,35,0,9,219.9,49.9,506,371,10,0.0,0
BatteryMode,"2025-02-08 
21:12:05",0.0,0.0,46.60,34,0,9,219.7,50.0,505,362,10,0.0,0
BatteryMode,"2025-02-08 
21:12:36",0.0,0.0,46.60,34,0,9,220.3,50.0,506,351,10,0.0,0
BatteryMode,"2025-02-08 
21:13:07",0.0,0.0,46.80,36,0,9,220.1,50.0,439,298,9,0.0,0
BatteryMode,"2025-02-08 
21:13:37",0.0,0.0,46.80,34,0,10,219.9,50.0,417,281,8,0.0,0
BatteryMode,"2025-02-08 
21:14:08",0.0,0.0,46.60,34,0,9,220.4,50.0,484,333,10,0.0,0
BatteryMode,"2025-02-08 
21:14:38",0.0,0.0,46.60,34,0,9,221.1,50.0,484,363,10,0.0,0
BatteryMode,"2025-02-08 
21:15:09",0.0,0.0,46.60,34,0,9,219.1,50.0,482,364,10,0.0,0
BatteryMode,"2025-02-08 
21:15:39",0.0,0.0,46.60,34,0,9,220.3,50.0,484,378,10,0.0,0
BatteryMode,"2025-02-08 
21:16:10",0.0,0.0,47.00,38,0,8,219.1,50.0,373,257,7,0.0,0
BatteryMode,"2025-02-08 
21:16:41",0.0,0.0,47.00,38,0,8,219.3,50.0,372,280,7,0.0,0
BatteryMode,"2025-02-08 
21:17:11",0.0,0.0,47.00,38,0,8,219.6,50.0,375,267,7,0.0,0
BatteryMode,"2025-02-08 
21:17:42",0.0,0.0,47.00,38,0,9,220.2,50.0,352,258,7,0.0,0
BatteryMode,"2025-02-08 
21:18:12",0.0,0.0,47.00,38,0,8,220.1,50.0,374,258,7,0.0,0
BatteryMode,"2025-02-08 
21:18:43",0.0,0.0,47.00,38,0,7,220.5,50.0,374,251,7,0.0,0
BatteryMode,"2025-02-08 
21:19:13",0.0,0.0,47.00,38,0,8,220.4,50.0,374,260,7,0.0,0
BatteryMode,"2025-02-08 
21:19:44",0.0,0.0,46.90,37,0,7,220.6,50.0,375,254,7,0.0,0
BatteryMode,"2025-02-08 
21:20:15",0.0,0.0,46.90,38,0,8,220.4,50.0,374,275,7,0.0,0
BatteryMode,"2025-02-08 
21:20:45",0.0,0.0,46.90,37,0,8,219.6,50.0,373,243,7,0.0,0
BatteryMode,"2025-02-08 
21:21:16",0.0,0.0,46.90,37,0,8,218.3,50.0,371,258,7,0.0,0
BatteryMode,"2025-02-08 
21:21:46",0.0,0.0,47.00,38,0,8,220.0,50.0,373,261,7,0.0,0
BatteryMode,"2025-02-08 
21:22:17",0.0,0.0,46.90,37,0,8,220.4,50.0,396,274,8,0.0,0
BatteryMode,"2025-02-08 
21:22:48",0.0,0.0,46.90,37,0,9,220.7,50.0,397,281,8,0.0,0
BatteryMode,"2025-02-08 
21:23:18",0.0,0.0,46.90,37,0,9,219.4,50.0,371,269,7,0.0,0
BatteryMode,"2025-02-08 
21:23:49",0.0,0.0,46.90,37,0,7,220.5,50.0,374,262,7,0.0,0
BatteryMode,"2025-02-08 
21:24:19",0.0,0.0,46.90,37,0,8,220.1,50.0,330,190,6,0.0,0
BatteryMode,"2025-02-08 
21:24:50",0.0,0.0,46.90,37,0,8,220.2,50.0,374,263,7,0.0,0
BatteryMode,"2025-02-08 
21:25:20",0.0,0.0,46.90,37,0,8,220.3,50.0,374,260,7,0.0,0
BatteryMode,"2025-02-08 
21:25:51",0.0,0.0,46.90,37,0,9,219.0,50.0,394,266,8,0.0,0
BatteryMode,"2025-02-08 
21:26:21",0.0,0.0,46.90,37,0,8,219.5,49.9,395,273,8,0.0,0
BatteryMode,"2025-02-08 
21:26:52",0.0,0.0,46.90,37,0,6,220.5,49.9,395,214,8,0.0,0
BatteryMode,"2025-02-08 
21:27:23",0.0,0.0,47.00,38,0,7,219.4,50.0,351,230,7,0.0,0
BatteryMode,"2025-02-08 
21:27:53",0.0,0.0,47.20,40,0,6,219.2,50.0,331,212,6,0.0,0
BatteryMode,"2025-02-08 
21:28:24",0.0,0.0,46.90,37,0,8,219.8,50.0,395,274,8,0.0,0
BatteryMode,"2025-02-08 
21:28:54",0.0,0.0,46.90,37,0,8,220.4,49.9,373,278,7,0.0,0
BatteryMode,"2025-02-08 
21:29:25",0.0,0.0,46.70,35,0,8,219.7,50.0,418,284,8,0.0,0
BatteryMode,"2025-02-08 
21:29:56",0.0,0.0,46.70,35,0,8,220.3,50.0,418,285,8,0.0,0
BatteryMode,"2025-02-08 
21:30:26",0.0,0.0,46.80,36,0,8,218.2,50.0,395,267,8,0.0,0
BatteryMode,"2025-02-08 
21:30:57",0.0,0.0,46.70,35,0,10,219.5,49.9,394,324,8,0.0,0
BatteryMode,"2025-02-08 
21:31:27",0.0,0.0,46.70,35,0,8,220.3,50.0,418,272,8,0.0,0
BatteryMode,"2025-02-08 
21:31:58",0.0,0.0,46.70,35,0,9,219.3,50.0,396,297,8,0.0,0
BatteryMode,"2025-02-08 
21:32:29",0.0,0.0,46.80,36,0,8,220.9,50.0,396,260,8,0.0,0
BatteryMode,"2025-02-08 
21:32:59",0.0,0.0,46.80,36,0,6,219.5,50.0,373,258,7,0.0,0
BatteryMode,"2025-02-08 
21:33:30",0.0,0.0,46.80,36,0,7,219.1,50.0,350,237,7,0.0,0
BatteryMode,"2025-02-08 
21:34:00",0.0,0.0,46.80,36,0,7,221.4,50.0,376,251,7,0.0,0
BatteryMode,"2025-02-08 
21:34:31",0.0,0.0,46.70,36,0,8,219.3,50.0,394,245,8,0.0,0
BatteryMode,"2025-02-08 
21:35:01",0.0,0.0,46.80,36,0,8,220.2,50.0,396,291,8,0.0,0
BatteryMode,"2025-02-08 
21:35:32",0.0,0.0,46.70,35,0,8,220.6,49.9,396,264,8,0.0,0
BatteryMode,"2025-02-08 
21:36:03",0.0,0.0,46.70,35,0,8,219.6,50.0,396,268,8,0.0,0
BatteryMode,"2025-02-08 
21:36:33",0.0,0.0,46.70,35,0,7,218.0,50.0,370,239,7,0.0,0
BatteryMode,"2025-02-08 
21:37:04",0.0,0.0,46.70,35,0,7,220.8,49.9,374,293,7,0.0,0
BatteryMode,"2025-02-08 
21:37:34",0.0,0.0,46.70,35,0,7,220.0,50.0,396,270,8,0.0,0
BatteryMode,"2025-02-08 
21:38:05",0.0,0.0,46.70,35,0,8,220.3,50.0,374,275,7,0.0,0
BatteryMode,"2025-02-08 
21:38:36",0.0,0.0,46.70,35,0,7,220.0,50.0,373,236,7,0.0,0
BatteryMode,"2025-02-08 
21:39:06",0.0,0.0,46.70,34,0,7,220.3,50.0,374,263,7,0.0,0
BatteryMode,"2025-02-08 
21:39:37",0.0,0.0,46.70,35,0,8,218.9,50.0,395,282,8,0.0,0
BatteryMode,"2025-02-08 
21:40:07",0.0,0.0,46.60,34,0,9,220.0,50.0,396,289,8,0.0,0
BatteryMode,"2025-02-08 
21:40:38",0.0,0.0,46.70,35,0,8,219.6,50.0,396,270,8,0.0,0
BatteryMode,"2025-02-08 
21:41:08",0.0,0.0,46.70,35,0,8,220.2,50.0,374,256,7,0.0,0
BatteryMode,"2025-02-08 
21:41:39",0.0,0.0,46.60,34,0,8,220.0,50.0,352,266,7,0.0,0
BatteryMode,"2025-02-08 
21:42:10",0.0,0.0,46.90,37,0,6,220.3,50.0,352,201,7,0.0,0
BatteryMode,"2025-02-08 
21:42:40",0.0,0.0,46.70,35,0,8,220.6,50.0,376,260,7,0.0,0
BatteryMode,"2025-02-08 
21:43:11",0.0,0.0,46.60,34,0,8,220.2,50.0,396,269,8,0.0,0
BatteryMode,"2025-02-08 
21:43:41",0.0,0.0,46.70,35,0,8,220.1,50.0,374,270,7,0.0,0
BatteryMode,"2025-02-08 
21:44:12",0.0,0.0,46.60,34,0,7,219.8,50.0,375,247,7,0.0,0
BatteryMode,"2025-02-08 
21:44:43",0.0,0.0,46.60,34,0,7,220.1,50.0,374,252,7,0.0,0
BatteryMode,"2025-02-08 
21:45:13",0.0,0.0,46.70,37,0,5,219.4,50.0,351,254,7,0.0,0
BatteryMode,"2025-02-08 
21:45:44",0.0,0.0,46.60,35,0,8,220.4,50.0,352,256,7,0.0,0
BatteryMode,"2025-02-08 
21:48:21",0.0,0.0,46.60,34,0,8,220.2,50.0,374,260,7,0.0,0
BatteryMode,"2025-02-08 
22:00:06",0.0,0.0,46.30,31,0,8,219.4,50.0,394,280,8,0.0,0
BatteryMode,"2025-02-08 
22:18:51",0.0,0.0,47.00,38,0,3,218.8,50.0,306,108,6,0.0,0
BatteryMode,"2025-02-08 
22:32:33",0.0,0.0,47.20,40,0,3,218.7,50.0,240,100,4,0.0,0
BatteryMode,"2025-02-08 
22:33:04",0.0,0.0,47.10,39,0,3,219.3,50.0,286,94,5,0.0,0
BatteryMode,"2025-02-08 
22:33:35",0.0,0.0,46.90,37,0,4,219.4,50.0,285,98,5,0.0,0
BatteryMode,"2025-02-08 
22:34:05",0.0,0.0,46.90,37,0,3,220.0,50.0,306,115,6,0.0,0
BatteryMode,"2025-02-08 
22:34:36",0.0,0.0,46.90,37,0,4,219.8,49.9,285,131,5,0.0,0
BatteryMode,"2025-02-08 
22:35:06",0.0,0.0,47.00,38,0,4,219.6,50.0,285,120,5,0.0,0
BatteryMode,"2025-02-08 
22:35:37",0.0,0.0,46.90,37,0,4,220.7,50.0,286,114,5,0.0,0
BatteryMode,"2025-02-08 
22:36:07",0.0,0.0,47.00,38,0,3,218.8,50.0,284,113,5,0.0,0
BatteryMode,"2025-02-08 
22:36:38",0.0,0.0,46.90,38,0,4,220.7,50.0,307,141,6,0.0,0
BatteryMode,"2025-02-08 
22:37:09",0.0,0.0,47.00,38,0,3,219.3,50.0,285,111,5,0.0,0
BatteryMode,"2025-02-08 
22:37:39",0.0,0.0,47.00,38,0,4,219.6,50.0,285,121,5,0.0,0
BatteryMode,"2025-02-08 
22:38:10",0.0,0.0,47.00,38,0,3,221.2,50.0,264,101,5,0.0,0
BatteryMode,"2025-02-08 
22:38:40",0.0,0.0,47.00,38,0,3,220.0,49.9,286,135,5,0.0,0
BatteryMode,"2025-02-08 
22:39:11",0.0,0.0,47.00,38,0,3,219.5,50.0,285,98,5,0.0,0
BatteryMode,"2025-02-08 
22:39:42",0.0,0.0,47.00,38,0,3,220.2,50.0,285,123,5,0.0,0
BatteryMode,"2025-02-08 
22:40:12",0.0,0.0,47.00,38,0,3,220.1,50.0,286,121,5,0.0,0
BatteryMode,"2025-02-08 
22:40:43",0.0,0.0,47.00,38,0,4,220.0,50.0,286,158,5,0.0,0
BatteryMode,"2025-02-08 
22:41:13",0.0,0.0,47.00,38,0,3,220.6,50.0,286,114,5,0.0,0
BatteryMode,"2025-02-08 
22:41:44",0.0,0.0,47.00,38,0,3,219.6,50.0,285,108,5,0.0,0
BatteryMode,"2025-02-08 
22:42:15",0.0,0.0,47.00,38,0,3,220.5,50.0,264,100,5,0.0,0
BatteryMode,"2025-02-08 
22:42:45",0.0,0.0,47.00,38,0,3,219.9,50.0,263,102,5,0.0,0
BatteryMode,"2025-02-08 
22:43:16",0.0,0.0,47.00,38,0,3,220.3,50.0,285,109,5,0.0,0
BatteryMode,"2025-02-08 
22:43:46",0.0,0.0,47.00,38,0,3,221.5,50.0,265,134,5,0.0,0
BatteryMode,"2025-02-08 
22:44:17",0.0,0.0,47.00,38,0,3,218.7,50.0,262,121,5,0.0,0
BatteryMode,"2025-02-08 
22:44:48",0.0,0.0,47.00,38,0,3,220.8,50.0,263,118,5,0.0,0
BatteryMode,"2025-02-08 
22:45:18",0.0,0.0,46.90,37,0,3,220.6,49.9,286,112,5,0.0,0
BatteryMode,"2025-02-08 
22:45:49",0.0,0.0,47.00,38,0,3,220.3,50.0,264,108,5,0.0,0
BatteryMode,"2025-02-08 
22:46:19",0.0,0.0,47.00,38,0,4,219.7,50.0,285,113,5,0.0,0
BatteryMode,"2025-02-08 
22:46:50",0.0,0.0,47.00,38,0,2,220.4,50.0,286,104,5,0.0,0
BatteryMode,"2025-02-08 
22:47:21",0.0,0.0,47.00,38,0,3,219.9,50.0,285,80,5,0.0,0
BatteryMode,"2025-02-08 
22:47:51",0.0,0.0,47.00,38,0,3,219.7,50.0,285,114,5,0.0,0
BatteryMode,"2025-02-08 
22:48:22",0.0,0.0,47.00,38,0,3,219.8,50.0,263,103,5,0.0,0
BatteryMode,"2025-02-08 
22:48:52",0.0,0.0,47.00,38,0,3,220.2,50.0,286,103,5,0.0,0
BatteryMode,"2025-02-08 
22:49:23",0.0,0.0,47.00,38,0,3,222.2,50.0,287,113,5,0.0,0
BatteryMode,"2025-02-08 
22:49:53",0.0,0.0,47.00,38,0,3,220.3,50.0,264,130,5,0.0,0
BatteryMode,"2025-02-08 
22:50:24",0.0,0.0,47.00,38,0,3,219.4,50.0,264,103,5,0.0,0
BatteryMode,"2025-02-08 
22:50:55",0.0,0.0,47.00,38,0,3,219.2,50.0,263,109,5,0.0,0
BatteryMode,"2025-02-08 
22:51:25",0.0,0.0,47.00,38,0,2,221.8,50.0,310,126,6,0.0,0
BatteryMode,"2025-02-08 
22:51:56",0.0,0.0,46.90,37,0,3,220.5,50.0,263,109,5,0.0,0
BatteryMode,"2025-02-08 
22:52:26",0.0,0.0,47.00,38,0,3,220.4,50.0,286,99,5,0.0,0
BatteryMode,"2025-02-08 
22:52:57",0.0,0.0,46.90,37,0,3,220.4,50.0,264,113,5,0.0,0
BatteryMode,"2025-02-08 
22:53:28",0.0,0.0,47.00,38,0,3,219.7,50.0,263,113,5,0.0,0
BatteryMode,"2025-02-08 
22:53:58",0.0,0.0,46.90,37,0,4,222.1,50.0,288,128,5,0.0,0
BatteryMode,"2025-02-08 
22:54:29",0.0,0.0,47.00,38,0,3,219.7,50.0,264,102,5,0.0,0
BatteryMode,"2025-02-08 
22:54:59",0.0,0.0,47.00,38,0,3,220.1,50.0,262,99,5,0.0,0
BatteryMode,"2025-02-08 
22:55:30",0.0,0.0,47.00,38,0,3,220.5,50.0,263,100,5,0.0,0
BatteryMode,"2025-02-08 
22:56:01",0.0,0.0,47.00,38,0,4,220.2,50.0,264,125,5,0.0,0
BatteryMode,"2025-02-08 
22:56:31",0.0,0.0,47.00,38,0,2,220.0,50.0,264,85,5,0.0,0
BatteryMode,"2025-02-08 
22:57:02",0.0,0.0,47.00,38,0,3,218.5,50.0,240,71,4,0.0,0
BatteryMode,"2025-02-08 
22:57:32",0.0,0.0,47.00,38,0,3,220.2,50.0,262,113,5,0.0,0
BatteryMode,"2025-02-08 
22:58:03",0.0,0.0,47.00,38,0,3,220.4,50.0,264,94,5,0.0,0
BatteryMode,"2025-02-08 
22:58:34",0.0,0.0,47.00,38,0,3,219.8,50.0,285,91,5,0.0,0
BatteryMode,"2025-02-08 
22:59:04",0.0,0.0,46.90,37,0,3,219.9,50.0,263,104,5,0.0,0
BatteryMode,"2025-02-08 
22:59:35",0.0,0.0,46.90,37,0,3,219.6,50.0,286,107,5,0.0,0
BatteryMode,"2025-02-08 
23:00:05",0.0,0.0,46.90,37,0,3,220.0,50.0,286,91,5,0.0,0
BatteryMode,"2025-02-08 
23:00:36",0.0,0.0,46.90,37,0,3,220.0,50.0,286,86,5,0.0,0
BatteryMode,"2025-02-08 
23:01:07",0.0,0.0,46.90,37,0,4,220.8,50.0,287,122,5,0.0,0
BatteryMode,"2025-02-08 
23:01:37",0.0,0.0,46.90,37,0,2,219.8,49.9,263,78,5,0.0,0
BatteryMode,"2025-02-08 
23:02:08",0.0,0.0,47.00,38,0,2,219.4,50.0,263,80,5,0.0,0
BatteryMode,"2025-02-08 
23:02:39",0.0,0.0,46.90,37,0,3,221.2,50.0,288,95,5,0.0,0
BatteryMode,"2025-02-08 
23:09:36",0.0,0.0,47.00,38,0,2,219.3,50.0,262,79,5,0.0,0
BatteryMode,"2025-02-08 
23:19:03",0.0,0.0,47.00,38,0,3,220.3,50.0,242,101,4,0.0,0
BatteryMode,"2025-02-08 
23:27:58",0.0,0.0,46.90,37,0,3,219.9,50.0,263,76,5,0.0,0
BatteryMode,"2025-02-08 
23:37:53",0.0,0.0,47.00,38,0,2,219.8,50.0,240,77,4,0.0,0
BatteryMode,"2025-02-08 
23:48:52",0.0,0.0,46.60,34,0,3,219.5,50.0,263,114,5,0.0,0
BatteryMode,"2025-02-08 
23:58:00",0.0,0.0,46.60,34,0,3,219.1,50.0,241,110,5,0.0,0
BatteryMode,"2025-02-09 
00:04:59",0.0,0.0,46.90,37,0,1,219.9,50.0,219,75,4,0.0,0
BatteryMode,"2025-02-09 
00:05:29",0.0,0.0,46.90,37,0,1,220.0,50.0,220,46,4,0.0,0
BatteryMode,"2025-02-09 
00:06:00",0.0,0.0,46.90,37,0,2,220.8,50.0,242,61,4,0.0,0
BatteryMode,"2025-02-09 
00:06:31",0.0,0.0,46.90,37,0,1,219.7,50.0,241,50,4,0.0,0
BatteryMode,"2025-02-09 
00:07:01",0.0,0.0,46.90,37,0,2,219.8,49.9,241,16,4,0.0,0
BatteryMode,"2025-02-09 
00:07:32",0.0,0.0,46.90,37,0,2,220.3,50.0,219,56,4,0.0,0
BatteryMode,"2025-02-09 
00:08:02",0.0,0.0,47.10,39,0,1,219.8,50.0,219,21,4,0.0,0
BatteryMode,"2025-02-09 
00:08:33",0.0,0.0,47.10,39,0,1,220.6,50.0,220,36,4,0.0,0
BatteryMode,"2025-02-09 
00:09:04",0.0,0.0,47.10,39,0,1,220.3,50.0,220,18,4,0.0,0
BatteryMode,"2025-02-09 
00:09:34",0.0,0.0,47.10,39,0,0,219.9,49.9,219,40,4,0.0,0
BatteryMode,"2025-02-09 
00:10:05",0.0,0.0,47.10,39,0,1,219.9,50.0,221,24,4,0.0,0
BatteryMode,"2025-02-09 
00:10:35",0.0,0.0,47.10,39,0,0,219.7,50.0,219,20,4,0.0,0
BatteryMode,"2025-02-09 
00:11:06",0.0,0.0,47.10,39,0,0,219.9,50.0,219,16,4,0.0,0
BatteryMode,"2025-02-09 
00:11:37",0.0,0.0,47.10,39,0,1,220.9,50.0,220,27,4,0.0,0
BatteryMode,"2025-02-09 
00:12:07",0.0,0.0,47.10,39,0,0,219.4,50.0,219,15,4,0.0,0
BatteryMode,"2025-02-09 
00:12:38",0.0,0.0,47.10,39,0,0,220.6,50.0,220,11,4,0.0,0
BatteryMode,"2025-02-09 
00:13:09",0.0,0.0,47.10,39,0,1,220.3,50.0,220,40,4,0.0,0
BatteryMode,"2025-02-09 
00:13:39",0.0,0.0,47.10,39,0,1,220.4,50.0,220,26,4,0.0,0
BatteryMode,"2025-02-09 
00:14:10",0.0,0.0,47.10,39,0,1,219.8,50.0,219,22,4,0.0,0
BatteryMode,"2025-02-09 
00:14:40",0.0,0.0,47.10,39,0,1,220.4,50.0,220,17,4,0.0,0
BatteryMode,"2025-02-09 
00:15:11",0.0,0.0,47.10,39,0,1,221.0,49.9,221,12,4,0.0,0
BatteryMode,"2025-02-09 
00:15:42",0.0,0.0,47.10,39,0,1,219.3,50.0,198,29,4,0.0,0
BatteryMode,"2025-02-09 
00:16:12",0.0,0.0,47.10,39,0,0,220.1,50.0,220,15,4,0.0,0
BatteryMode,"2025-02-09 
00:16:43",0.0,0.0,47.10,39,0,1,220.3,50.0,220,22,4,0.0,0
BatteryMode,"2025-02-09 
00:17:13",0.0,0.0,47.20,40,0,0,219.8,50.0,219,24,4,0.0,0
BatteryMode,"2025-02-09 
00:17:44",0.0,0.0,47.20,40,0,0,219.8,50.0,219,22,4,0.0,0
BatteryMode,"2025-02-09 
00:18:15",0.0,0.0,47.10,39,0,1,219.7,50.0,220,30,4,0.0,0
BatteryMode,"2025-02-09 
00:18:45",0.0,0.0,47.10,39,0,1,220.3,49.9,220,36,4,0.0,0
BatteryMode,"2025-02-09 
00:19:16",0.0,0.0,47.10,39,0,2,221.0,49.9,221,31,4,0.0,0
BatteryMode,"2025-02-09 
00:19:46",0.0,0.0,47.10,39,0,1,220.2,50.0,220,21,4,0.0,0
BatteryMode,"2025-02-09 
00:20:17",0.0,0.0,47.10,39,0,1,220.2,50.0,242,22,4,0.0,0
BatteryMode,"2025-02-09 
00:20:48",0.0,0.0,47.00,38,0,2,219.9,50.0,242,52,4,0.0,0
BatteryMode,"2025-02-09 
00:21:18",0.0,0.0,47.10,39,0,1,219.3,50.0,219,45,4,0.0,0
BatteryMode,"2025-02-09 
00:21:49",0.0,0.0,47.10,39,0,1,219.7,50.0,219,18,4,0.0,0
BatteryMode,"2025-02-09 
00:22:19",0.0,0.0,47.00,38,0,1,219.6,50.0,241,51,4,0.0,0
BatteryMode,"2025-02-09 
00:22:50",0.0,0.0,47.10,39,0,1,219.8,50.0,241,15,4,0.0,0
BatteryMode,"2025-02-09 
00:23:21",0.0,0.0,47.10,39,0,1,219.7,49.9,220,19,4,0.0,0
BatteryMode,"2025-02-09 
00:23:51",0.0,0.0,47.10,39,0,0,220.1,49.9,242,13,4,0.0,0
BatteryMode,"2025-02-09 
00:24:22",0.0,0.0,47.10,39,0,1,219.9,50.0,219,25,4,0.0,0
BatteryMode,"2025-02-09 
00:24:52",0.0,0.0,47.10,39,0,1,219.8,50.0,221,28,4,0.0,0
BatteryMode,"2025-02-09 
00:25:23",0.0,0.0,47.10,39,0,0,221.1,50.0,220,16,4,0.0,0
BatteryMode,"2025-02-09 
00:25:54",0.0,0.0,47.10,39,0,0,220.6,50.0,220,39,4,0.0,0
BatteryMode,"2025-02-09 
00:26:24",0.0,0.0,47.10,39,0,0,219.6,50.0,220,4,4,0.0,0
BatteryMode,"2025-02-09 
00:26:55",0.0,0.0,47.10,39,0,1,220.1,50.0,220,27,4,0.0,0
BatteryMode,"2025-02-09 
00:27:26",0.0,0.0,47.10,39,0,0,220.0,50.0,220,13,4,0.0,0
BatteryMode,"2025-02-09 
00:27:56",0.0,0.0,47.10,39,0,0,220.7,50.0,220,9,4,0.0,0
BatteryMode,"2025-02-09 
00:28:27",0.0,0.0,47.10,39,0,0,219.8,50.0,220,0,4,0.0,0
BatteryMode,"2025-02-09 
00:28:57",0.0,0.0,47.10,39,0,0,220.1,49.9,220,17,4,0.0,0
BatteryMode,"2025-02-09 
00:29:28",0.0,0.0,47.10,39,0,1,220.5,49.9,220,28,4,0.0,0
BatteryMode,"2025-02-09 
00:29:59",0.0,0.0,47.10,39,0,0,219.7,50.0,219,12,4,0.0,0
BatteryMode,"2025-02-09 
00:30:29",0.0,0.0,47.10,39,0,0,220.0,49.9,220,24,4,0.0,0
BatteryMode,"2025-02-09 
00:31:00",0.0,0.0,47.10,39,0,0,219.0,50.0,219,7,4,0.0,0
BatteryMode,"2025-02-09 
00:31:30",0.0,0.0,47.10,39,0,1,219.8,50.0,219,27,4,0.0,0
BatteryMode,"2025-02-09 
00:32:01",0.0,0.0,47.10,39,0,1,219.4,50.0,198,27,4,0.0,0
BatteryMode,"2025-02-09 
00:32:32",0.0,0.0,47.10,39,0,1,220.1,50.0,220,0,4,0.0,0
BatteryMode,"2025-02-09 
00:33:02",0.0,0.0,47.10,39,0,1,220.2,50.0,220,16,4,0.0,0
BatteryMode,"2025-02-09 
00:33:33",0.0,0.0,47.10,39,0,0,220.6,50.0,221,17,4,0.0,0
BatteryMode,"2025-02-09 
00:34:03",0.0,0.0,47.10,39,0,1,219.6,50.0,219,24,4,0.0,0
BatteryMode,"2025-02-09 
00:34:34",0.0,0.0,47.10,39,0,1,220.0,50.0,220,29,4,0.0,0
BatteryMode,"2025-02-09 
00:35:05",0.0,0.0,47.10,39,0,1,219.6,50.0,219,18,4,0.0,0
BatteryMode,"2025-02-09 
00:35:35",0.0,0.0,47.10,39,0,1,218.5,50.0,218,21,4,0.0,0
BatteryMode,"2025-02-09 
00:36:06",0.0,0.0,47.10,39,0,1,220.7,50.0,220,45,4,0.0,0
BatteryMode,"2025-02-09 
00:42:00",0.0,0.0,47.00,38,0,1,219.5,50.0,220,40,4,0.0,0
BatteryMode,"2025-02-09 
00:43:54",0.0,0.0,47.10,39,0,1,219.3,50.0,219,13,4,0.0,0
BatteryMode,"2025-02-09 
00:46:56",0.0,0.0,47.00,38,0,1,220.6,50.0,219,25,4,0.0,0
BatteryMode,"2025-02-09 
00:56:30",0.0,0.0,47.00,38,0,0,219.6,50.0,219,36,4,0.0,0
BatteryMode,"2025-02-09 
01:01:46",0.0,0.0,46.90,37,0,0,219.3,50.0,241,19,4,0.0,0
BatteryMode,"2025-02-09 
01:06:39",0.0,0.0,46.80,36,0,1,220.2,50.0,219,17,4,0.0,0
BatteryMode,"2025-02-09 
01:09:08",0.0,0.0,46.70,35,0,0,219.1,50.0,241,35,5,0.0,0
BatteryMode,"2025-02-09 
01:13:53",0.0,0.0,45.10,19,0,1,220.2,50.0,242,5,5,0.0,0
BatteryMode,"2025-02-09 
11:55:36",0.0,0.0,56.10,100,0,0,219.6,50.0,285,197,5,375.5,416
BatteryMode,"2025-02-09 
11:56:07",0.0,0.0,56.10,100,0,0,219.7,50.0,285,228,5,375.7,413
BatteryMode,"2025-02-09 
11:56:38",0.0,0.0,56.00,100,0,0,220.9,50.0,287,224,5,376.0,411
BatteryMode,"2025-02-09 
11:57:08",0.0,0.0,56.00,100,0,0,220.3,50.0,286,235,5,376.2,417
BatteryMode,"2025-02-09 
11:57:39",0.0,0.0,56.10,100,0,0,219.6,49.9,286,210,5,376.3,411
BatteryMode,"2025-02-09 
11:58:09",0.0,0.0,56.10,100,0,0,220.9,50.0,287,216,5,376.7,425
BatteryMode,"2025-02-09 
11:58:40",0.0,0.0,56.10,100,0,0,218.6,50.0,285,228,5,376.7,408
BatteryMode,"2025-02-09 
11:59:11",0.0,0.0,56.00,100,0,0,219.9,50.0,285,217,5,376.8,407
BatteryMode,"2025-02-09 
11:59:41",0.0,0.0,56.10,100,0,0,219.2,49.9,284,204,5,376.8,412
BatteryMode,"2025-02-09 
12:00:12",0.0,0.0,56.10,100,0,0,221.4,50.0,286,200,5,376.3,421
BatteryMode,"2025-02-09 
12:00:43",0.0,0.0,56.00,100,0,0,219.9,50.0,286,221,5,376.1,430
BatteryMode,"2025-02-09 
12:01:13",0.0,0.0,56.00,100,0,0,219.0,50.0,284,211,5,376.0,414
BatteryMode,"2025-02-09 
12:01:44",0.0,0.0,56.10,100,0,0,219.6,50.0,285,201,5,375.4,419
BatteryMode,"2025-02-09 
12:02:14",0.0,0.0,56.10,100,0,0,220.1,50.0,286,231,5,377.2,439
BatteryMode,"2025-02-09 
12:02:45",0.0,0.0,56.10,100,0,0,220.0,49.9,286,225,5,377.1,440
BatteryMode,"2025-02-09 
12:03:16",0.0,0.0,56.00,100,0,0,220.0,50.0,286,214,5,377.4,434
BatteryMode,"2025-02-09 
12:03:46",0.0,0.0,56.00,100,0,0,218.9,50.0,285,210,5,377.4,430
BatteryMode,"2025-02-09 
12:04:17",0.0,0.0,56.00,100,0,0,220.3,50.0,285,215,5,378.1,408
BatteryMode,"2025-02-09 
12:04:48",0.0,0.0,56.00,100,0,0,219.9,50.0,285,218,5,378.4,417
BatteryMode,"2025-02-09 
12:05:18",0.0,0.0,56.10,100,0,0,221.2,50.0,288,222,5,377.8,430
BatteryMode,"2025-02-09 
12:05:49",0.0,0.0,56.00,100,0,0,220.4,50.0,286,226,5,378.0,425
BatteryMode,"2025-02-09 
12:06:19",0.0,0.0,56.10,100,0,0,218.9,50.0,284,190,5,378.0,421
BatteryMode,"2025-02-09 
12:06:50",0.0,0.0,56.00,100,0,0,219.4,50.0,285,196,5,377.9,406
BatteryMode,"2025-02-09 
12:07:21",0.0,0.0,56.00,100,0,0,220.9,50.0,286,205,5,377.6,438
BatteryMode,"2025-02-09 
12:07:51",0.0,0.0,56.00,100,0,0,219.5,50.0,285,229,5,378.1,412
BatteryMode,"2025-02-09 
12:08:22",0.0,0.0,56.00,100,0,0,220.5,50.0,286,241,5,378.6,422
BatteryMode,"2025-02-09 
12:08:53",0.0,0.0,56.10,100,0,0,219.1,50.0,284,208,5,379.0,412
BatteryMode,"2025-02-09 
12:09:23",0.0,0.0,56.00,100,0,0,220.2,50.0,286,215,5,378.9,402
BatteryMode,"2025-02-09 
12:09:54",0.0,0.0,56.10,100,0,0,221.1,50.0,285,211,5,378.5,404
BatteryMode,"2025-02-09 
12:10:24",0.0,0.0,56.10,100,0,0,219.0,49.9,284,188,5,378.9,402
BatteryMode,"2025-02-09 
12:10:55",0.0,0.0,56.10,100,0,0,218.6,50.0,285,209,5,379.1,406
BatteryMode,"2025-02-09 
12:11:26",0.0,0.0,56.10,100,0,0,218.9,50.0,285,208,5,379.2,390
BatteryMode,"2025-02-09 
12:11:56",0.0,0.0,56.00,100,0,0,219.6,50.0,285,202,5,379.4,391
BatteryMode,"2025-02-09 
12:12:27",0.0,0.0,56.00,100,0,0,220.8,50.0,309,211,6,379.3,389
BatteryMode,"2025-02-09 
12:12:58",0.0,0.0,56.10,100,0,0,218.7,50.0,284,215,5,378.1,378
BatteryMode,"2025-02-09 
12:13:28",0.0,0.0,56.10,100,0,0,221.1,50.0,287,223,5,378.1,377
BatteryMode,"2025-02-09 
12:13:59",0.0,0.0,56.00,100,0,0,220.4,50.0,285,242,5,377.9,381
BatteryMode,"2025-02-09 
12:14:29",0.0,0.0,53.60,100,0,2,220.3,50.0,660,511,13,377.9,380
BatteryMode,"2025-02-09 
12:15:00",0.0,0.0,56.10,100,0,0,220.0,50.0,660,457,13,374.2,655
BatteryMode,"2025-02-09 
12:15:31",0.0,0.0,56.10,100,0,0,219.2,50.0,661,501,13,373.9,654
BatteryMode,"2025-02-09 
12:16:01",0.0,0.0,56.10,100,0,0,220.2,50.0,685,501,13,373.5,671
BatteryMode,"2025-02-09 
12:16:32",0.0,0.0,56.10,100,0,0,219.4,50.0,680,538,13,374.2,672
BatteryMode,"2025-02-09 
12:17:03",0.0,0.0,56.00,100,0,0,219.7,50.0,682,509,13,374.3,655
BatteryMode,"2025-02-09 
12:17:33",0.0,0.0,56.00,100,0,0,219.5,50.0,682,473,13,374.5,662
BatteryMode,"2025-02-09 
12:18:04",0.0,0.0,56.10,100,0,0,218.9,50.0,656,514,13,374.8,664
BatteryMode,"2025-02-09 
12:18:35",0.0,0.0,56.00,100,0,0,219.7,50.0,661,495,13,374.3,664
BatteryMode,"2025-02-09 
12:19:05",0.0,0.0,56.00,100,0,0,220.5,50.0,686,508,13,374.0,677
BatteryMode,"2025-02-09 
12:19:36",0.0,0.0,56.10,100,0,0,220.5,49.9,683,525,13,373.9,647
BatteryMode,"2025-02-09 
12:20:06",0.0,0.0,56.00,100,0,0,220.7,50.0,683,523,13,374.2,666
BatteryMode,"2025-02-09 
12:20:37",0.0,0.0,56.00,100,0,0,220.2,50.0,659,514,13,374.0,656
BatteryMode,"2025-02-09 
12:21:08",0.0,0.0,56.00,100,0,0,219.6,50.0,636,446,12,374.3,656
BatteryMode,"2025-02-09 
12:21:38",0.0,0.0,56.10,100,0,0,219.9,50.0,681,507,13,374.1,662
BatteryMode,"2025-02-09 
12:22:09",0.0,0.0,56.00,100,0,0,220.1,50.0,682,528,13,374.5,659
BatteryMode,"2025-02-09 
12:22:40",0.0,0.0,56.10,100,0,0,220.1,50.0,634,501,12,374.6,648
BatteryMode,"2025-02-09 
12:23:10",0.0,0.0,56.10,100,0,0,220.9,49.9,659,456,13,375.1,654
BatteryMode,"2025-02-09 
12:23:41",0.0,0.0,56.10,100,0,0,219.7,50.0,659,481,13,375.0,658
BatteryMode,"2025-02-09 
12:24:11",0.0,0.0,56.10,100,0,0,221.0,50.0,663,533,13,374.8,651
BatteryMode,"2025-02-09 
12:24:42",0.0,0.0,56.10,100,0,0,220.4,50.0,661,487,13,375.1,648
BatteryMode,"2025-02-09 
12:25:13",0.0,0.0,56.10,100,0,0,218.9,50.0,634,484,12,375.1,649
BatteryMode,"2025-02-09 
12:25:57",0.0,0.0,56.10,100,0,0,218.9,50.0,636,503,12,375.9,654
BatteryMode,"2025-02-09 
12:29:20",0.0,0.0,56.10,100,0,0,220.2,50.0,660,480,13,376.7,650
BatteryMode,"2025-02-09 
12:38:27",0.0,0.0,56.10,100,0,0,220.3,50.0,660,501,13,368.0,673
BatteryMode,"2025-02-09 
12:43:42",0.0,0.0,56.10,100,0,0,218.9,50.0,637,458,12,368.1,669
BatteryMode,"2025-02-09 
12:47:27",0.0,0.0,56.00,100,0,0,220.7,50.0,264,203,5,377.6,363
BatteryMode,"2025-02-09 
12:48:41",0.0,0.0,56.00,100,0,0,219.6,50.0,241,184,4,383.4,359
BatteryMode,"2025-02-09 
12:55:03",0.0,0.0,56.00,100,0,0,220.6,50.0,264,179,5,386.4,309
BatteryMode,"2025-02-09 
12:56:59",0.0,0.0,56.10,100,0,0,220.0,50.0,264,192,5,388.3,306
BatteryMode,"2025-02-09 
12:57:47",0.0,0.0,56.10,100,0,0,221.0,50.0,287,207,5,382.6,328
BatteryMode,"2025-02-09 
13:01:42",0.0,0.0,56.10,100,0,0,220.4,50.0,1079,1063,21,362.9,1396
BatteryMode,"2025-02-09 
13:05:48",0.0,0.0,56.10,100,0,0,220.3,50.0,286,222,5,371.4,400
BatteryMode,"2025-02-09 
13:09:13",0.0,0.0,56.10,100,0,0,219.8,50.0,285,219,5,374.9,354
BatteryMode,"2025-02-09 
13:16:57",0.0,0.0,56.00,100,0,0,220.1,50.0,265,200,5,380.2,370
BatteryMode,"2025-02-09 
13:22:15",0.0,0.0,56.10,100,0,0,219.8,50.0,263,225,5,379.9,343
BatteryMode,"2025-02-09 
13:26:49",0.0,0.0,56.10,100,0,0,219.7,49.9,285,213,5,378.0,347
BatteryMode,"2025-02-09 
13:33:42",0.0,0.0,56.10,100,0,0,220.4,50.0,285,220,5,379.0,357
BatteryMode,"2025-02-09 
13:36:45",0.0,0.0,56.10,100,0,0,220.1,50.0,286,225,5,377.9,353
BatteryMode,"2025-02-09 
13:41:40",0.0,0.0,56.00,100,0,0,220.4,50.0,286,226,5,376.8,367
BatteryMode,"2025-02-09 
13:47:05",0.0,0.0,56.00,100,0,0,220.0,50.0,286,233,5,379.5,361
BatteryMode,"2025-02-09 
13:50:21",0.0,0.0,56.00,100,0,0,220.5,50.0,286,228,5,379.2,333
BatteryMode,"2025-02-09 
13:52:35",0.0,0.0,56.10,100,0,0,219.7,50.0,703,525,14,374.8,661
BatteryMode,"2025-02-09 
13:53:05",0.0,0.0,56.00,100,0,0,218.6,50.0,702,534,14,374.8,675
BatteryMode,"2025-02-09 
13:53:36",0.0,0.0,56.00,100,0,0,219.6,50.0,702,544,14,374.5,661
BatteryMode,"2025-02-09 
13:54:07",0.0,0.0,56.00,100,0,0,220.9,50.0,700,558,14,374.0,658
BatteryMode,"2025-02-09 
13:54:37",0.0,0.0,56.10,100,0,0,219.4,50.0,675,556,13,374.1,640
BatteryMode,"2025-02-09 
13:55:08",0.0,0.0,56.10,100,0,0,220.1,50.0,660,560,13,373.7,673
BatteryMode,"2025-02-09 
13:55:39",0.0,0.0,56.00,100,0,0,219.3,50.0,679,528,13,374.5,641
BatteryMode,"2025-02-09 
13:56:09",0.0,0.0,56.10,100,0,0,220.9,50.0,684,541,13,372.5,667
BatteryMode,"2025-02-09 
13:56:40",0.0,0.0,56.10,100,0,0,219.2,50.0,658,488,13,372.4,652
BatteryMode,"2025-02-09 
13:57:11",0.0,0.0,56.10,100,0,0,221.1,50.0,682,511,13,372.9,631
BatteryMode,"2025-02-09 
13:57:41",0.0,0.0,56.10,100,0,0,219.4,50.0,658,519,13,373.8,608
BatteryMode,"2025-02-09 
13:58:12",0.0,0.0,56.10,100,0,0,220.0,50.0,663,513,13,374.1,612
BatteryMode,"2025-02-09 
13:58:42",0.0,0.0,56.10,100,0,0,219.9,50.0,681,525,13,375.0,616
BatteryMode,"2025-02-09 
13:59:13",0.0,0.0,56.10,100,0,0,219.5,50.0,658,512,13,375.7,611
BatteryMode,"2025-02-09 
13:59:44",0.0,0.0,56.00,100,0,0,219.9,50.0,703,538,14,375.7,630
BatteryMode,"2025-02-09 
14:00:14",0.0,0.0,56.10,100,0,0,220.3,50.0,682,543,13,376.2,623
BatteryMode,"2025-02-09 
14:00:45",0.0,0.0,56.10,100,0,0,219.8,50.0,659,506,13,376.2,636
BatteryMode,"2025-02-09 
14:01:16",0.0,0.0,56.10,100,0,0,220.3,50.0,682,540,13,376.2,629
BatteryMode,"2025-02-09 
14:01:46",0.0,0.0,56.00,100,0,0,220.3,49.9,682,506,13,376.4,619
BatteryMode,"2025-02-09 
14:02:17",0.0,0.0,56.10,100,0,0,220.3,50.0,660,514,13,376.2,619
BatteryMode,"2025-02-09 
14:02:48",0.0,0.0,56.10,100,0,0,220.1,50.0,660,525,13,375.8,619
BatteryMode,"2025-02-09 
14:03:18",0.0,0.0,56.00,100,0,0,220.3,50.0,682,487,13,376.1,625
BatteryMode,"2025-02-09 
14:03:49",0.0,0.0,56.10,100,0,0,220.7,50.0,662,525,13,376.9,609
BatteryMode,"2025-02-09 
14:04:19",0.0,0.0,56.00,100,0,0,219.6,50.0,636,466,12,376.8,609
BatteryMode,"2025-02-09 
14:04:50",0.0,0.0,56.10,100,0,0,218.9,50.0,656,479,13,377.1,601
BatteryMode,"2025-02-09 
14:05:21",0.0,0.0,56.00,100,0,0,220.4,50.0,683,514,13,376.8,609
BatteryMode,"2025-02-09 
14:05:51",0.0,0.0,56.10,100,0,0,220.1,50.0,660,497,13,376.7,614
