Source,Location ID,City,State,Country,Latitude,Longitude,Time Zone,Elevation,Local Time Zone,Clearsky DHI Units,Clearsky DNI Units,Clearsky GHI Units,Dew Point Units,DHI Units,DNI Units,GHI Units,Solar Zenith Angle Units,Temperature Units,Pressure Units,Relative Humidity Units,Precipitable Water Units,Wind Direction Units,Wind Speed Units,Cloud Type -15,Cloud Type 0,Cloud Type 1,Cloud Type 2,Cloud Type 3,Cloud Type 4,Cloud Type 5,Cloud Type 6,Cloud Type 7,Cloud Type 8,Cloud Type 9,Cloud Type 10,Cloud Type 11,Cloud Type 12,Fill Flag 0,Fill Flag 1,Fill Flag 2,Fill Flag 3,Fill Flag 4,Fill Flag 5,Surface Albedo Units,Version
NSRDB,323705,-,-,-,33.45,-112.06,0,334,-7,w/m2,w/m2,w/m2,c,w/m2,w/m2,w/m2,Degree,c,mbar,%,cm,Degrees,m/s,N/A,Clear,Probably Clear,Fog,Water,Super-Cooled Water,Mixed,Opaque Ice,Cirrus,Overlapping,Overshooting,Unknown,Dust,Smoke,N/A,Missing Image,Low Irradiance,Exceeds Clearsky,Missing CLoud Properties,Rayleigh Violation,N/A,4.0.1
Year,Month,Day,Hour,Minute,DNI,DHI,GHI,Temperature,Wind Speed,Relative Humidity,Solar Zenith Angle
2023,1,1,0,30,0,3,3,15.4,0.9,63.83,90.14
2023,1,1,1,30,0,0,0,14.5,1,65.28,102.17
2023,1,1,2,30,0,0,0,13.9,1.1,66.59,114.18
2023,1,1,3,30,0,0,0,13.3,1.2000000000000002,68.26,126.52
2023,1,1,4,30,0,0,0,12.700000000000001,1.3,70.33,139.02
2023,1,1,5,30,0,0,0,12.4,1.4000000000000001,71.38,151.39000000000001
2023,1,1,6,30,0,0,0,12.3,1.5,71.57000000000001,162.92000000000002
2023,1,1,7,30,0,0,0,12.3,1.6,71.71000000000001,169.55
2023,1,1,8,30,0,0,0,12.200000000000001,1.8,72.21000000000001,163.47
2023,1,1,9,30,0,0,0,12.3,2,71.62,152.04
2023,1,1,10,30,0,0,0,12.600000000000001,2,70.05,139.68
2023,1,1,11,30,0,0,0,12.8,2.1,69.12,127.18
2023,1,1,12,30,0,0,0,13,2.5,68.79,114.82000000000001
2023,1,1,13,30,0,0,0,13.3,3.6,70.74,102.78
2023,1,1,14,30,0,0,0,13.3,4.5,77.45,91.28
2023,1,1,15,30,0,4,4,13.200000000000001,5.2,83.76,80.5
2023,1,1,16,30,0,11,11,13.600000000000001,6,85.65,71.08
2023,1,1,17,30,0,14,14,14.5,6.6000000000000005,83.95,63.43
2023,1,1,18,30,0,33,33,15.3,7,81.71000000000001,58.300000000000004
2023,1,1,19,30,0,56,56,15.700000000000001,6.7,80.60000000000001,56.410000000000004
2023,1,1,20,30,12,107,113,15.9,6.300000000000001,79.2,58.08
2023,1,1,21,30,11,59,64,15.5,6.2,75.38,63.02
2023,1,1,22,30,148,120,169,14.5,5.300000000000001,70.10000000000001,70.53
2023,1,1,23,30,9,46,48,13,3.5,70.3,79.86
2023,1,2,0,30,0,3,3,11.5,2.4000000000000004,76.2,90.03
2023,1,2,1,30,0,0,0,10.700000000000001,2.3000000000000003,79.26,102.03
2023,1,2,2,30,0,0,0,10.3,2.6,80.31,114.04
2023,1,2,3,30,0,0,0,9.8,2.9000000000000004,82.66,126.39
2023,1,2,4,30,0,0,0,9.3,2.7,85.02,138.88
2023,1,2,5,30,0,0,0,8.4,2.1,88.85000000000001,151.26
2023,1,2,6,30,0,0,0,7.5,1.7000000000000002,90.93,162.78
2023,1,2,7,30,0,0,0,7,1.6,90.83,169.46
2023,1,2,8,30,0,0,0,6.7,1.5,89.67,163.49
2023,1,2,9,30,0,0,0,6.800000000000001,1.6,88,152.1
2023,1,2,10,30,0,0,0,7.1000000000000005,1.8,87.51,139.74
2023,1,2,11,30,0,0,0,7.300000000000001,2.1,88.36,127.24000000000001
2023,1,2,12,30,0,0,0,7.4,2,89.21000000000001,114.87
2023,1,2,13,30,0,0,0,7.4,1.9000000000000001,90.37,102.83
2023,1,2,14,30,3,2,2,8,2.2,87.72,91.31
2023,1,2,15,30,280,70,116,9,2.8000000000000003,83.87,80.52
2023,1,2,16,30,274,148,237,10.4,3.2,78.37,71.08
2023,1,2,17,30,614,140,415,11.9,3.6,71.62,63.4
2023,1,2,18,30,405,203,416,12.700000000000001,4.1000000000000005,64.84,58.25
2023,1,2,19,30,722,95,495,13,4.1000000000000005,59.07,56.33
2023,1,2,20,30,654,164,511,13.100000000000001,3.8000000000000003,55.120000000000005,57.97
2023,1,2,21,30,7,182,185,13.100000000000001,3.4000000000000004,52.88,62.89
2023,1,2,22,30,95,177,209,12.600000000000001,2.3000000000000003,53.46,70.4
2023,1,2,23,30,312,58,114,11.100000000000001,1.2000000000000002,64.49,79.72
2023,1,3,0,30,0,3,3,9.700000000000001,0.9,71.15,89.9
2023,1,3,1,30,0,0,0,9.200000000000001,1,68.65,101.89
2023,1,3,2,30,0,0,0,8.8,1,68.52,113.9
2023,1,3,3,30,0,0,0,8.3,1,70.91,126.25
2023,1,3,4,30,0,0,0,7.9,1.1,72.10000000000001,138.75
2023,1,3,5,30,0,0,0,7.5,1.1,76.03,151.12
2023,1,3,6,30,0,0,0,7.1000000000000005,1.1,77.81,162.64000000000001
2023,1,3,7,30,0,0,0,6.800000000000001,1.1,79.8,169.36
2023,1,3,8,30,0,0,0,6.4,1.1,81.24,163.5
2023,1,3,9,30,0,0,0,6.300000000000001,1.1,80.67,152.14000000000001
2023,1,3,10,30,0,0,0,6.2,1.1,81.35000000000001,139.8
2023,1,3,11,30,0,0,0,6.1000000000000005,1,82.21000000000001,127.3
2023,1,3,12,30,0,0,0,6.2,1,82.08,114.93
2023,1,3,13,30,0,0,0,6.2,0.9,83.29,102.87
2023,1,3,14,30,0,1,1,7,0.9,80.96000000000001,91.34
2023,1,3,15,30,2,31,31,8.700000000000001,1.4000000000000001,78.7,80.53
2023,1,3,16,30,232,153,228,10.700000000000001,1.8,70.83,71.07000000000001
2023,1,3,17,30,738,102,433,12.4,2.1,62.93,63.370000000000005
2023,1,3,18,30,796,93,513,13.600000000000001,2.4000000000000004,54.51,58.18
2023,1,3,19,30,905,83,586,14.600000000000001,2.6,49.01,56.230000000000004
2023,1,3,20,30,860,94,552,15.200000000000001,2.4000000000000004,46.32,57.85
2023,1,3,21,30,678,104,414,15.3,2.1,45.800000000000004,62.76
2023,1,3,22,30,734,66,314,14.700000000000001,1.5,47.870000000000005,70.25
2023,1,3,23,30,562,48,150,13.100000000000001,0.8,59.97,79.58
2023,1,4,0,30,15,6,6,11.3,0.8,63.92,89.78
2023,1,4,1,30,0,0,0,10.200000000000001,1,66.27,101.75
2023,1,4,2,30,0,0,0,9.600000000000001,1.1,69.05,113.76
2023,1,4,3,30,0,0,0,9.3,1.2000000000000002,72.02,126.11
2023,1,4,4,30,0,0,0,9,1.3,73.72,138.61
2023,1,4,5,30,0,0,0,8.6,1.4000000000000001,75.52,150.98
2023,1,4,6,30,0,0,0,8.3,1.3,76.28,162.49
2023,1,4,7,30,0,0,0,8.4,1.1,75.41,169.26
2023,1,4,8,30,0,0,0,8.6,1.1,75.17,163.51
2023,1,4,9,30,0,0,0,8.700000000000001,1.1,74.56,152.19
2023,1,4,10,30,0,0,0,8.6,1.1,75.22,139.85
2023,1,4,11,30,0,0,0,8.4,1.1,75.51,127.35000000000001
2023,1,4,12,30,0,0,0,8.200000000000001,1.3,75.46000000000001,114.97
2023,1,4,13,30,0,0,0,8.200000000000001,1.5,74.88,102.91
2023,1,4,14,30,0,2,2,9.200000000000001,1.9000000000000001,69.87,91.37
2023,1,4,15,30,2,40,40,10.9,2.6,64.27,80.54
2023,1,4,16,30,102,147,180,13,2.8000000000000003,55.96,71.06
2023,1,4,17,30,77,227,262,15.600000000000001,2.3000000000000003,46.97,63.33
2023,1,4,18,30,760,121,523,17.6,1.7000000000000002,40.62,58.11
2023,1,4,19,30,912,74,582,18.6,1.1,38.71,56.13
2023,1,4,20,30,899,74,554,19,0.7000000000000001,37.95,57.72
2023,1,4,21,30,854,71,464,19,0.5,37.58,62.620000000000005
2023,1,4,22,30,652,87,309,18.2,0.4,38.910000000000004,70.11
2023,1,4,23,30,590,45,153,16.6,0.5,49.300000000000004,79.43
2023,1,5,0,30,91,9,10,14.8,0.7000000000000001,51.18,89.66
2023,1,5,1,30,0,0,0,13.4,1,54,101.61
2023,1,5,2,30,0,0,0,11.9,1.3,58.74,113.62
2023,1,5,3,30,0,0,0,10.700000000000001,1.3,63.35,125.97
2023,1,5,4,30,0,0,0,9.8,1.4000000000000001,65.92,138.47
2023,1,5,5,30,0,0,0,9.1,1.5,67.38,150.84
2023,1,5,6,30,0,0,0,8.6,1.6,67.81,162.34
2023,1,5,7,30,0,0,0,8.200000000000001,1.7000000000000002,67.89,169.14000000000001
2023,1,5,8,30,0,0,0,7.9,1.8,67.43,163.51
2023,1,5,9,30,0,0,0,7.7,2,66.69,152.23
2023,1,5,10,30,0,0,0,7.5,2.2,66.07000000000001,139.9
2023,1,5,11,30,0,0,0,7.4,2.4000000000000004,65.02,127.4
2023,1,5,12,30,0,0,0,7.2,2.4000000000000004,65.06,115.01
2023,1,5,13,30,0,0,0,7.300000000000001,2.5,64.5,102.94
2023,1,5,14,30,0,1,1,8.8,3,58.69,91.39
2023,1,5,15,30,1,35,35,11.4,3.6,50.97,80.54
2023,1,5,16,30,21,105,112,14.200000000000001,3.8000000000000003,43.160000000000004,71.04
2023,1,5,17,30,7,125,128,17,3.8000000000000003,35.67,63.28
2023,1,5,18,30,63,250,283,19,3.5,30.27,58.03
2023,1,5,19,30,34,221,240,20.200000000000003,3.2,27.38,56.02
2023,1,5,20,30,98,269,322,20.700000000000003,3,26.37,57.59
2023,1,5,21,30,12,149,155,20.5,2.6,26.8,62.47
2023,1,5,22,30,18,139,145,19,1.6,31.62,69.96000000000001
2023,1,5,23,30,22,72,76,16.6,0.9,52.76,79.28
2023,1,6,0,30,0,5,5,15,1,50.67,89.53
2023,1,6,1,30,0,0,0,14.100000000000001,1,52.84,101.46000000000001
2023,1,6,2,30,0,0,0,13.5,0.9,55.03,113.48
2023,1,6,3,30,0,0,0,12.9,0.9,57.54,125.83
2023,1,6,4,30,0,0,0,12.100000000000001,1,60.910000000000004,138.33
2023,1,6,5,30,0,0,0,11.600000000000001,0.9,62.64,150.69
2023,1,6,6,30,0,0,0,11.4,0.8,63.77,162.19
2023,1,6,7,30,0,0,0,11.3,0.6000000000000001,65.46000000000001,169.02
2023,1,6,8,30,0,0,0,11.200000000000001,0.6000000000000001,66.66,163.5
2023,1,6,9,30,0,0,0,10.8,0.7000000000000001,68.69,152.26
2023,1,6,10,30,0,0,0,10.3,0.7000000000000001,71.68,139.94
2023,1,6,11,30,0,0,0,9.9,0.7000000000000001,74.32000000000001,127.44
2023,1,6,12,30,0,0,0,9.700000000000001,0.7000000000000001,75.61,115.05
2023,1,6,13,30,0,0,0,9.5,0.8,76.57000000000001,102.97
2023,1,6,14,30,0,1,1,9.8,0.8,74.59,91.4
2023,1,6,15,30,0,25,25,11.8,1.2000000000000002,68.39,80.54
2023,1,6,16,30,38,157,169,14.600000000000001,1.1,57.47,71.01
2023,1,6,17,30,225,235,336,16.8,0.7000000000000001,46.22,63.230000000000004
2023,1,6,18,30,190,282,383,18.2,1,37.35,57.94
2023,1,6,19,30,274,283,437,19,1.4000000000000001,32.82,55.9
2023,1,6,20,30,193,286,390,19.400000000000002,1.5,30.330000000000002,57.45
2023,1,6,21,30,107,248,298,19.200000000000003,1.6,29.34,62.32
2023,1,6,22,30,114,165,204,18.1,1.1,30.79,69.8
2023,1,6,23,30,39,84,91,16.1,0.7000000000000001,45.99,79.13
2023,1,7,0,30,0,6,6,14.4,0.8,45.43,89.4
2023,1,7,1,30,0,0,0,13,1,47.33,101.31
2023,1,7,2,30,0,0,0,11.5,1.1,52.71,113.33
2023,1,7,3,30,0,0,0,10.4,1.2000000000000002,56.21,125.69
2023,1,7,4,30,0,0,0,9.5,1.3,58.32,138.18
2023,1,7,5,30,0,0,0,8.8,1.7000000000000002,58.910000000000004,150.55
2023,1,7,6,30,0,0,0,8.3,2.4000000000000004,58.6,162.04
2023,1,7,7,30,0,0,0,7.800000000000001,3.2,58.24,168.89000000000001
2023,1,7,8,30,0,0,0,7.2,3.7,58.42,163.49
2023,1,7,9,30,0,0,0,6.7,3.9000000000000004,58.49,152.28
2023,1,7,10,30,0,0,0,6.300000000000001,3.9000000000000004,58.63,139.97
2023,1,7,11,30,0,0,0,6,3.8000000000000003,58.85,127.47
2023,1,7,12,30,0,0,0,5.800000000000001,3.8000000000000003,59.160000000000004,115.08
2023,1,7,13,30,0,0,0,5.6000000000000005,3.7,59.68,102.99000000000001
2023,1,7,14,30,43,4,3,6.6000000000000005,4.1000000000000005,55.51,91.41
2023,1,7,15,30,671,38,148,9.200000000000001,4.1000000000000005,47.24,80.53
2023,1,7,16,30,865,52,334,12.8,3.3000000000000003,38.35,70.98
2023,1,7,17,30,943,62,488,16.8,2.3000000000000003,29.09,63.160000000000004
2023,1,7,18,30,967,70,585,19.700000000000003,1.5,20.330000000000002,57.85
2023,1,7,19,30,978,72,622,21,0.7000000000000001,17.62,55.78
2023,1,7,20,30,963,74,594,21.5,0.4,16.41,57.300000000000004
2023,1,7,21,30,717,120,455,21.5,0.5,16.3,62.160000000000004
2023,1,7,22,30,749,81,342,20.400000000000002,0.4,18.14,69.64
2023,1,7,23,30,635,49,170,18.3,0.4,32.77,78.97
2023,1,8,0,30,1,8,8,16.5,0.7000000000000001,28.650000000000002,89.27
2023,1,8,1,30,0,0,0,15.100000000000001,1,32.97,101.16
2023,1,8,2,30,0,0,0,13.600000000000001,1.2000000000000002,39.2,113.19
2023,1,8,3,30,0,0,0,12.200000000000001,1.4000000000000001,44.33,125.54
2023,1,8,4,30,0,0,0,11.100000000000001,1.5,48.85,138.04
2023,1,8,5,30,0,0,0,10.3,1.6,52.47,150.4
2023,1,8,6,30,0,0,0,9.600000000000001,1.8,55.71,161.88
2023,1,8,7,30,0,0,0,8.9,1.9000000000000001,58.34,168.75
2023,1,8,8,30,0,0,0,8.4,1.9000000000000001,59.88,163.46
2023,1,8,9,30,0,0,0,8.1,1.9000000000000001,59.74,152.3
2023,1,8,10,30,0,0,0,7.800000000000001,1.8,59.19,140.01
2023,1,8,11,30,0,0,0,7.7,1.8,57.79,127.5
2023,1,8,12,30,0,0,0,7.5,1.7000000000000002,57.01,115.11
2023,1,8,13,30,0,0,0,7.4,1.7000000000000002,56.28,103
2023,1,8,14,30,13,2,2,8.9,1.9000000000000001,50.800000000000004,91.41
2023,1,8,15,30,112,87,105,12.100000000000001,2.5,44.63,80.51
2023,1,8,16,30,756,69,316,15.100000000000001,3,34.65,70.94
2023,1,8,17,30,881,73,472,17.7,2.7,27.900000000000002,63.1
2023,1,8,18,30,934,76,574,19.6,2.1,24.46,57.75
2023,1,8,19,30,783,139,581,20.8,1.6,22.740000000000002,55.65
2023,1,8,20,30,927,78,581,21.400000000000002,1.5,21.78,57.15
2023,1,8,21,30,884,74,489,21.3,1.5,22.09,62
2023,1,8,22,30,799,64,344,19.700000000000003,1.1,25.45,69.47
2023,1,8,23,30,628,46,168,17.1,0.9,47.43,78.81
2023,1,9,0,30,118,11,13,15.3,1.1,42.88,89.13
2023,1,9,1,30,0,0,0,14.700000000000001,1.1,39.08,101.01
2023,1,9,2,30,0,0,0,13.8,1.2000000000000002,39.31,113.04
2023,1,9,3,30,0,0,0,12.9,1.2000000000000002,41.45,125.4
2023,1,9,4,30,0,0,0,12.4,1.2000000000000002,42.2,137.89000000000001
2023,1,9,5,30,0,0,0,12,1.2000000000000002,42.54,150.25
2023,1,9,6,30,0,0,0,11.3,1.2000000000000002,44.12,161.71
2023,1,9,7,30,0,0,0,10.3,1.3,47.18,168.61
2023,1,9,8,30,0,0,0,9.4,1.4000000000000001,50.300000000000004,163.43
2023,1,9,9,30,0,0,0,8.5,1.4000000000000001,53.57,152.32
2023,1,9,10,30,0,0,0,7.7,1.4000000000000001,56.230000000000004,140.03
2023,1,9,11,30,0,0,0,7,1.4000000000000001,58.63,127.53
2023,1,9,12,30,0,0,0,6.6000000000000005,1.5,60.5,115.13
2023,1,9,13,30,0,0,0,6.4,1.5,60.02,103.02
2023,1,9,14,30,30,4,3,7.9,1.4000000000000001,53.550000000000004,91.41
2023,1,9,15,30,576,42,137,11.4,1.9000000000000001,49.6,80.49
2023,1,9,16,30,776,61,315,14.8,2.2,35.660000000000004,70.89
2023,1,9,17,30,374,200,370,17.3,1.6,30.18,63.02
2023,1,9,18,30,737,138,532,19.200000000000003,1.3,26.75,57.64
2023,1,9,19,30,599,183,522,20.700000000000003,1.4000000000000001,23.09,55.51
2023,1,9,20,30,204,313,424,21.200000000000003,1.3,21.82,56.99
2023,1,9,21,30,177,269,353,21,0.8,21.71,61.83
2023,1,9,22,30,315,158,269,20,0.4,23.2,69.3
2023,1,9,23,30,262,65,117,18.400000000000002,0.30000000000000004,34.96,78.64
2023,1,10,0,30,0,9,9,17.3,0.2,32.36,88.98
2023,1,10,1,30,0,0,0,16.5,0.30000000000000004,30.810000000000002,100.85000000000001
2023,1,10,2,30,0,0,0,15.5,0.6000000000000001,32.13,112.88
2023,1,10,3,30,0,0,0,14.4,0.9,35.75,125.25
2023,1,10,4,30,0,0,0,13.5,1,37.94,137.74
2023,1,10,5,30,0,0,0,12.700000000000001,1.1,39.6,150.09
2023,1,10,6,30,0,0,0,12.100000000000001,1.2000000000000002,40.77,161.55
2023,1,10,7,30,0,0,0,11.3,1.3,42.910000000000004,168.46
2023,1,10,8,30,0,0,0,10.100000000000001,1.4000000000000001,47.79,163.39000000000001
2023,1,10,9,30,0,0,0,9.3,1.4000000000000001,51.82,152.33
2023,1,10,10,30,0,0,0,9.1,1.3,53.870000000000005,140.05
2023,1,10,11,30,0,0,0,8.9,1.3,55.160000000000004,127.55
2023,1,10,12,30,0,0,0,8.6,1.2000000000000002,56.4,115.14
2023,1,10,13,30,0,0,0,8.4,1.2000000000000002,56.82,103.02
2023,1,10,14,30,0,2,2,9.200000000000001,1.2000000000000002,53.53,91.4
2023,1,10,15,30,6,57,58,11.600000000000001,1.8,50.43,80.46000000000001
2023,1,10,16,30,32,140,151,14.3,2.3000000000000003,38.19,70.84
2023,1,10,17,30,214,211,308,16.7,2,30.41,62.940000000000005
2023,1,10,18,30,529,200,484,19.1,2.1,24.92,57.53
2023,1,10,19,30,958,70,615,20.700000000000003,2.5,22.17,55.36
2023,1,10,20,30,522,197,483,21.200000000000003,2.8000000000000003,22.38,56.83
2023,1,10,21,30,516,175,420,20.3,2.1,24.900000000000002,61.65
2023,1,10,22,30,284,146,247,18.7,1.1,39.37,69.13
2023,1,10,23,30,152,75,105,16.7,1,52.02,78.47
2023,1,11,0,30,0,8,8,15,1.1,45.85,88.84
2023,1,11,1,30,0,0,0,14.200000000000001,1.1,46.29,100.69
2023,1,11,2,30,0,0,0,13.200000000000001,1.2000000000000002,50.45,112.73
2023,1,11,3,30,0,0,0,12,1.4000000000000001,56.09,125.10000000000001
2023,1,11,4,30,0,0,0,11.3,1.4000000000000001,59.65,137.59
2023,1,11,5,30,0,0,0,11.200000000000001,1.3,63.910000000000004,149.94
2023,1,11,6,30,0,0,0,11,1.2000000000000002,68,161.38
2023,1,11,7,30,0,0,0,10.9,1,70.37,168.3
2023,1,11,8,30,0,0,0,10.700000000000001,1,72.71000000000001,163.35
2023,1,11,9,30,0,0,0,10.200000000000001,1,76.17,152.33
2023,1,11,10,30,0,0,0,9.5,1.1,79.98,140.07
2023,1,11,11,30,0,0,0,9,1.2000000000000002,83.93,127.57000000000001
2023,1,11,12,30,0,0,0,8.4,1.3,88.16,115.15
2023,1,11,13,30,0,0,0,8,1.3,88.51,103.02
2023,1,11,14,30,0,2,2,9,1.2000000000000002,79.21000000000001,91.38
2023,1,11,15,30,239,65,105,11.200000000000001,1.4000000000000001,70.2,80.43
2023,1,11,16,30,781,64,321,13.600000000000001,1.7000000000000002,58.82,70.78
2023,1,11,17,30,750,111,453,15.4,1.4000000000000001,40.29,62.85
2023,1,11,18,30,953,67,580,16.900000000000002,1.1,29.66,57.4
2023,1,11,19,30,838,107,585,18.1,1.3,24.67,55.21
2023,1,11,20,30,703,148,534,18.6,1.4000000000000001,22.34,56.65
2023,1,11,21,30,481,177,407,18.2,1.1,21.79,61.47
2023,1,11,22,30,185,169,235,16.8,0.8,25.92,68.95
2023,1,11,23,30,315,88,152,14.200000000000001,0.9,47.11,78.3
2023,1,12,0,30,2,12,12,12.100000000000001,1.1,47.160000000000004,88.68
2023,1,12,1,30,0,0,0,11.5,1.1,44.86,100.53
2023,1,12,2,30,0,0,0,11.600000000000001,0.8,41.38,112.58
2023,1,12,3,30,0,0,0,11.4,0.8,38.88,124.95
2023,1,12,4,30,0,0,0,10.100000000000001,1,42.24,137.44
2023,1,12,5,30,0,0,0,8.700000000000001,1.3,48.26,149.78
2023,1,12,6,30,0,0,0,7.7,1.4000000000000001,52.620000000000005,161.20000000000002
2023,1,12,7,30,0,0,0,7,1.6,55.85,168.13
2023,1,12,8,30,0,0,0,6.4,1.9000000000000001,58.68,163.29
2023,1,12,9,30,0,0,0,6.1000000000000005,2.1,59.61,152.32
2023,1,12,10,30,0,0,0,5.800000000000001,2.2,59.51,140.08
2023,1,12,11,30,0,0,0,5.7,2.2,57.64,127.58
2023,1,12,12,30,0,0,0,5.5,2.3000000000000003,55.99,115.16
2023,1,12,13,30,0,0,0,5.5,2.3000000000000003,54.49,103.01
2023,1,12,14,30,41,4,3,7.2,3.1,48.230000000000004,91.36
2023,1,12,15,30,569,42,137,10.4,3.8000000000000003,39.72,80.39
2023,1,12,16,30,355,140,257,14.100000000000001,3.6,32.35,70.72
2023,1,12,17,30,526,167,408,17.900000000000002,3.3000000000000003,24.22,62.75
2023,1,12,18,30,940,72,580,20.6,3.1,18.080000000000002,57.27
2023,1,12,19,30,958,72,621,22.1,2.9000000000000004,16.22,55.050000000000004
2023,1,12,20,30,941,74,594,22.900000000000002,2.6,15.32,56.47
2023,1,12,21,30,884,76,501,23.1,2.1,15.22,61.29
2023,1,12,22,30,794,68,356,21.8,1.3,18.900000000000002,68.77
2023,1,12,23,30,607,51,176,19,1,36.75,78.12
2023,1,13,0,30,42,12,13,16.2,1.3,33.9,88.53
2023,1,13,1,30,0,0,0,13.9,1.6,39.82,100.37
2023,1,13,2,30,0,0,0,12.700000000000001,1.9000000000000001,43.4,112.42
2023,1,13,3,30,0,0,0,12.3,2.5,42.46,124.79
2023,1,13,4,30,0,0,0,11.9,2.9000000000000004,40.95,137.29
2023,1,13,5,30,0,0,0,11.5,3,39.96,149.62
2023,1,13,6,30,0,0,0,11.100000000000001,2.8000000000000003,40.1,161.02
2023,1,13,7,30,0,0,0,10.5,2.6,41.480000000000004,167.95000000000002
2023,1,13,8,30,0,0,0,10.100000000000001,2.5,42.46,163.23
2023,1,13,9,30,0,0,0,9.9,2.5,42.43,152.31
2023,1,13,10,30,0,0,0,9.600000000000001,2.5,42.74,140.08
2023,1,13,11,30,0,0,0,9.3,2.5,43.49,127.58
2023,1,13,12,30,0,0,0,8.9,2.3000000000000003,44.77,115.16
2023,1,13,13,30,0,0,0,8.6,2.2,45.75,103
2023,1,13,14,30,8,2,2,10.3,2.4000000000000004,40.81,91.34
2023,1,13,15,30,66,81,92,14,3.4000000000000004,33.69,80.34
2023,1,13,16,30,665,86,306,17.5,4.3,24.990000000000002,70.64
2023,1,13,17,30,877,72,475,20.3,4.4,20.73,62.65
2023,1,13,18,30,738,144,544,22.400000000000002,3.7,18.46,57.14
2023,1,13,19,30,735,156,579,23.8,2.8000000000000003,17.1,54.89
2023,1,13,20,30,549,190,495,24.5,2,16.79,56.29
2023,1,13,21,30,541,163,424,24.3,1.4000000000000001,17.400000000000002,61.1
2023,1,13,22,30,309,172,285,23,0.8,20.73,68.58
2023,1,13,23,30,207,108,151,21.200000000000003,0.5,34.08,77.94
2023,1,14,0,30,4,14,14,19.700000000000003,0.6000000000000001,29.330000000000002,88.38
2023,1,14,1,30,0,0,0,18.6,0.9,30.23,100.2
2023,1,14,2,30,0,0,0,17.3,1.1,33.05,112.26
2023,1,14,3,30,0,0,0,16,1.2000000000000002,36.92,124.64
2023,1,14,4,30,0,0,0,14.8,1.3,41.12,137.14000000000001
2023,1,14,5,30,0,0,0,13.8,1.4000000000000001,44.72,149.46
2023,1,14,6,30,0,0,0,13,1.4000000000000001,47.74,160.84
2023,1,14,7,30,0,0,0,12.200000000000001,1.5,50.800000000000004,167.77
2023,1,14,8,30,0,0,0,11.5,1.6,53.160000000000004,163.16
2023,1,14,9,30,0,0,0,10.600000000000001,1.7000000000000002,55.69,152.29
2023,1,14,10,30,0,0,0,9.700000000000001,1.7000000000000002,57.71,140.08
2023,1,14,11,30,0,0,0,9.1,1.8,58.44,127.58
2023,1,14,12,30,0,0,0,8.9,1.8,58.26,115.15
2023,1,14,13,30,0,0,0,9.1,1.8,57.44,102.99000000000001
2023,1,14,14,30,0,1,1,10,1.9000000000000001,54.410000000000004,91.31
2023,1,14,15,30,1,30,30,11.9,2.5,49.79,80.29
2023,1,14,16,30,56,129,148,13.8,3,42.800000000000004,70.56
2023,1,14,17,30,24,147,158,15.9,2.9000000000000004,36.33,62.54
2023,1,14,18,30,125,242,310,18.1,2.6,30.96,56.99
2023,1,14,19,30,359,231,438,19.900000000000002,2.6,27.19,54.71
2023,1,14,20,30,25,201,215,20.700000000000003,2.6,25.34,56.1
2023,1,14,21,30,115,120,176,19.400000000000002,1.7000000000000002,28.48,60.9
2023,1,14,22,30,18,130,137,17.400000000000002,0.9,45.77,68.39
2023,1,14,23,30,21,51,55,15.9,0.8,48.1,77.76
2023,1,15,0,30,0,10,10,14.9,0.8,46.74,88.21000000000001
2023,1,15,1,30,0,0,0,13.9,0.9,48.42,100.04
2023,1,15,2,30,0,0,0,12.8,1,53.51,112.10000000000001
2023,1,15,3,30,0,0,0,12.3,1,56.22,124.48
2023,1,15,4,30,0,0,0,12.8,0.6000000000000001,53.42,136.98
2023,1,15,5,30,0,0,0,13,0.30000000000000004,50.4,149.3
2023,1,15,6,30,0,0,0,12,0.7000000000000001,55.85,160.66
2023,1,15,7,30,0,0,0,10.9,1,65.18,167.58
2023,1,15,8,30,0,0,0,10.3,1.1,68.88,163.07
2023,1,15,9,30,0,0,0,10.200000000000001,1.2000000000000002,70.52,152.27
2023,1,15,10,30,0,0,0,10.100000000000001,1.6,73.62,140.07
2023,1,15,11,30,0,0,0,10.100000000000001,1.9000000000000001,77.38,127.58
2023,1,15,12,30,0,0,0,10.100000000000001,1.9000000000000001,82.73,115.14
2023,1,15,13,30,0,0,0,10.200000000000001,1.6,88.17,102.97
2023,1,15,14,30,0,1,1,10.4,1.7000000000000002,90.9,91.27
2023,1,15,15,30,1,27,27,10.700000000000001,1.8,90.49,80.23
2023,1,15,16,30,1,44,44,11.200000000000001,1.6,88.60000000000001,70.48
2023,1,15,17,30,0,43,43,12,1.8,87.2,62.42
2023,1,15,18,30,3,115,117,12.9,2.3000000000000003,85.77,56.84
2023,1,15,19,30,156,262,353,13.8,2.7,83.25,54.53
2023,1,15,20,30,9,147,152,14.100000000000001,2.6,80.44,55.9
2023,1,15,21,30,13,150,156,14.100000000000001,2.1,79.09,60.7
2023,1,15,22,30,48,145,163,13.5,1.4000000000000001,82.53,68.19
2023,1,15,23,30,85,60,78,12.3,1,87.71000000000001,77.58
2023,1,16,0,30,0,9,9,11.4,1.1,86.96000000000001,88.05
2023,1,16,1,30,0,0,0,11,1,85.87,99.87
2023,1,16,2,30,0,0,0,10.700000000000001,1,84.97,111.94
2023,1,16,3,30,0,0,0,10.5,1,83.26,124.33
2023,1,16,4,30,0,0,0,10.3,0.9,82.5,136.82
2023,1,16,5,30,0,0,0,10,1,83.39,149.13
2023,1,16,6,30,0,0,0,9.8,1,84.05,160.47
2023,1,16,7,30,0,0,0,9.700000000000001,1,85.47,167.39000000000001
2023,1,16,8,30,0,0,0,9.5,0.9,87.93,162.98
2023,1,16,9,30,0,0,0,9.4,0.8,89.35000000000001,152.24
2023,1,16,10,30,0,0,0,9.200000000000001,0.8,91.2,140.06
2023,1,16,11,30,0,0,0,9.1,1,92.99,127.57000000000001
2023,1,16,12,30,0,0,0,9.1,1.2000000000000002,93.9,115.12
2023,1,16,13,30,0,0,0,9.3,1.5,93.39,102.94
2023,1,16,14,30,0,1,1,9.8,2,91.84,91.22
2023,1,16,15,30,0,18,18,10.600000000000001,2.8000000000000003,90.01,80.17
2023,1,16,16,30,0,12,12,11.4,3.5,88.2,70.39
2023,1,16,17,30,0,60,60,12.4,4.3,85.32000000000001,62.300000000000004
2023,1,16,18,30,26,150,164,13.3,4.9,79.94,56.69
2023,1,16,19,30,35,202,222,13.8,4.9,75.69,54.35
2023,1,16,20,30,66,251,288,14.100000000000001,4.4,74.88,55.7
2023,1,16,21,30,145,239,310,14.4,3.7,76.26,60.49
2023,1,16,22,30,162,183,244,14.4,2.9000000000000004,79.38,67.99
2023,1,16,23,30,72,102,118,13.9,2.4000000000000004,84.66,77.39
2023,1,17,0,30,0,13,13,13.5,2.6,87.62,87.88
2023,1,17,1,30,0,0,0,13.5,3.2,87.92,99.7
2023,1,17,2,30,0,0,0,13.3,3.6,89.12,111.78
2023,1,17,3,30,0,0,0,13.200000000000001,3.8000000000000003,89.3,124.17
2023,1,17,4,30,0,0,0,13.200000000000001,3.8000000000000003,89.15,136.66
2023,1,17,5,30,0,0,0,12.9,3.4000000000000004,91.27,148.97
2023,1,17,6,30,0,0,0,12.3,2.9000000000000004,95.04,160.28
2023,1,17,7,30,0,0,0,11.4,2.5,98.63,167.19
2023,1,17,8,30,0,0,0,10.5,2.2,100,162.89000000000001
2023,1,17,9,30,0,0,0,9.600000000000001,2.1,99.59,152.20000000000002
2023,1,17,10,30,0,0,0,8.6,2.3000000000000003,98.23,140.04
2023,1,17,11,30,0,0,0,7.800000000000001,2.2,97.16,127.55
2023,1,17,12,30,0,0,0,6.9,2.2,98.02,115.10000000000001
2023,1,17,13,30,0,0,0,6.5,2.4000000000000004,97.04,102.9
2023,1,17,14,30,28,5,4,7,2.7,92.32000000000001,91.17
2023,1,17,15,30,515,49,138,8.6,3.2,85.18,80.10000000000001
2023,1,17,16,30,747,69,321,10.5,4,76.21000000000001,70.29
2023,1,17,17,30,855,78,477,12,4.4,64.08,62.17
2023,1,17,18,30,813,115,563,12.9,4.7,54.370000000000005,56.52
2023,1,17,19,30,910,87,620,13.3,4.9,49.2,54.15
2023,1,17,20,30,754,141,568,13.5,5,46.44,55.49
2023,1,17,21,30,83,194,235,13.3,4.800000000000001,45.51,60.28
2023,1,17,22,30,83,170,201,12.700000000000001,3.9000000000000004,46.01,67.79
2023,1,17,23,30,127,113,141,10.700000000000001,2.3000000000000003,54,77.2
2023,1,18,0,30,3,13,13,8.6,1.4000000000000001,68.57000000000001,87.71000000000001
2023,1,18,1,30,0,0,0,7.7,1.3,71.31,99.53
2023,1,18,2,30,0,0,0,7.300000000000001,1.3,71.84,111.61
2023,1,18,3,30,0,0,0,7,1.2000000000000002,72.91,124.01
2023,1,18,4,30,0,0,0,6.800000000000001,1.2000000000000002,73.31,136.5
2023,1,18,5,30,0,0,0,6.7,1.1,74.26,148.8
2023,1,18,6,30,0,0,0,6.5,1.1,74.78,160.09
2023,1,18,7,30,0,0,0,6.300000000000001,1,73.84,166.98
2023,1,18,8,30,0,0,0,6.1000000000000005,1,73.97,162.78
2023,1,18,9,30,0,0,0,6.1000000000000005,1,74.11,152.15
2023,1,18,10,30,0,0,0,6.300000000000001,0.9,72.78,140.01
2023,1,18,11,30,0,0,0,6.300000000000001,0.7000000000000001,72.34,127.53
2023,1,18,12,30,0,0,0,5.7,0.8,75.46000000000001,115.07000000000001
2023,1,18,13,30,0,0,0,5,0.9,76.49,102.86
2023,1,18,14,30,47,6,5,5.7,1.2000000000000002,72.09,91.12
2023,1,18,15,30,576,44,144,8,1.6,68.89,80.02
2023,1,18,16,30,785,64,330,10.600000000000001,1.7000000000000002,56.96,70.19
2023,1,18,17,30,882,73,487,12.700000000000001,1.9000000000000001,43.800000000000004,62.03
2023,1,18,18,30,931,78,594,13.9,2.2,35.96,56.35
2023,1,18,19,30,953,79,640,14.600000000000001,2.4000000000000004,31.98,53.95
2023,1,18,20,30,939,81,616,14.8,2.3000000000000003,29.95,55.28
2023,1,18,21,30,897,78,526,14.700000000000001,2,28.830000000000002,60.07
2023,1,18,22,30,827,69,384,13.9,1.4000000000000001,29.44,67.59
2023,1,18,23,30,668,53,203,11.8,0.8,42.58,77
2023,1,19,0,30,211,19,28,9.9,0.7000000000000001,50.550000000000004,87.54
2023,1,19,1,30,0,0,0,9.3,0.8,45.980000000000004,99.36
2023,1,19,2,30,0,0,0,9,0.8,44.47,111.45
2023,1,19,3,30,0,0,0,8.8,0.7000000000000001,42.95,123.85000000000001
2023,1,19,4,30,0,0,0,8.6,0.6000000000000001,42.32,136.34
2023,1,19,5,30,0,0,0,8.1,0.6000000000000001,42.64,148.63
2023,1,19,6,30,0,0,0,7.300000000000001,0.9,45.410000000000004,159.9
2023,1,19,7,30,0,0,0,6.4,1.1,48.44,166.77
2023,1,19,8,30,0,0,0,5.300000000000001,1.3,53.11,162.67000000000002
2023,1,19,9,30,0,0,0,4.2,1.3,58.75,152.1
2023,1,19,10,30,0,0,0,3.3000000000000003,1.4000000000000001,63.870000000000005,139.98
2023,1,19,11,30,0,0,0,2.8000000000000003,1.4000000000000001,66.74,127.5
2023,1,19,12,30,0,0,0,2.6,1.5,68.14,115.04
2023,1,19,13,30,0,0,0,2.6,1.4000000000000001,68.99,102.82000000000001
2023,1,19,14,30,12,3,3,4.3,1.7000000000000002,62.64,91.06
2023,1,19,15,30,324,68,125,7.300000000000001,2.3000000000000003,55.480000000000004,79.94
2023,1,19,16,30,709,81,323,10.4,2.2,43.46,70.08
2023,1,19,17,30,861,83,489,13,1.7000000000000002,34.800000000000004,61.89
2023,1,19,18,30,914,88,597,14.3,1.5,32.49,56.17
2023,1,19,19,30,935,88,641,15.100000000000001,1.5,30.740000000000002,53.75
2023,1,19,20,30,919,90,616,15.5,1.7000000000000002,29.13,55.06
2023,1,19,21,30,869,89,525,15.3,1.8,28.69,59.85
2023,1,19,22,30,792,77,382,14.4,1.4000000000000001,29.82,67.38
2023,1,19,23,30,621,57,199,12.3,1,44.24,76.81
2023,1,20,0,30,161,20,27,10.5,1,50.76,87.36
2023,1,20,1,30,0,0,0,9.8,1,46.22,99.18
2023,1,20,2,30,0,0,0,9.4,0.8,45.29,111.29
2023,1,20,3,30,0,0,0,9.3,0.5,43.64,123.69
2023,1,20,4,30,0,0,0,8.8,0.30000000000000004,43.65,136.18
2023,1,20,5,30,0,0,0,7.800000000000001,0.6000000000000001,46.72,148.46
2023,1,20,6,30,0,0,0,6.5,1,51.53,159.70000000000002
2023,1,20,7,30,0,0,0,5.300000000000001,1.1,58.480000000000004,166.55
2023,1,20,8,30,0,0,0,4.6000000000000005,1.2000000000000002,63.49,162.54
2023,1,20,9,30,0,0,0,4.4,1.2000000000000002,65.19,152.04
2023,1,20,10,30,0,0,0,4.5,1.2000000000000002,67.06,139.94
2023,1,20,11,30,0,0,0,4.7,1.1,70.76,127.46000000000001
2023,1,20,12,30,0,0,0,4.800000000000001,1,73.83,115
2023,1,20,13,30,0,0,0,4.6000000000000005,1,74.84,102.77
2023,1,20,14,30,50,7,6,5.7,1,68.60000000000001,90.99
2023,1,20,15,30,592,46,150,8.1,1.6,64.9,79.85000000000001
2023,1,20,16,30,815,62,341,10.3,2.4000000000000004,50.32,69.96000000000001
2023,1,20,17,30,911,70,501,11.8,2.8000000000000003,37.17,61.74
2023,1,20,18,30,956,74,609,12.8,3,31.240000000000002,55.99
2023,1,20,19,30,970,78,654,13.3,3.2,29.03,53.54
2023,1,20,20,30,737,129,554,13.5,3.3000000000000003,28.47,54.83
2023,1,20,21,30,913,76,538,13.4,3.2,28.71,59.63
2023,1,20,22,30,837,67,392,12.600000000000001,2.4000000000000004,30.62,67.16
2023,1,20,23,30,387,77,167,10.3,1.5,41.980000000000004,76.61
2023,1,21,0,30,248,22,34,8.3,1,54.870000000000005,87.18
2023,1,21,1,30,0,0,0,7.800000000000001,1,50.22,99.01
2023,1,21,2,30,0,0,0,7.4,1,49.38,111.12
2023,1,21,3,30,0,0,0,6.800000000000001,1,50.52,123.53
2023,1,21,4,30,0,0,0,6.2,1,52.26,136.02
2023,1,21,5,30,0,0,0,5.6000000000000005,0.9,53.96,148.28
2023,1,21,6,30,0,0,0,5.1000000000000005,0.9,55.31,159.49
2023,1,21,7,30,0,0,0,4.6000000000000005,0.9,56.620000000000005,166.32
2023,1,21,8,30,0,0,0,4,1,58.51,162.41
2023,1,21,9,30,0,0,0,3.3000000000000003,1.1,61.18,151.97
2023,1,21,10,30,0,0,0,2.7,1.1,63.68,139.89000000000001
2023,1,21,11,30,0,0,0,2.4000000000000004,1.1,64.6,127.42
2023,1,21,12,30,0,0,0,2,1.2000000000000002,66.01,114.95
2023,1,21,13,30,0,0,0,1.8,1.3,66.68,102.71000000000001
2023,1,21,14,30,50,7,6,3.4000000000000004,1.6,60.36,90.92
2023,1,21,15,30,569,49,150,6.5,2,54.58,79.75
2023,1,21,16,30,413,139,281,9.600000000000001,1.7000000000000002,42.87,69.84
2023,1,21,17,30,844,91,493,12.3,1,35.14,61.58
2023,1,21,18,30,931,84,607,13.9,0.8,30.51,55.800000000000004
2023,1,21,19,30,950,85,652,14.9,1.2000000000000002,27.580000000000002,53.32
2023,1,21,20,30,935,86,628,15.4,1.6,26.150000000000002,54.6
2023,1,21,21,30,890,85,538,15.5,1.7000000000000002,25.52,59.4
2023,1,21,22,30,821,74,395,14.600000000000001,1.5,26.92,66.95
2023,1,21,23,30,669,56,213,12,1.1,43.550000000000004,76.41
2023,1,22,0,30,255,23,36,9.4,1.2000000000000002,53.81,87.01
2023,1,22,1,30,0,0,0,8.6,1.1,50.02,98.83
2023,1,22,2,30,0,0,0,8.200000000000001,0.9,48.06,110.95
2023,1,22,3,30,0,0,0,7.800000000000001,0.7000000000000001,47.43,123.36
2023,1,22,4,30,0,0,0,7.2,0.7000000000000001,48.13,135.86
2023,1,22,5,30,0,0,0,6.1000000000000005,0.9,51.870000000000005,148.11
2023,1,22,6,30,0,0,0,4.7,1.1,57.72,159.29
2023,1,22,7,30,0,0,0,3.6,1.3,62.61,166.09
2023,1,22,8,30,0,0,0,2.7,1.5,66.39,162.27
2023,1,22,9,30,0,0,0,2,1.7000000000000002,68.92,151.9
2023,1,22,10,30,0,0,0,1.4000000000000001,1.7000000000000002,70.66,139.84
2023,1,22,11,30,0,0,0,1.1,1.7000000000000002,70.82000000000001,127.37
2023,1,22,12,30,0,0,0,0.9,1.7000000000000002,70.82000000000001,114.9
2023,1,22,13,30,0,0,0,1,1.6,69.49,102.65
2023,1,22,14,30,66,7,6,3.1,2.1,60.550000000000004,90.84
2023,1,22,15,30,616,44,155,6.6000000000000005,2.7,50.61,79.66
2023,1,22,16,30,811,64,345,9.700000000000001,2.5,40.59,69.71000000000001
2023,1,22,17,30,904,73,505,12.3,2.2,33.69,61.42
2023,1,22,18,30,953,76,614,13.8,2.1,30.87,55.6
2023,1,22,19,30,724,161,596,14.600000000000001,2,29.42,53.09
2023,1,22,20,30,561,199,526,14.8,2.1,29,54.36
2023,1,22,21,30,893,81,539,14.600000000000001,2.2,29.38,59.160000000000004
2023,1,22,22,30,471,160,346,13.600000000000001,1.8,31.63,66.73
2023,1,22,23,30,70,114,131,11.200000000000001,1.2000000000000002,46.22,76.2
2023,1,23,0,30,1,21,21,8.6,1.2000000000000002,60.800000000000004,86.83
2023,1,23,1,30,0,0,0,7.300000000000001,1.3,58.69,98.66
2023,1,23,2,30,0,0,0,6.6000000000000005,1.3,57.47,110.78
2023,1,23,3,30,0,0,0,6,1.3,56.910000000000004,123.2
2023,1,23,4,30,0,0,0,5.300000000000001,1.3,57.75,135.69
2023,1,23,5,30,0,0,0,4.4,1.3,60.370000000000005,147.93
2023,1,23,6,30,0,0,0,3.9000000000000004,1.3,61.21,159.08
2023,1,23,7,30,0,0,0,3.7,1.2000000000000002,61.1,165.85
2023,1,23,8,30,0,0,0,3.6,1,60.99,162.12
2023,1,23,9,30,0,0,0,3.2,0.9,62.620000000000005,151.82
2023,1,23,10,30,0,0,0,2.1,1,67.37,139.79
2023,1,23,11,30,0,0,0,0.7000000000000001,1.1,72.86,127.32000000000001
2023,1,23,12,30,0,0,0,-0.1,1.2000000000000002,75.62,114.84
2023,1,23,13,30,0,0,0,-0.4,1.1,75.4,102.58
2023,1,23,14,30,58,6,6,1.1,1.4000000000000001,66.78,90.16
2023,1,23,15,30,607,46,156,3.9000000000000004,1.9000000000000001,56.85,79.55
2023,1,23,16,30,798,67,346,6.7,2,44.5,69.57000000000001
2023,1,23,17,30,443,187,400,8.8,1.8,33.47,61.25
2023,1,23,18,30,254,277,421,9.700000000000001,1.5,29.36,55.4
2023,1,23,19,30,194,296,413,10.100000000000001,1.1,27.6,52.86
2023,1,23,20,30,46,263,290,10.200000000000001,0.7000000000000001,27.28,54.120000000000005
2023,1,23,21,30,66,244,278,9.9,0.4,28.39,58.93
2023,1,23,22,30,79,156,188,9.200000000000001,0.30000000000000004,30.69,66.5
2023,1,23,23,30,30,114,121,7.9,0.30000000000000004,40.47,76
2023,1,24,0,30,0,10,10,6.7,0.4,58.25,86.64
2023,1,24,1,30,0,0,0,5.800000000000001,0.6000000000000001,58.120000000000005,98.48
2023,1,24,2,30,0,0,0,4.6000000000000005,0.9,61.29,110.62
2023,1,24,3,30,0,0,0,3.3000000000000003,1.2000000000000002,63.67,123.04
2023,1,24,4,30,0,0,0,2.4000000000000004,1.2000000000000002,63.89,135.53
2023,1,24,5,30,0,0,0,1.8,1.2000000000000002,64,147.76
2023,1,24,6,30,0,0,0,1.5,1.1,62.71,158.87
2023,1,24,7,30,0,0,0,1.2000000000000002,1.1,62.17,165.61
2023,1,24,8,30,0,0,0,0.9,1,63.46,161.96
2023,1,24,9,30,0,0,0,0.9,1,63.9,151.73
2023,1,24,10,30,0,0,0,1,0.9,63.9,139.72
2023,1,24,11,30,0,0,0,0.8,0.9,65.32000000000001,127.26
2023,1,24,12,30,0,0,0,0.5,1,66.73,114.78
2023,1,24,13,30,0,0,0,0.1,1,68.36,102.51
2023,1,24,14,30,39,6,6,1.4000000000000001,1.2000000000000002,62.95,90.07000000000001
2023,1,24,15,30,519,55,150,4.1000000000000005,1.6,56.88,79.44
2023,1,24,16,30,741,79,339,6.7,1.5,46.85,69.43
2023,1,24,17,30,855,87,501,8.8,1.3,42.54,61.07
2023,1,24,18,30,915,90,612,10.5,1.7000000000000002,39.38,55.19
2023,1,24,19,30,930,93,657,11.9,2.3000000000000003,37.06,52.63
2023,1,24,20,30,908,97,632,12.700000000000001,2.6,36.04,53.870000000000005
2023,1,24,21,30,851,98,540,13,2.6,35.71,58.69
2023,1,24,22,30,769,87,396,12.3,2.2,37.45,66.28
2023,1,24,23,30,606,65,214,10,1.4000000000000001,48,75.79
2023,1,25,0,30,216,25,38,7.6000000000000005,0.9,59.51,86.46000000000001
2023,1,25,1,30,0,0,0,6.800000000000001,0.9,57.660000000000004,98.3
2023,1,25,2,30,0,0,0,6.300000000000001,1,57.5,110.45
2023,1,25,3,30,0,0,0,5.5,1.1,59.63,122.87
2023,1,25,4,30,0,0,0,4.7,1.3,62.53,135.36
2023,1,25,5,30,0,0,0,4.1000000000000005,1.3,64.52,147.58
2023,1,25,6,30,0,0,0,3.7,1.3,65.28,158.66
2023,1,25,7,30,0,0,0,3.3000000000000003,1.3,65.6,165.36
2023,1,25,8,30,0,0,0,2.8000000000000003,1.2000000000000002,66.26,161.8
2023,1,25,9,30,0,0,0,2.1,1.2000000000000002,67.88,151.63
2023,1,25,10,30,0,0,0,1.5,1.3,69.06,139.65
2023,1,25,11,30,0,0,0,1,1.3,69.7,127.2
2023,1,25,12,30,0,0,0,0.4,1.4000000000000001,71.01,114.71000000000001
2023,1,25,13,30,0,0,0,0.30000000000000004,1.5,69.73,102.43
2023,1,25,14,30,78,7,7,2.3000000000000003,2.1,60.35,90
2023,1,25,15,30,651,42,163,5.9,2.9000000000000004,49,79.32000000000001
2023,1,25,16,30,845,57,356,9.200000000000001,2.8000000000000003,37.800000000000004,69.28
2023,1,25,17,30,933,63,517,12.100000000000001,2.2,28.53,60.89
2023,1,25,18,30,974,64,623,14.100000000000001,1.6,24.22,54.97
2023,1,25,19,30,988,66,669,15.4,1.4000000000000001,22.17,52.38
2023,1,25,20,30,969,71,646,16.2,1.5,21.31,53.620000000000005
2023,1,25,21,30,922,74,557,16.5,1.7000000000000002,21.38,58.44
2023,1,25,22,30,857,66,414,15.700000000000001,1.4000000000000001,23.51,66.05
2023,1,25,23,30,720,52,231,13.200000000000001,1,42.660000000000004,75.58
2023,1,26,0,30,347,24,47,10.4,1.1,46.59,86.27
2023,1,26,1,30,0,0,0,8.4,1.3,49.18,98.12
2023,1,26,2,30,0,0,0,6.9,1.4000000000000001,53.81,110.28
2023,1,26,3,30,0,0,0,5.7,1.6,56.63,122.71000000000001
2023,1,26,4,30,0,0,0,4.7,1.9000000000000001,57.97,135.19
2023,1,26,5,30,0,0,0,3.8000000000000003,2.1,58.800000000000004,147.4
2023,1,26,6,30,0,0,0,3,2.4000000000000004,59.54,158.44
2023,1,26,7,30,0,0,0,2.5,2.6,59.5,165.1
2023,1,26,8,30,0,0,0,2,2.6,60.11,161.62
2023,1,26,9,30,0,0,0,1.6,2.3000000000000003,60.9,151.52
2023,1,26,10,30,0,0,0,1.4000000000000001,2.2,60.800000000000004,139.57
2023,1,26,11,30,0,0,0,1.3,2.2,60.06,127.13000000000001
2023,1,26,12,30,0,0,0,1.2000000000000002,2.2,59.71,114.64
2023,1,26,13,30,0,0,0,1.4000000000000001,2.3000000000000003,58.160000000000004,102.34
2023,1,26,14,30,71,7,7,3.5,3.1,50.300000000000004,89.91
2023,1,26,15,30,700,41,172,7.1000000000000005,4.2,40.34,79.19
2023,1,26,16,30,881,54,368,10.600000000000001,4.800000000000001,31.580000000000002,69.13
2023,1,26,17,30,953,65,531,13.5,5.1000000000000005,23.31,60.71
2023,1,26,18,30,983,75,642,15.4,5.1000000000000005,18.43,54.75
2023,1,26,19,30,999,76,689,16.5,5.1000000000000005,16.14,52.13
2023,1,26,20,30,985,78,666,16.900000000000002,5,15.56,53.370000000000005
2023,1,26,21,30,943,78,575,16.7,4.800000000000001,16.06,58.19
2023,1,26,22,30,891,69,434,15.5,3.8000000000000003,17.96,65.82000000000001
2023,1,26,23,30,758,54,245,11.9,2.5,27.48,75.37
2023,1,27,0,30,393,26,53,8.200000000000001,1.9000000000000001,42.04,86.09
2023,1,27,1,30,0,0,0,6.7,2,44.050000000000004,97.94
2023,1,27,2,30,0,0,0,5.7,2,45.71,110.11
2023,1,27,3,30,0,0,0,4.7,2,48.25,122.54
2023,1,27,4,30,0,0,0,3.9000000000000004,2.1,49.99,135.03
2023,1,27,5,30,0,0,0,3.3000000000000003,2.3000000000000003,50.81,147.21
2023,1,27,6,30,0,0,0,2.9000000000000004,2.5,51.300000000000004,158.22
2023,1,27,7,30,0,0,0,2.5,2.6,52.2,164.84
2023,1,27,8,30,0,0,0,2.2,2.6,53.04,161.44
2023,1,27,9,30,0,0,0,1.9000000000000001,2.5,53.88,151.41
2023,1,27,10,30,0,0,0,1.5,2.3000000000000003,55.56,139.49
2023,1,27,11,30,0,0,0,1.2000000000000002,2.2,57.09,127.05
2023,1,27,12,30,0,0,0,1,2.1,58.45,114.56
2023,1,27,13,30,0,0,0,1,2,58.95,102.25
2023,1,27,14,30,123,10,10,3.3000000000000003,2.5,51.26,89.82000000000001
2023,1,27,15,30,688,41,172,7.1000000000000005,3,40.65,79.06
2023,1,27,16,30,869,56,368,10.700000000000001,2.5,31.990000000000002,68.97
2023,1,27,17,30,951,64,532,14,1.9000000000000001,21.39,60.51
2023,1,27,18,30,992,67,643,15.9,1.3,16.57,54.52
2023,1,27,19,30,1006,69,690,17,0.7000000000000001,14.83,51.88
2023,1,27,20,30,993,72,668,17.6,0.5,14.13,53.1
2023,1,27,21,30,955,72,579,17.6,0.7000000000000001,14.38,57.94
2023,1,27,22,30,892,64,433,16.7,0.7000000000000001,15.74,65.59
2023,1,27,23,30,760,51,246,14.4,0.7000000000000001,28.94,75.16
2023,1,28,0,30,401,26,55,12.100000000000001,0.8,34.58,85.9
2023,1,28,1,30,0,0,0,11.200000000000001,0.8,30.84,97.76
2023,1,28,2,30,0,0,0,10.600000000000001,0.9,29.14,109.94
2023,1,28,3,30,0,0,0,9.8,0.9,30.310000000000002,122.38
2023,1,28,4,30,0,0,0,9.3,1,30.85,134.86
2023,1,28,5,30,0,0,0,8.5,1.1,32.22,147.03
2023,1,28,6,30,0,0,0,7.4,1.3,35.72,158
2023,1,28,7,30,0,0,0,6.4,1.4000000000000001,39.230000000000004,164.58
2023,1,28,8,30,0,0,0,5.2,1.5,43.54,161.25
2023,1,28,9,30,0,0,0,4,1.5,48.59,151.29
2023,1,28,10,30,0,0,0,3,1.5,53.36,139.39000000000001
2023,1,28,11,30,0,0,0,2.3000000000000003,1.5,56.68,126.97
2023,1,28,12,30,0,0,0,1.8,1.5,58.59,114.47
2023,1,28,13,30,0,0,0,1.9000000000000001,1.5,57.4,102.16
2023,1,28,14,30,90,10,10,4.3,1.6,49.35,89.73
2023,1,28,15,30,624,48,168,8.3,2,43.51,78.93
2023,1,28,16,30,817,67,362,11.5,2,30.080000000000002,68.8
2023,1,28,17,30,909,77,527,14.100000000000001,1.7000000000000002,24.07,60.31
2023,1,28,18,30,957,80,639,16,1.8,20.580000000000002,54.29
2023,1,28,19,30,973,82,686,17.2,2,19.29,51.620000000000005
2023,1,28,20,30,961,84,664,17.7,2.2,19.27,52.84
2023,1,28,21,30,922,82,575,17.6,2.1,19.97,57.69
2023,1,28,22,30,854,74,430,16.7,1.3,21.67,65.35
2023,1,28,23,30,709,58,242,14.700000000000001,0.5,33.61,74.95
2023,1,29,0,30,333,29,54,12.9,0.30000000000000004,36.21,85.71000000000001
2023,1,29,1,30,0,0,0,11.9,0.6000000000000001,33.02,97.58
2023,1,29,2,30,0,0,0,10.9,1,35.26,109.77
2023,1,29,3,30,0,0,0,9.700000000000001,1.3,38.39,122.21000000000001
2023,1,29,4,30,0,0,0,8.700000000000001,1.4000000000000001,41.27,134.69
2023,1,29,5,30,0,0,0,7.800000000000001,1.4000000000000001,43.71,146.84
2023,1,29,6,30,0,0,0,7,1.4000000000000001,46.15,157.77
2023,1,29,7,30,0,0,0,6.1000000000000005,1.4000000000000001,49.22,164.31
2023,1,29,8,30,0,0,0,5.300000000000001,1.4000000000000001,52.410000000000004,161.05
2023,1,29,9,30,0,0,0,4.6000000000000005,1.5,55.19,151.16
2023,1,29,10,30,0,0,0,4,1.6,57.59,139.3
2023,1,29,11,30,0,0,0,3.5,1.7000000000000002,59.21,126.88000000000001
2023,1,29,12,30,0,0,0,3.1,1.7000000000000002,60.07,114.38
2023,1,29,13,30,0,0,0,3.1,1.7000000000000002,59.33,102.05
2023,1,29,14,30,90,9,10,5.300000000000001,2,52.01,89.64
2023,1,29,15,30,616,48,168,9.1,2.8000000000000003,43.5,78.79
2023,1,29,16,30,809,67,362,12.200000000000001,3.5,35.99,68.63
2023,1,29,17,30,898,77,525,14.8,3.8000000000000003,36.800000000000004,60.11
2023,1,29,18,30,942,83,636,16.7,4,34.39,54.04
2023,1,29,19,30,952,87,681,17.8,4.1000000000000005,31.6,51.36
2023,1,29,20,30,940,87,658,18.400000000000002,4.2,29.86,52.57
2023,1,29,21,30,904,83,570,18.400000000000002,4.1000000000000005,29.67,57.43
2023,1,29,22,30,828,77,425,17.6,3.5,31.82,65.12
2023,1,29,23,30,670,62,238,14.5,2.2,43.1,74.73
2023,1,30,0,30,286,31,53,11.200000000000001,1.5,59.6,85.52
2023,1,30,1,30,0,0,0,9.700000000000001,1.5,64.32000000000001,97.4
2023,1,30,2,30,0,0,0,8.9,1.4000000000000001,67.96000000000001,109.60000000000001
2023,1,30,3,30,0,0,0,8.5,1.3,69.88,122.05
2023,1,30,4,30,0,0,0,8.1,1.3,71.95,134.52
2023,1,30,5,30,0,0,0,7.5,1.3,75.43,146.66
2023,1,30,6,30,0,0,0,6.7,1.3,80.23,157.55
2023,1,30,7,30,0,0,0,6.1000000000000005,1.3,83.34,164.04
2023,1,30,8,30,0,0,0,5.7,1.3,84.03,160.84
2023,1,30,9,30,0,0,0,5.4,1.3,82.57000000000001,151.03
2023,1,30,10,30,0,0,0,5.2,1.3,80,139.19
2023,1,30,11,30,0,0,0,5,1.3,77.96000000000001,126.78
2023,1,30,12,30,0,0,0,4.800000000000001,1.3,76.15,114.28
2023,1,30,13,30,0,0,0,4.800000000000001,1.3,74.09,101.94
2023,1,30,14,30,0,5,5,6.6000000000000005,1.9000000000000001,66.31,89.53
2023,1,30,15,30,34,31,38,9.5,2.6,57.64,78.64
2023,1,30,16,30,10,149,153,12.100000000000001,2.9000000000000004,57.75,68.46000000000001
2023,1,30,17,30,139,253,323,14.100000000000001,3.3000000000000003,55.86,59.89
2023,1,30,18,30,42,298,323,15.200000000000001,3.4000000000000004,50.27,53.800000000000004
2023,1,30,19,30,182,315,429,15.700000000000001,3.3000000000000003,47.050000000000004,51.08
2023,1,30,20,30,59,263,299,16,3,45.06,52.29
2023,1,30,21,30,64,231,266,15.8,2.6,44.79,57.17
2023,1,30,22,30,119,175,226,15.200000000000001,1.9000000000000001,46.050000000000004,64.88
2023,1,30,23,30,423,99,212,13.700000000000001,1,52.75,74.52
2023,1,31,0,30,97,31,39,12.3,0.5,62.410000000000004,85.33
2023,1,31,1,30,0,0,0,11.600000000000001,0.6000000000000001,60.39,97.22
2023,1,31,2,30,0,0,0,11.100000000000001,0.6000000000000001,61.300000000000004,109.43
2023,1,31,3,30,0,0,0,10.700000000000001,0.7000000000000001,62.35,121.88
2023,1,31,4,30,0,0,0,10.3,0.8,63.54,134.35
2023,1,31,5,30,0,0,0,9.700000000000001,0.9,65.61,146.47
2023,1,31,6,30,0,0,0,9.1,1,67.85,157.32
2023,1,31,7,30,0,0,0,8.4,1.1,71.31,163.76
2023,1,31,8,30,0,0,0,8,1.1,73.96000000000001,160.63
2023,1,31,9,30,0,0,0,7.7,1.1,76.28,150.89000000000001
2023,1,31,10,30,0,0,0,7.4,1,78.60000000000001,139.08
2023,1,31,11,30,0,0,0,7.2,1,80.45,126.68
2023,1,31,12,30,0,0,0,7.2,1,81.47,114.18
2023,1,31,13,30,0,0,0,7.300000000000001,1,81.62,101.83
2023,1,31,14,30,0,4,4,8.5,1.3,76.45,89.42
2023,1,31,15,30,3,49,50,10.200000000000001,1.8,70.73,78.49
2023,1,31,16,30,20,140,147,11.9,1.8,63.53,68.27
2023,1,31,17,30,104,282,335,13.5,1.7000000000000002,59.22,59.68
2023,1,31,18,30,166,331,430,14.9,1.7000000000000002,55,53.550000000000004
2023,1,31,19,30,318,325,526,15.700000000000001,1.6,51.19,50.81
2023,1,31,20,30,353,288,505,16.2,1.2000000000000002,48.18,52.01
2023,1,31,21,30,848,95,558,16.3,0.8,46.53,56.9
2023,1,31,22,30,783,83,418,16,0.6000000000000001,46.43,64.64
2023,1,31,23,30,247,125,192,14.200000000000001,0.8,55.27,74.3
2023,2,1,0,30,131,36,47,11.8,1.1,70.72,85.14
2023,2,1,1,30,0,0,0,10.4,1.2000000000000002,71.81,97.04
2023,2,1,2,30,0,0,0,9.600000000000001,1.2000000000000002,73.10000000000001,109.25
2023,2,1,3,30,0,0,0,8.8,1.3,72.61,121.71000000000001
2023,2,1,4,30,0,0,0,8.200000000000001,1.5,70.09,134.18
2023,2,1,5,30,0,0,0,7.800000000000001,2,66.29,146.28
2023,2,1,6,30,0,0,0,7.6000000000000005,2.7,60.800000000000004,157.08
2023,2,1,7,30,0,0,0,7.2,2.9000000000000004,57,163.48
2023,2,1,8,30,0,0,0,6.7,3.1,55.45,160.41
2023,2,1,9,30,0,0,0,6.2,3.4000000000000004,53.99,150.74
2023,2,1,10,30,0,0,0,5.800000000000001,3.3000000000000003,53.51,138.96
2023,2,1,11,30,0,0,0,5.4,2.8000000000000003,54.480000000000004,126.57000000000001
2023,2,1,12,30,0,0,0,4.800000000000001,2.4000000000000004,57.42,114.06
2023,2,1,13,30,0,0,0,4.7,2.2,58.92,101.71000000000001
2023,2,1,14,30,89,10,11,6.5,2.6,53.74,89.3
2023,2,1,15,30,593,51,171,9.700000000000001,2.6,44.54,78.33
2023,2,1,16,30,787,70,364,13.200000000000001,1.7000000000000002,36,68.08
2023,2,1,17,30,884,79,528,16.1,1.3,31.01,59.45
2023,2,1,18,30,936,80,640,17.7,1.7000000000000002,29.54,53.29
2023,2,1,19,30,950,83,687,18.6,2.2,28.89,50.53
2023,2,1,20,30,937,86,666,19,2.5,28.47,51.730000000000004
2023,2,1,21,30,902,84,580,19,2.7,28.47,56.64
2023,2,1,22,30,836,75,436,18.3,2.5,29.69,64.39
2023,2,1,23,30,701,59,251,15.5,1.8,39.050000000000004,74.08
2023,2,2,0,30,364,31,63,12.200000000000001,1.4000000000000001,56.25,84.95
2023,2,2,1,30,0,0,0,10.600000000000001,1.4000000000000001,57.11,96.86
2023,2,2,2,30,0,0,0,9.9,1.3,57.53,109.08
2023,2,2,3,30,0,0,0,9.200000000000001,1.2000000000000002,57.42,121.55
2023,2,2,4,30,0,0,0,8.1,1.1,59.68,134.01
2023,2,2,5,30,0,0,0,7.4,1.3,59.660000000000004,146.09
2023,2,2,6,30,0,0,0,7,2,56.620000000000005,156.85
2023,2,2,7,30,0,0,0,6.4,3,53.71,163.19
2023,2,2,8,30,0,0,0,5.4,3.5,53.31,160.18
2023,2,2,9,30,0,0,0,4.800000000000001,3.4000000000000004,53.52,150.58
2023,2,2,10,30,0,0,0,4.4,3.2,54.04,138.84
2023,2,2,11,30,0,0,0,4.1000000000000005,3.1,54.620000000000005,126.46000000000001
2023,2,2,12,30,0,0,0,3.8000000000000003,2.9000000000000004,55.2,113.95
2023,2,2,13,30,0,0,0,3.9000000000000004,2.9000000000000004,54.25,101.59
2023,2,2,14,30,132,12,14,5.7,3.4000000000000004,47.69,89.17
2023,2,2,15,30,688,46,187,9,3.5,38.37,78.17
2023,2,2,16,30,864,62,387,12.8,2.6,30.650000000000002,67.89
2023,2,2,17,30,942,72,554,16.400000000000002,1.4000000000000001,21.28,59.22
2023,2,2,18,30,977,79,667,18.6,0.7000000000000001,15.96,53.02
2023,2,2,19,30,992,81,715,19.700000000000003,1.1,14.61,50.24
2023,2,2,20,30,980,82,693,20.200000000000003,1.3,14.35,51.44
2023,2,2,21,30,943,82,604,20.3,1.2000000000000002,14.33,56.370000000000005
2023,2,2,22,30,882,72,457,19.400000000000002,0.9,15.51,64.15
2023,2,2,23,30,752,58,267,16.7,0.9,29.18,73.87
2023,2,3,0,30,414,31,69,13.9,1.1,39.86,84.75
2023,2,3,1,30,0,0,0,13.100000000000001,1.1,34.5,96.67
2023,2,3,2,30,0,0,0,12.4,1.1,33.22,108.91
2023,2,3,3,30,0,0,0,10.700000000000001,1.3,37.34,121.38
2023,2,3,4,30,0,0,0,8.8,1.6,45.300000000000004,133.84
2023,2,3,5,30,0,0,0,7.6000000000000005,2.3000000000000003,51.14,145.9
2023,2,3,6,30,0,0,0,7.1000000000000005,3.5,53.300000000000004,156.61
2023,2,3,7,30,0,0,0,6.800000000000001,4.1000000000000005,54.160000000000004,162.9
2023,2,3,8,30,0,0,0,6.800000000000001,4.1000000000000005,54.21,159.94
2023,2,3,9,30,0,0,0,7,3.9000000000000004,53.09,150.41
2023,2,3,10,30,0,0,0,7.1000000000000005,3.6,51.74,138.70000000000002
2023,2,3,11,30,0,0,0,7.2,3.4000000000000004,50.59,126.34
2023,2,3,12,30,0,0,0,7.300000000000001,3.4000000000000004,49.34,113.83
2023,2,3,13,30,0,0,0,7.5,3.3000000000000003,47.97,101.45
2023,2,3,14,30,0,9,9,9.5,3.6,41.97,89.05
2023,2,3,15,30,92,104,123,13.100000000000001,3.9000000000000004,33.74,78
2023,2,3,16,30,395,158,308,16.5,4.1000000000000005,28.39,67.69
2023,2,3,17,30,876,92,543,19,4.4,23.16,58.99
2023,2,3,18,30,631,210,592,20.3,4.1000000000000005,20.95,52.76
2023,2,3,19,30,449,272,561,21,3.4000000000000004,20,49.95
2023,2,3,20,30,207,331,461,20.8,2.4000000000000004,21.02,51.15
2023,2,3,21,30,131,297,370,19.8,1.4000000000000001,31.5,56.09
2023,2,3,22,30,117,239,290,18.2,1.1,44.75,63.9
2023,2,3,23,30,28,109,117,16.6,1.3,47.12,73.65
2023,2,4,0,30,13,47,48,15.3,1.5,45.59,84.56
2023,2,4,1,30,0,0,0,14.600000000000001,1.6,45.52,96.49000000000001
2023,2,4,2,30,0,0,0,14.200000000000001,1.7000000000000002,45.74,108.74000000000001
2023,2,4,3,30,0,0,0,13.8,1.8,46.04,121.21000000000001
2023,2,4,4,30,0,0,0,13.200000000000001,1.7000000000000002,47.480000000000004,133.66
2023,2,4,5,30,0,0,0,12.4,1.5,49.32,145.70000000000002
2023,2,4,6,30,0,0,0,11.3,1.5,51.22,156.37
2023,2,4,7,30,0,0,0,10.4,1.6,52.36,162.6
2023,2,4,8,30,0,0,0,9.700000000000001,1.6,53.53,159.70000000000002
2023,2,4,9,30,0,0,0,9.1,1.7000000000000002,54.54,150.24
2023,2,4,10,30,0,0,0,8.6,1.8,54.88,138.57
2023,2,4,11,30,0,0,0,8.1,1.9000000000000001,54.370000000000005,126.21000000000001
2023,2,4,12,30,0,0,0,7.7,2,54.32,113.7
2023,2,4,13,30,0,0,0,7.800000000000001,2,52.800000000000004,101.32000000000001
2023,2,4,14,30,130,14,16,10.200000000000001,2.3000000000000003,45.29,88.91
2023,2,4,15,30,629,52,185,14.200000000000001,2.8000000000000003,38.21,77.82000000000001
2023,2,4,16,30,813,72,383,17.6,3,27.330000000000002,67.49
2023,2,4,17,30,904,81,550,20.3,2.8000000000000003,21.8,58.75
2023,2,4,18,30,950,85,664,22.400000000000002,2.5,19.07,52.480000000000004
2023,2,4,19,30,966,88,713,23.700000000000003,2.2,17.490000000000002,49.65
2023,2,4,20,30,941,94,688,24.200000000000003,1.9000000000000001,17.06,50.85
2023,2,4,21,30,892,95,596,24.1,1.5,17.13,55.82
2023,2,4,22,30,840,80,453,23.1,1,18.38,63.660000000000004
2023,2,4,23,30,725,62,269,20.900000000000002,0.7000000000000001,30.14,73.43
2023,2,5,0,30,402,34,73,18.7,0.9,33.160000000000004,84.37
2023,2,5,1,30,0,0,0,17.3,1,30.66,96.31
2023,2,5,2,30,0,0,0,15.9,1.2000000000000002,32.71,108.57000000000001
2023,2,5,3,30,0,0,0,14.3,1.4000000000000001,36.62,121.05
2023,2,5,4,30,0,0,0,12.9,1.4000000000000001,40.61,133.49
2023,2,5,5,30,0,0,0,12.200000000000001,1.5,42.13,145.51
2023,2,5,6,30,0,0,0,11.8,1.4000000000000001,42.4,156.12
2023,2,5,7,30,0,0,0,11.100000000000001,1.5,43.96,162.3
2023,2,5,8,30,0,0,0,10,1.5,47.42,159.45000000000002
2023,2,5,9,30,0,0,0,9.1,1.5,50.61,150.06
2023,2,5,10,30,0,0,0,8.6,1.6,52.09,138.42000000000002
2023,2,5,11,30,0,0,0,8.1,1.6,53.31,126.08
2023,2,5,12,30,0,0,0,7.7,1.5,53.980000000000004,113.57000000000001
2023,2,5,13,30,0,0,0,7.6000000000000005,1.5,53.35,101.18
2023,2,5,14,30,144,14,17,10.100000000000001,1.8,46.37,88.77
2023,2,5,15,30,651,51,190,14.200000000000001,2.2,40.01,77.64
2023,2,5,16,30,826,68,387,17.3,1.9000000000000001,28.42,67.28
2023,2,5,17,30,906,79,552,19.6,1.6,24.09,58.51
2023,2,5,18,30,940,87,663,21.400000000000002,2.1,21.54,52.2
2023,2,5,19,30,947,92,709,22.400000000000002,2.7,20.240000000000002,49.35
2023,2,5,20,30,933,92,685,22.700000000000003,2.9000000000000004,19.97,50.550000000000004
2023,2,5,21,30,904,88,600,22.5,2.8000000000000003,20.26,55.54
2023,2,5,22,30,825,83,452,21.400000000000002,2.3000000000000003,21.88,63.410000000000004
2023,2,5,23,30,675,68,263,18.3,1.5,32.59,73.21000000000001
2023,2,6,0,30,321,37,70,15.200000000000001,1.2000000000000002,48.29,84.17
2023,2,6,1,30,0,0,0,13.700000000000001,1.3,49.09,96.13
2023,2,6,2,30,0,0,0,12.600000000000001,1.4000000000000001,49.58,108.4
2023,2,6,3,30,0,0,0,11.9,1.4000000000000001,51.410000000000004,120.88
2023,2,6,4,30,0,0,0,11.100000000000001,1.4000000000000001,55.730000000000004,133.31
2023,2,6,5,30,0,0,0,10.3,1.3,60.34,145.31
2023,2,6,6,30,0,0,0,9.4,1.3,65.5,155.88
2023,2,6,7,30,0,0,0,8.6,1.3,70.08,162
2023,2,6,8,30,0,0,0,7.9,1.3,73.56,159.19
2023,2,6,9,30,0,0,0,7.6000000000000005,1.2000000000000002,74.21000000000001,149.88
2023,2,6,10,30,0,0,0,7.4,1.3,74.13,138.27
2023,2,6,11,30,0,0,0,7.1000000000000005,1.4000000000000001,74.17,125.94
2023,2,6,12,30,0,0,0,6.7,1.5,74.22,113.43
2023,2,6,13,30,0,0,0,6.9,1.6,69.84,101.03
2023,2,6,14,30,136,15,18,9.1,2,57.97,88.62
2023,2,6,15,30,644,53,193,12.4,3.2,48.800000000000004,77.46000000000001
2023,2,6,16,30,819,72,391,14.700000000000001,4.1000000000000005,38.32,67.06
2023,2,6,17,30,911,81,560,16.400000000000002,4.2,30.95,58.25
2023,2,6,18,30,963,82,676,17.7,3.9000000000000004,26.72,51.92
2023,2,6,19,30,969,85,720,18.6,3.5,23.84,49.050000000000004
2023,2,6,20,30,936,96,695,19.200000000000003,3.4000000000000004,21.67,50.25
2023,2,6,21,30,872,105,602,19.3,3.5,20.23,55.26
2023,2,6,22,30,812,92,459,18.6,3.5,20.09,63.160000000000004
2023,2,6,23,30,691,70,272,15.8,2.6,24.92,72.98
2023,2,7,0,30,253,44,71,12.200000000000001,2,38.59,83.98
2023,2,7,1,30,0,0,0,10.3,2,42.52,95.95
2023,2,7,2,30,0,0,0,9.200000000000001,1.9000000000000001,44.39,108.23
2023,2,7,3,30,0,0,0,8.1,1.8,46.74,120.71000000000001
2023,2,7,4,30,0,0,0,7.2,1.6,48.92,133.14000000000001
2023,2,7,5,30,0,0,0,6.5,1.5,50.410000000000004,145.11
2023,2,7,6,30,0,0,0,5.800000000000001,1.5,52.03,155.63
2023,2,7,7,30,0,0,0,5.2,1.5,53.45,161.69
2023,2,7,8,30,0,0,0,4.7,1.6,54.81,158.93
2023,2,7,9,30,0,0,0,4.3,1.7000000000000002,55.76,149.68
2023,2,7,10,30,0,0,0,4.1000000000000005,1.8,55.77,138.11
2023,2,7,11,30,0,0,0,4,1.9000000000000001,55.4,125.79
2023,2,7,12,30,0,0,0,3.8000000000000003,1.9000000000000001,55.47,113.28
2023,2,7,13,30,0,0,0,4.2,1.7000000000000002,53.910000000000004,100.88
2023,2,7,14,30,190,16,21,7,2.1,46.75,88.47
2023,2,7,15,30,710,47,203,11,3,37.13,77.27
2023,2,7,16,30,876,61,406,13.9,3.3000000000000003,29.09,66.84
2023,2,7,17,30,951,72,576,16.2,2.7,23.59,58
2023,2,7,18,30,980,82,690,17.8,1.7000000000000002,19.580000000000002,51.63
2023,2,7,19,30,991,83,737,19,1.3,17.05,48.74
2023,2,7,20,30,978,84,713,19.6,1.4000000000000001,16.05,49.94
2023,2,7,21,30,945,82,624,19.8,1.6,15.97,54.980000000000004
2023,2,7,22,30,884,74,477,19.3,1.4000000000000001,16.93,62.910000000000004
2023,2,7,23,30,760,60,285,17,1,24.7,72.76
2023,2,8,0,30,452,35,84,14.3,0.9,38.84,83.78
2023,2,8,1,30,0,0,0,13,0.8,35.230000000000004,95.77
2023,2,8,2,30,0,0,0,12.100000000000001,0.4,35.77,108.06
2023,2,8,3,30,0,0,0,11,0.30000000000000004,38.24,120.54
2023,2,8,4,30,0,0,0,9.600000000000001,0.7000000000000001,43.13,132.96
2023,2,8,5,30,0,0,0,8.1,1.1,48.93,144.91
2023,2,8,6,30,0,0,0,7.1000000000000005,1.6,52.43,155.37
2023,2,8,7,30,0,0,0,6.300000000000001,2.1,54.74,161.38
2023,2,8,8,30,0,0,0,5.800000000000001,2.5,55.77,158.66
2023,2,8,9,30,0,0,0,5.4,2.5,55.980000000000004,149.48
2023,2,8,10,30,0,0,0,4.9,2.4000000000000004,56.88,137.95000000000002
2023,2,8,11,30,0,0,0,4.6000000000000005,2.2,57.29,125.64
2023,2,8,12,30,0,0,0,4.6000000000000005,2,56.79,113.14
2023,2,8,13,30,0,0,0,5.2,1.9000000000000001,54.83,100.72
2023,2,8,14,30,132,16,20,7.2,2.4000000000000004,49.21,88.31
2023,2,8,15,30,77,122,139,10.200000000000001,2.8000000000000003,40.300000000000004,77.07000000000001
2023,2,8,16,30,231,215,307,13.3,2,32.5,66.62
2023,2,8,17,30,893,86,563,16.6,1,24.91,57.74
2023,2,8,18,30,948,86,678,18.6,1.2000000000000002,20.830000000000002,51.33
2023,2,8,19,30,928,105,721,19.700000000000003,1.7000000000000002,19.17,48.42
2023,2,8,20,30,947,92,705,20.200000000000003,1.8,18.330000000000002,49.63
2023,2,8,21,30,910,91,617,20.3,1.8,17.900000000000002,54.69
2023,2,8,22,30,858,79,473,19.700000000000003,1.6,18.61,62.65
2023,2,8,23,30,745,62,286,17,1.3,27.080000000000002,72.54
2023,2,9,0,30,444,35,85,13.8,1.2000000000000002,44.21,83.59
2023,2,9,1,30,0,0,0,12.3,1.3,41.7,95.58
2023,2,9,2,30,0,0,0,11.9,1.2000000000000002,40.800000000000004,107.89
2023,2,9,3,30,0,0,0,12,1,38.27,120.37
2023,2,9,4,30,0,0,0,12.100000000000001,0.5,35.86,132.79
2023,2,9,5,30,0,0,0,11.600000000000001,0.5,35.980000000000004,144.71
2023,2,9,6,30,0,0,0,10.4,1,39.63,155.12
2023,2,9,7,30,0,0,0,9,1.2000000000000002,44.19,161.06
2023,2,9,8,30,0,0,0,8,1.4000000000000001,47.72,158.38
2023,2,9,9,30,0,0,0,7.300000000000001,1.4000000000000001,49.75,149.27
2023,2,9,10,30,0,0,0,6.5,1.4000000000000001,52.300000000000004,137.78
2023,2,9,11,30,0,0,0,5.7,1.6,55.53,125.49000000000001
2023,2,9,12,30,0,0,0,5.1000000000000005,1.7000000000000002,58.26,112.98
2023,2,9,13,30,0,0,0,4.9,1.7000000000000002,58.800000000000004,100.56
2023,2,9,14,30,171,17,23,7.300000000000001,2.1,50.4,88.14
2023,2,9,15,30,702,52,211,11.100000000000001,3.7,37.660000000000004,76.88
2023,2,9,16,30,886,67,422,14.100000000000001,5.1000000000000005,21.81,66.39
2023,2,9,17,30,966,77,596,16.6,5.300000000000001,14.22,57.47
2023,2,9,18,30,1003,81,712,18.5,5,11.67,51.04
2023,2,9,19,30,1018,83,763,19.6,4.6000000000000005,11.32,48.1
2023,2,9,20,30,994,85,733,20.200000000000003,4.4,11.51,49.32
2023,2,9,21,30,956,85,642,20.200000000000003,4.2,12.030000000000001,54.4
2023,2,9,22,30,902,75,493,19.3,3.7,13,62.4
2023,2,9,23,30,791,60,300,15.9,2.6,18.85,72.32000000000001
2023,2,10,0,30,523,35,95,11.8,1.9000000000000001,33.88,83.39
2023,2,10,1,30,0,0,0,9.8,2.1,35.35,95.4
2023,2,10,2,30,0,0,0,8.9,2.3000000000000003,34.59,107.72
2023,2,10,3,30,0,0,0,8,2.5,34.85,120.21000000000001
2023,2,10,4,30,0,0,0,7.1000000000000005,2.6,35.86,132.61
2023,2,10,5,30,0,0,0,6.4,2.9000000000000004,36.97,144.51
2023,2,10,6,30,0,0,0,5.9,3.2,37.67,154.86
2023,2,10,7,30,0,0,0,5.4,3.4000000000000004,38.76,160.74
2023,2,10,8,30,0,0,0,5,3.5,40.050000000000004,158.1
2023,2,10,9,30,0,0,0,4.800000000000001,3.4000000000000004,40.410000000000004,149.06
2023,2,10,10,30,0,0,0,4.7,3.4000000000000004,40.27,137.6
2023,2,10,11,30,0,0,0,4.5,3.3000000000000003,40.39,125.32000000000001
2023,2,10,12,30,0,0,0,4.4,3.3000000000000003,40.63,112.82000000000001
2023,2,10,13,30,0,0,0,4.9,3.5,39.4,100.39
2023,2,10,14,30,228,19,27,7.1000000000000005,4.2,34.300000000000004,87.97
2023,2,10,15,30,721,51,217,10.600000000000001,5,27.96,76.67
2023,2,10,16,30,883,67,424,13.9,5.800000000000001,22.67,66.15
2023,2,10,17,30,961,74,595,16.6,6,18.54,57.2
2023,2,10,18,30,1002,78,712,18.7,5.800000000000001,16.06,50.730000000000004
2023,2,10,19,30,1016,79,762,20.200000000000003,5.5,14.63,47.78
2023,2,10,20,30,1005,82,741,21.200000000000003,5.2,13.97,49
2023,2,10,21,30,970,81,650,21.5,4.800000000000001,14.16,54.120000000000005
2023,2,10,22,30,909,74,499,20.900000000000002,4,15.23,62.15
2023,2,10,23,30,785,63,304,17.6,2.7,22.79,72.09
2023,2,11,0,30,483,38,95,13.600000000000001,2.1,37.43,83.19
2023,2,11,1,30,0,0,0,11.700000000000001,2.3000000000000003,39.11,95.22
2023,2,11,2,30,0,0,0,10.700000000000001,2.4000000000000004,40.660000000000004,107.55
2023,2,11,3,30,0,0,0,10,2.4000000000000004,42.28,120.04
2023,2,11,4,30,0,0,0,9.4,2.5,42.97,132.43
2023,2,11,5,30,0,0,0,9,2.7,42.52,144.3
2023,2,11,6,30,0,0,0,8.8,2.9000000000000004,41.38,154.6
2023,2,11,7,30,0,0,0,8.8,3.1,40.39,160.42000000000002
2023,2,11,8,30,0,0,0,8.700000000000001,3.4000000000000004,39.800000000000004,157.81
2023,2,11,9,30,0,0,0,8.700000000000001,3.7,38.65,148.84
2023,2,11,10,30,0,0,0,8.6,3.5,38.35,137.42000000000002
2023,2,11,11,30,0,0,0,8.5,3.2,38.92,125.16
2023,2,11,12,30,0,0,0,8.5,3,39.5,112.65
2023,2,11,13,30,0,0,0,9.200000000000001,3.4000000000000004,37.410000000000004,100.22
2023,2,11,14,30,1,14,14,10.700000000000001,4.2,31.94,87.81
2023,2,11,15,30,90,101,122,12.8,5.1000000000000005,26.5,76.46000000000001
2023,2,11,16,30,61,166,191,15.200000000000001,5.800000000000001,22.3,65.91
2023,2,11,17,30,85,226,272,17.5,5.6000000000000005,19.11,56.93
2023,2,11,18,30,409,263,524,19.6,4.9,17.330000000000002,50.42
2023,2,11,19,30,883,125,722,21.200000000000003,4.3,16.22,47.45
2023,2,11,20,30,419,309,586,22,3.7,15.89,48.68
2023,2,11,21,30,726,162,591,22.400000000000002,3.2,15.55,53.82
2023,2,11,22,30,848,87,487,21.700000000000003,2.2,15.98,61.89
2023,2,11,23,30,730,70,297,19.6,1.1,27.650000000000002,71.87
2023,2,12,0,30,429,42,94,17.7,0.8,31.5,83
2023,2,12,1,30,0,0,0,16.6,0.9,25.82,95.04
2023,2,12,2,30,0,0,0,15,1.1,28.73,107.37
2023,2,12,3,30,0,0,0,13.5,1.2000000000000002,32.55,119.87
2023,2,12,4,30,0,0,0,12,1.3,36.19,132.25
2023,2,12,5,30,0,0,0,10.4,1.3,41.28,144.1
2023,2,12,6,30,0,0,0,8.8,1.5,47.410000000000004,154.34
2023,2,12,7,30,0,0,0,7.800000000000001,1.8,51.21,160.09
2023,2,12,8,30,0,0,0,7.300000000000001,2,52.78,157.51
2023,2,12,9,30,0,0,0,7.1000000000000005,2.1,53,148.61
2023,2,12,10,30,0,0,0,7.5,2.1,50.94,137.23
2023,2,12,11,30,0,0,0,7.9,2.2,48.86,124.98
2023,2,12,12,30,0,0,0,8.200000000000001,2.2,46.94,112.48
2023,2,12,13,30,0,0,0,8.6,2.2,45.1,100.04
2023,2,12,14,30,55,19,21,10.8,2.7,39.59,87.63
2023,2,12,15,30,73,119,136,14.4,3.4000000000000004,31.23,76.25
2023,2,12,16,30,767,90,406,17.7,3.5,24.93,65.67
2023,2,12,17,30,838,108,569,20.400000000000002,3.5,20.81,56.65
2023,2,12,18,30,619,224,621,22.3,3.7,18.47,50.11
2023,2,12,19,30,588,233,633,23.5,4,17.07,47.12
2023,2,12,20,30,575,234,616,24,4.1000000000000005,16.71,48.36
2023,2,12,21,30,909,93,633,24,4.2,16.97,53.53
2023,2,12,22,30,838,86,484,23,4.1000000000000005,18.6,61.64
2023,2,12,23,30,689,73,290,19.900000000000002,3.6,25.92,71.65
2023,2,13,0,30,357,44,89,15.9,3,38.68,82.81
2023,2,13,1,30,0,0,0,13.3,2.5,46.1,94.86
2023,2,13,2,30,0,0,0,11.5,1.8,52.44,107.2
2023,2,13,3,30,0,0,0,10.600000000000001,1.2000000000000002,56.52,119.7
2023,2,13,4,30,0,0,0,10.600000000000001,0.9,54.58,132.08
2023,2,13,5,30,0,0,0,10.100000000000001,0.9,54.09,143.89000000000001
2023,2,13,6,30,0,0,0,9,1.2000000000000002,58.43,154.07
2023,2,13,7,30,0,0,0,8.5,1.3,60.47,159.76
2023,2,13,8,30,0,0,0,8.8,1.2000000000000002,59.2,157.21
2023,2,13,9,30,0,0,0,9.1,1,58.870000000000005,148.38
2023,2,13,10,30,0,0,0,8.8,1,61.58,137.03
2023,2,13,11,30,0,0,0,8.1,1,67.25,124.81
2023,2,13,12,30,0,0,0,7.800000000000001,0.9,72.66,112.31
2023,2,13,13,30,0,0,0,7.9,0.7000000000000001,76.23,99.86
2023,2,13,14,30,0,17,17,8.9,0.7000000000000001,75.77,87.44
2023,2,13,15,30,62,128,143,10.3,1,73.31,76.03
2023,2,13,16,30,98,200,241,11.3,1.5,70.77,65.42
2023,2,13,17,30,57,231,263,12.100000000000001,2.3000000000000003,65.52,56.370000000000005
2023,2,13,18,30,308,289,488,12.5,2.7,58.18,49.79
2023,2,13,19,30,94,223,287,12.5,2.7,52.9,46.79
2023,2,13,20,30,63,217,259,12.5,2.5,49.29,48.04
2023,2,13,21,30,60,229,265,12.5,2.2,47.57,53.24
2023,2,13,22,30,399,224,415,12.3,1.9000000000000001,47.01,61.38
2023,2,13,23,30,489,119,275,11.100000000000001,1.2000000000000002,50.14,71.43
2023,2,14,0,30,351,47,92,9.3,0.9,65.91,82.61
2023,2,14,1,30,0,0,0,8.1,0.9,67.93,94.68
2023,2,14,2,30,0,0,0,7.2,1,71.33,107.03
2023,2,14,3,30,0,0,0,6.300000000000001,1.1,74.54,119.53
2023,2,14,4,30,0,0,0,5.5,1.2000000000000002,78.17,131.9
2023,2,14,5,30,0,0,0,4.9,1.3,82.14,143.68
2023,2,14,6,30,0,0,0,4.3,1.2000000000000002,87.02,153.8
2023,2,14,7,30,0,0,0,3.9000000000000004,1.2000000000000002,90.77,159.42000000000002
2023,2,14,8,30,0,0,0,3.7,1.1,93.21000000000001,156.91
2023,2,14,9,30,0,0,0,3.4000000000000004,1,95.99000000000001,148.14000000000001
2023,2,14,10,30,0,0,0,3.3000000000000003,1,96.99000000000001,136.83
2023,2,14,11,30,0,0,0,3.3000000000000003,1,97.18,124.62
2023,2,14,12,30,0,0,0,3.2,1,97.76,112.13
2023,2,14,13,30,0,0,0,3.8000000000000003,1.2000000000000002,93.44,99.67
2023,2,14,14,30,0,9,9,5.300000000000001,2.1,86.46000000000001,87.25
2023,2,14,15,30,1,47,47,7.1000000000000005,3.1,79.35000000000001,75.81
2023,2,14,16,30,1,69,69,9.4,4,69.94,65.17
2023,2,14,17,30,0,107,107,11.9,5.1000000000000005,60.230000000000004,56.08
2023,2,14,18,30,0,74,74,13.5,5.800000000000001,54.99,49.47
2023,2,14,19,30,0,122,122,14.200000000000001,6.2,54,46.45
2023,2,14,20,30,0,97,97,14.3,6.2,56.03,47.71
2023,2,14,21,30,0,92,92,14.200000000000001,5.9,57.92,52.94
2023,2,14,22,30,7,107,110,14.100000000000001,5.300000000000001,59.370000000000005,61.120000000000005
2023,2,14,23,30,6,63,65,13.5,4.6000000000000005,62.86,71.2
2023,2,15,0,30,0,31,31,12.600000000000001,4.2,68.09,82.42
2023,2,15,1,30,0,0,0,11.700000000000001,4.1000000000000005,73.38,94.5
2023,2,15,2,30,0,0,0,10.700000000000001,4.1000000000000005,78.28,106.86
2023,2,15,3,30,0,0,0,9.3,4.1000000000000005,82.45,119.36
2023,2,15,4,30,0,0,0,7.6000000000000005,3.5,82.77,131.71
2023,2,15,5,30,0,0,0,6.4,3.3000000000000003,84.26,143.47
2023,2,15,6,30,0,0,0,6,3.5,86.94,153.53
2023,2,15,7,30,0,0,0,5.4,3,88.59,159.09
2023,2,15,8,30,0,0,0,4.6000000000000005,2,87.34,156.59
2023,2,15,9,30,0,0,0,3.5,1.5,86.61,147.89000000000001
2023,2,15,10,30,0,0,0,2.1,1.6,85.8,136.62
2023,2,15,11,30,0,0,0,0.9,1.7000000000000002,81.62,124.43
2023,2,15,12,30,0,0,0,0.1,1.6,76.43,111.94
2023,2,15,13,30,0,0,0,0.30000000000000004,1.5,67.45,99.48
2023,2,15,14,30,264,23,37,2.3000000000000003,2,58.81,87.05
2023,2,15,15,30,758,50,239,5.4,3.1,43.77,75.58
2023,2,15,16,30,898,65,446,8,3.7,31.51,64.91
2023,2,15,17,30,960,77,617,9.600000000000001,3.7,24.37,55.79
2023,2,15,18,30,991,85,733,10.8,3.8000000000000003,20.93,49.15
2023,2,15,19,30,1004,87,783,11.600000000000001,4,19.63,46.1
2023,2,15,20,30,989,91,761,12,4,19.59,47.38
2023,2,15,21,30,943,92,664,11.9,3.9000000000000004,20.47,52.65
2023,2,15,22,30,832,98,503,11.4,3.4000000000000004,21.830000000000002,60.86
2023,2,15,23,30,592,92,285,9.600000000000001,2.1,26.05,70.98
2023,2,16,0,30,457,44,106,7.2,1.2000000000000002,46.67,82.22
2023,2,16,1,30,0,0,0,6.1000000000000005,1.2000000000000002,48.14,94.32000000000001
2023,2,16,2,30,0,0,0,6,1.1,44.730000000000004,106.69
2023,2,16,3,30,0,0,0,5.7,1,42.39,119.19
2023,2,16,4,30,0,0,0,5.2,1,41.480000000000004,131.53
2023,2,16,5,30,0,0,0,4.4,1.1,42.33,143.25
2023,2,16,6,30,0,0,0,3.6,1.2000000000000002,44.14,153.26
2023,2,16,7,30,0,0,0,2.6,1.2000000000000002,47.08,158.75
2023,2,16,8,30,0,0,0,1.7000000000000002,1.3,50.54,156.28
2023,2,16,9,30,0,0,0,1.1,1.4000000000000001,53.28,147.64000000000001
2023,2,16,10,30,0,0,0,0.5,1.6,55.97,136.41
2023,2,16,11,30,0,0,0,-0.2,1.8,59.53,124.24000000000001
2023,2,16,12,30,0,0,0,-0.7000000000000001,2,61.44,111.75
2023,2,16,13,30,0,0,0,-0.4,2.1,58.93,99.28
2023,2,16,14,30,266,25,40,2,2.8000000000000003,51.29,86.85000000000001
2023,2,16,15,30,720,58,240,5.6000000000000005,3.7,40.34,75.35000000000001
2023,2,16,16,30,880,75,452,8.700000000000001,3.7,28.59,64.65
2023,2,16,17,30,954,86,626,11,3.2,21.32,55.49
2023,2,16,18,30,990,92,744,12.700000000000001,2.4000000000000004,18.64,48.82
2023,2,16,19,30,1004,95,795,13.8,2,17.43,45.76
2023,2,16,20,30,987,96,769,14.600000000000001,2.1,16.85,47.04
2023,2,16,21,30,942,96,671,14.9,2.3000000000000003,16.95,52.35
2023,2,16,22,30,884,86,520,14.600000000000001,2.5,17.92,60.61
2023,2,16,23,30,768,70,323,12.200000000000001,1.9000000000000001,23.62,70.76
2023,2,17,0,30,493,43,111,8.5,1.5,46.94,82.02
2023,2,17,1,30,0,0,0,6.4,1.9000000000000001,48.64,94.14
2023,2,17,2,30,0,0,0,5.6000000000000005,2.4000000000000004,48.54,106.53
2023,2,17,3,30,0,0,0,4.9,3,48.53,119.02
2023,2,17,4,30,0,0,0,4.2,3.6,48.39,131.35
2023,2,17,5,30,0,0,0,3.6,3.8000000000000003,47.75,143.04
2023,2,17,6,30,0,0,0,3.3000000000000003,3.8000000000000003,46.980000000000004,152.98
2023,2,17,7,30,0,0,0,3.2,4,46.65,158.4
2023,2,17,8,30,0,0,0,3.3000000000000003,4.4,45.53,155.96
2023,2,17,9,30,0,0,0,3.3000000000000003,4.5,44.85,147.38
2023,2,17,10,30,0,0,0,3.1,4.1000000000000005,45.21,136.19
2023,2,17,11,30,0,0,0,2.9000000000000004,3.6,45.65,124.04
2023,2,17,12,30,0,0,0,2.8000000000000003,3.3000000000000003,45.87,111.56
2023,2,17,13,30,0,0,0,3.4000000000000004,3.4000000000000004,44.19,99.08
2023,2,17,14,30,21,31,32,5.300000000000001,3.9000000000000004,39.7,86.64
2023,2,17,15,30,155,141,181,8.3,4,33.65,75.12
2023,2,17,16,30,235,217,319,11.5,4.4,28.330000000000002,64.39
2023,2,17,17,30,339,275,469,14.200000000000001,5.300000000000001,20.41,55.19
2023,2,17,18,30,320,352,564,16.2,5.7,17.71,48.480000000000004
2023,2,17,19,30,320,361,586,17.7,5.9,16.07,45.410000000000004
2023,2,17,20,30,481,295,625,18.3,5.9,15.790000000000001,46.71
2023,2,17,21,30,425,286,547,18.2,5.4,16.56,52.050000000000004
2023,2,17,22,30,194,257,353,17.3,4.7,18.650000000000002,60.35
2023,2,17,23,30,292,157,254,15.100000000000001,3.7,24.17,70.54
2023,2,18,0,30,137,54,73,12.8,3.6,31,81.83
2023,2,18,1,30,0,0,0,11.9,3.9000000000000004,31.85,93.97
2023,2,18,2,30,0,0,0,11.3,3.9000000000000004,32.77,106.36
2023,2,18,3,30,0,0,0,11,4,33.27,118.85000000000001
2023,2,18,4,30,0,0,0,10.700000000000001,3.9000000000000004,33.22,131.17000000000002
2023,2,18,5,30,0,0,0,10.3,3.6,34.36,142.82
2023,2,18,6,30,0,0,0,9.9,3,35.96,152.70000000000002
2023,2,18,7,30,0,0,0,9.4,2.6,38.59,158.06
2023,2,18,8,30,0,0,0,9.3,2.7,40.51,155.63
2023,2,18,9,30,0,0,0,9.600000000000001,3.2,38.84,147.11
2023,2,18,10,30,0,0,0,9.8,3.5,37.38,135.97
2023,2,18,11,30,0,0,0,9.700000000000001,3.5,38.45,123.83
2023,2,18,12,30,0,0,0,9.5,3.4000000000000004,41.03,111.36
2023,2,18,13,30,0,0,0,9.700000000000001,3.5,42.7,98.88
2023,2,18,14,30,205,26,39,11.3,4.1000000000000005,41.17,86.44
2023,2,18,15,30,635,63,229,14.4,4.7,36.61,74.88
2023,2,18,16,30,765,93,427,17.5,4.800000000000001,33.59,64.12
2023,2,18,17,30,610,191,542,19.8,4.4,28.88,54.89
2023,2,18,18,30,789,163,689,21.1,3.7,23.64,48.15
2023,2,18,19,30,968,89,773,21.900000000000002,3,20.44,45.06
2023,2,18,20,30,943,97,748,22.400000000000002,2.7,18.54,46.37
2023,2,18,21,30,887,104,653,22.3,2.4000000000000004,17.79,51.75
2023,2,18,22,30,834,91,507,21.700000000000003,1.9000000000000001,18.080000000000002,60.09
2023,2,18,23,30,720,73,315,19.8,1.1,22.51,70.32000000000001
2023,2,19,0,30,451,44,110,17.7,0.7000000000000001,35.99,81.64
2023,2,19,1,30,0,0,0,16.5,0.8,29.330000000000002,93.79
2023,2,19,2,30,0,0,0,15.5,0.9,30.42,106.19
2023,2,19,3,30,0,0,0,14.700000000000001,1,31.830000000000002,118.68
2023,2,19,4,30,0,0,0,13.9,1.1,33.53,130.98
2023,2,19,5,30,0,0,0,13.200000000000001,1.2000000000000002,35.84,142.6
2023,2,19,6,30,0,0,0,13,1.2000000000000002,37.34,152.42000000000002
2023,2,19,7,30,0,0,0,13.5,1,36.35,157.71
2023,2,19,8,30,0,0,0,13.600000000000001,0.9,36.38,155.3
2023,2,19,9,30,0,0,0,12.9,1,39.4,146.84
2023,2,19,10,30,0,0,0,12.100000000000001,1.1,42.58,135.74
2023,2,19,11,30,0,0,0,11.4,1.1,45.050000000000004,123.62
2023,2,19,12,30,0,0,0,10.9,1.1,46.42,111.15
2023,2,19,13,30,0,0,0,10.8,1.1,46.97,98.67
2023,2,19,14,30,0,20,20,12.700000000000001,1.1,45.84,86.23
2023,2,19,15,30,45,113,125,16,1.2000000000000002,41.51,74.64
2023,2,19,16,30,110,215,263,18.8,1.7000000000000002,28.57,63.85
2023,2,19,17,30,261,282,433,20.8,2.4000000000000004,23.07,54.58
2023,2,19,18,30,489,263,591,22.1,2.8000000000000003,21.740000000000002,47.800000000000004
2023,2,19,19,30,339,336,577,23,2.8000000000000003,21.84,44.7
2023,2,19,20,30,429,292,590,23.400000000000002,2.7,22.66,46.03
2023,2,19,21,30,374,279,512,23.400000000000002,2.6,23.67,51.45
2023,2,19,22,30,447,200,425,22.700000000000003,2.3000000000000003,25.48,59.83
2023,2,19,23,30,98,125,158,20.400000000000002,1.5,31.43,70.09
2023,2,20,0,30,43,62,68,17.2,1.1,52.6,81.45
2023,2,20,1,30,0,0,0,15.200000000000001,1.3,52.45,93.61
2023,2,20,2,30,0,0,0,14,1.3,56.31,106.02
2023,2,20,3,30,0,0,0,13.100000000000001,1.3,59.83,118.51
2023,2,20,4,30,0,0,0,12.4,1.3,62.99,130.8
2023,2,20,5,30,0,0,0,12.200000000000001,1.2000000000000002,64.32000000000001,142.38
2023,2,20,6,30,0,0,0,12.4,1.1,63.82,152.13
2023,2,20,7,30,0,0,0,12.700000000000001,1,63.07,157.36
2023,2,20,8,30,0,0,0,12.9,0.9,63.620000000000005,154.96
2023,2,20,9,30,0,0,0,12.8,0.8,66.68,146.57
2023,2,20,10,30,0,0,0,12.700000000000001,0.9,69.94,135.51
2023,2,20,11,30,0,0,0,12.600000000000001,0.9,72.38,123.41
2023,2,20,12,30,0,0,0,12.4,0.8,74.56,110.94
2023,2,20,13,30,0,0,0,12.600000000000001,0.7000000000000001,74.29,98.45
2023,2,20,14,30,0,16,16,14.200000000000001,0.9,69.04,86.01
2023,2,20,15,30,254,115,183,17.1,1.2000000000000002,59.24,74.39
2023,2,20,16,30,779,83,430,19.5,1.5,51.63,63.57
2023,2,20,17,30,865,92,597,21.3,1.7000000000000002,47.12,54.27
2023,2,20,18,30,914,94,712,22.5,1.8,43.63,47.46
2023,2,20,19,30,926,98,760,23.200000000000003,1.8,41.31,44.34
2023,2,20,20,30,882,115,731,23.400000000000002,1.8,40.15,45.69
2023,2,20,21,30,800,132,634,23.200000000000003,1.6,39.62,51.15
2023,2,20,22,30,471,183,421,22.700000000000003,1.2000000000000002,39.69,59.58
2023,2,20,23,30,6,127,129,21.400000000000002,0.7000000000000001,42.72,69.87
2023,2,21,0,30,0,37,37,19.8,0.5,55.300000000000004,81.26
2023,2,21,1,30,0,0,0,19,0.5,53.04,93.43
2023,2,21,2,30,0,0,0,18.7,0.30000000000000004,51.45,105.85000000000001
2023,2,21,3,30,0,0,0,18.3,0.2,51.04,118.34
2023,2,21,4,30,0,0,0,17.8,0.30000000000000004,51.15,130.61
2023,2,21,5,30,0,0,0,17.3,0.30000000000000004,51.85,142.16
2023,2,21,6,30,0,0,0,16.7,0.30000000000000004,53.22,151.85
2023,2,21,7,30,0,0,0,16,0.4,55.160000000000004,157
2023,2,21,8,30,0,0,0,15.200000000000001,0.6000000000000001,57.29,154.62
2023,2,21,9,30,0,0,0,14.5,0.6000000000000001,59.050000000000004,146.29
2023,2,21,10,30,0,0,0,13.8,0.8,60.96,135.27
2023,2,21,11,30,0,0,0,12.600000000000001,1.2000000000000002,65.06,123.19
2023,2,21,12,30,0,0,0,11.3,1.4000000000000001,71.03,110.73
2023,2,21,13,30,0,0,0,11,1.3,73.17,98.24000000000001
2023,2,21,14,30,0,20,20,12.600000000000001,1.8,68.94,85.79
2023,2,21,15,30,1,72,72,15,2.4000000000000004,59.46,74.14
2023,2,21,16,30,0,55,55,17.1,2.7,51.2,63.29
2023,2,21,17,30,24,235,249,18.5,3.1,45.97,53.96
2023,2,21,18,30,10,231,238,19.3,3.2,43.07,47.11
2023,2,21,19,30,101,265,338,20,3.1,41.09,43.980000000000004
2023,2,21,20,30,352,360,607,20.200000000000003,3.2,40.68,45.34
2023,2,21,21,30,371,295,529,20,3.4000000000000004,41.410000000000004,50.84
2023,2,21,22,30,148,259,335,19.400000000000002,3.6,43.15,59.32
2023,2,21,23,30,117,140,181,17.900000000000002,3.3000000000000003,48.230000000000004,69.65
2023,2,22,0,30,205,63,95,16,2.9000000000000004,57.97,81.06
2023,2,22,1,30,0,0,0,14.5,3.4000000000000004,66.09,93.26
2023,2,22,2,30,0,0,0,13.5,3.8000000000000003,72.03,105.68
2023,2,22,3,30,0,0,0,12.700000000000001,4,77.54,118.17
2023,2,22,4,30,0,0,0,12.100000000000001,4.3,81.49,130.42000000000002
2023,2,22,5,30,0,0,0,11.4,4.3,84.89,141.94
2023,2,22,6,30,0,0,0,10.700000000000001,4.1000000000000005,86.95,151.56
2023,2,22,7,30,0,0,0,10.100000000000001,4,87.92,156.64000000000001
2023,2,22,8,30,0,0,0,9.700000000000001,4.2,88.71000000000001,154.28
2023,2,22,9,30,0,0,0,9.700000000000001,5,87.91,146
2023,2,22,10,30,0,0,0,10.200000000000001,6.5,87.08,135.02
2023,2,22,11,30,0,0,0,10.4,7.800000000000001,87.41,122.96000000000001
2023,2,22,12,30,0,0,0,9.5,8.1,85.09,110.51
2023,2,22,13,30,0,0,0,8.200000000000001,7.5,77.23,98.02
2023,2,22,14,30,0,18,18,8.200000000000001,7.4,70.55,85.56
2023,2,22,15,30,7,84,86,9.1,8.1,62.480000000000004,73.89
2023,2,22,16,30,682,129,439,10.200000000000001,8.4,49.13,63.01
2023,2,22,17,30,676,177,578,11.3,8.200000000000001,40.1,53.64
2023,2,22,18,30,679,208,673,12.100000000000001,8.1,35.08,46.76
2023,2,22,19,30,71,256,307,12.700000000000001,8.1,31.46,43.61
2023,2,22,20,30,435,311,619,12.9,8,29.18,45
2023,2,22,21,30,309,299,495,12.9,7.6000000000000005,27.59,50.54
2023,2,22,22,30,210,242,350,12.600000000000001,7,26.97,59.06
2023,2,22,23,30,106,150,187,11.600000000000001,5.800000000000001,28.3,69.43
2023,2,23,0,30,25,85,89,9.8,4.3,33.7,80.87
2023,2,23,1,30,0,0,0,7.9,3,42.71,93.08
2023,2,23,2,30,0,0,0,6.4,2.1,50.65,105.51
2023,2,23,3,30,0,0,0,5.300000000000001,1.6,57.85,118
2023,2,23,4,30,0,0,0,4.7,1.4000000000000001,62.11,130.24
2023,2,23,5,30,0,0,0,4.3,1.3,64.68,141.71
2023,2,23,6,30,0,0,0,4.1000000000000005,1.2000000000000002,65.96000000000001,151.27
2023,2,23,7,30,0,0,0,4.1000000000000005,1.2000000000000002,65.96000000000001,156.28
2023,2,23,8,30,0,0,0,4.1000000000000005,1.1,66.54,153.93
2023,2,23,9,30,0,0,0,4.1000000000000005,1.1,68.72,145.71
2023,2,23,10,30,0,0,0,4.2,1.1,68.99,134.77
2023,2,23,11,30,0,0,0,4.3,1,69.49,122.74000000000001
2023,2,23,12,30,0,0,0,4.6000000000000005,0.8,68.1,110.29
2023,2,23,13,30,0,0,0,5.300000000000001,0.4,64.07000000000001,97.79
2023,2,23,14,30,271,33,55,7.1000000000000005,0.6000000000000001,59.68,85.33
2023,2,23,15,30,670,67,256,9.4,1.5,52.11,73.63
2023,2,23,16,30,827,84,463,11.200000000000001,2.6,44.64,62.72
2023,2,23,17,30,905,93,634,12.700000000000001,3.3000000000000003,37.93,53.32
2023,2,23,18,30,943,97,747,14,3.7,33.29,46.410000000000004
2023,2,23,19,30,933,110,790,14.9,3.9000000000000004,30.560000000000002,43.24
2023,2,23,20,30,1,219,220,15.600000000000001,4,28.69,44.65
2023,2,23,21,30,84,277,331,15.9,4.1000000000000005,27.89,50.24
2023,2,23,22,30,196,277,379,15.700000000000001,4,28.490000000000002,58.81
2023,2,23,23,30,56,138,158,14.3,3,32.55,69.22
2023,2,24,0,30,266,70,113,11.8,1.9000000000000001,45.4,80.68
2023,2,24,1,30,0,0,0,9.9,1.7000000000000002,55.2,92.91
2023,2,24,2,30,0,0,0,9.200000000000001,1.9000000000000001,58.1,105.35000000000001
2023,2,24,3,30,0,0,0,8.4,1.9000000000000001,62.13,117.83
2023,2,24,4,30,0,0,0,7.6000000000000005,1.7000000000000002,67.35,130.05
2023,2,24,5,30,0,0,0,7,1.5,71.54,141.49
2023,2,24,6,30,0,0,0,6.9,1.4000000000000001,73.16,150.97
2023,2,24,7,30,0,0,0,6.800000000000001,1.3,75.47,155.92000000000002
2023,2,24,8,30,0,0,0,6.7,1.2000000000000002,77.39,153.58
2023,2,24,9,30,0,0,0,6.6000000000000005,0.9,78.54,145.42000000000002
2023,2,24,10,30,0,0,0,6.300000000000001,0.8,79.46000000000001,134.52
2023,2,24,11,30,0,0,0,5.7,0.9,81.66,122.5
2023,2,24,12,30,0,0,0,5.1000000000000005,1,83.5,110.06
2023,2,24,13,30,0,0,0,5.800000000000001,1.2000000000000002,77.10000000000001,97.56
2023,2,24,14,30,217,36,55,8.3,1.8,68.24,85.09
2023,2,24,15,30,617,75,252,11.4,2.3000000000000003,57.56,73.37
2023,2,24,16,30,791,93,459,13.8,2.3000000000000003,54.11,62.440000000000005
2023,2,24,17,30,881,100,630,15.600000000000001,2.4000000000000004,47.93,52.99
2023,2,24,18,30,932,99,746,17,2.6,43,46.050000000000004
2023,2,24,19,30,950,100,796,18,2.9000000000000004,39.01,42.87
2023,2,24,20,30,943,99,774,18.6,3,36.32,44.300000000000004
2023,2,24,21,30,914,96,684,18.8,2.7,34.75,49.94
2023,2,24,22,30,860,86,535,18.400000000000002,2.1,34.64,58.550000000000004
2023,2,24,23,30,587,113,323,17.2,1.2000000000000002,37.15,69
2023,2,25,0,30,298,71,120,15.5,0.5,50.01,80.49
2023,2,25,1,30,0,0,0,14.200000000000001,0.5,47.92,92.74
2023,2,25,2,30,0,0,0,13.5,0.6000000000000001,49.83,105.18
2023,2,25,3,30,0,0,0,12.9,0.8,51.35,117.66
2023,2,25,4,30,0,0,0,12.100000000000001,1,54.75,129.86
2023,2,25,5,30,0,0,0,11.600000000000001,1.1,57.120000000000005,141.26
2023,2,25,6,30,0,0,0,11.3,1.2000000000000002,58.800000000000004,150.68
2023,2,25,7,30,0,0,0,11.200000000000001,1.2000000000000002,59.89,155.56
2023,2,25,8,30,0,0,0,11.200000000000001,1.2000000000000002,60.07,153.22
2023,2,25,9,30,0,0,0,11.100000000000001,1.2000000000000002,59.93,145.12
2023,2,25,10,30,0,0,0,10.9,1.2000000000000002,60.52,134.26
2023,2,25,11,30,0,0,0,10.8,1.1,60.24,122.26
2023,2,25,12,30,0,0,0,10.700000000000001,1.1,58.550000000000004,109.83
2023,2,25,13,30,0,0,0,10.9,1,55.01,97.33
2023,2,25,14,30,0,18,18,12.100000000000001,1,55.65,84.86
2023,2,25,15,30,0,31,31,13.700000000000001,1.3,56.57,73.11
2023,2,25,16,30,34,178,194,15.200000000000001,1.8,45.81,62.14
2023,2,25,17,30,164,290,389,16.400000000000002,2,39.47,52.67
2023,2,25,18,30,181,330,456,17.8,2.4000000000000004,35.02,45.69
2023,2,25,19,30,456,314,650,19.400000000000002,3.1,30.72,42.5
2023,2,25,20,30,979,90,795,20.900000000000002,3.9000000000000004,27.2,43.95
2023,2,25,21,30,958,84,705,21.6,4.5,25.3,49.63
2023,2,25,22,30,900,79,552,21.400000000000002,4.7,25.5,58.300000000000004
2023,2,25,23,30,776,70,351,19.400000000000002,3.9000000000000004,29.54,68.78
2023,2,26,0,30,502,50,134,16,3,40.89,80.31
2023,2,26,1,30,0,0,0,13.600000000000001,2.9000000000000004,50.29,92.56
2023,2,26,2,30,0,0,0,12.3,2.5,57.5,105.01
2023,2,26,3,30,0,0,0,11.100000000000001,1.8,66.6,117.49000000000001
2023,2,26,4,30,0,0,0,10.9,1.6,70.84,129.67000000000002
2023,2,26,5,30,0,0,0,11.3,1.8,72.3,141.03
2023,2,26,6,30,0,0,0,11.8,2.6,73.96000000000001,150.38
2023,2,26,7,30,0,0,0,11.8,3.2,78.47,155.19
2023,2,26,8,30,0,0,0,11.200000000000001,3.3000000000000003,83.42,152.87
2023,2,26,9,30,0,0,0,10.3,3.2,85.87,144.81
2023,2,26,10,30,0,0,0,9,2.8000000000000003,87.4,133.99
2023,2,26,11,30,0,0,0,7.7,2.1,85,122.02
2023,2,26,12,30,0,0,0,6.6000000000000005,1.5,83.91,109.60000000000001
2023,2,26,13,30,0,0,0,6.6000000000000005,1.7000000000000002,80.17,97.09
2023,2,26,14,30,0,19,19,7.300000000000001,2.7,77.19,84.61
2023,2,26,15,30,64,123,142,8.1,3.7,75.91,72.84
2023,2,26,16,30,48,172,195,9.4,4.3,70.31,61.85
2023,2,26,17,30,62,279,317,10.700000000000001,4.4,59.75,52.34
2023,2,26,18,30,0,69,69,11.600000000000001,4.4,50.6,45.32
2023,2,26,19,30,894,133,796,12.3,4.2,44.51,42.13
2023,2,26,20,30,772,183,742,12.9,3.9000000000000004,40.15,43.6
2023,2,26,21,30,443,282,571,13.200000000000001,3.6,37.26,49.33
2023,2,26,22,30,432,224,453,13.100000000000001,2.9000000000000004,35.83,58.04
2023,2,26,23,30,751,77,351,12.100000000000001,1.6,37.03,68.57000000000001
2023,2,27,0,30,505,51,138,10.3,0.7000000000000001,53.19,80.12
2023,2,27,1,30,10,2,2,8.9,0.7000000000000001,52.64,92.39
2023,2,27,2,30,0,0,0,8.200000000000001,0.8,52.99,104.85000000000001
2023,2,27,3,30,0,0,0,7.6000000000000005,0.9,53.78,117.31
2023,2,27,4,30,0,0,0,6.9,1,55.89,129.48
2023,2,27,5,30,0,0,0,6.2,1.1,57.81,140.8
2023,2,27,6,30,0,0,0,5.300000000000001,1.2000000000000002,61.13,150.08
2023,2,27,7,30,0,0,0,4.4,1.2000000000000002,64.73,154.82
2023,2,27,8,30,0,0,0,3.8000000000000003,1.3,66.99,152.5
2023,2,27,9,30,0,0,0,3.2,1.3,69.19,144.5
2023,2,27,10,30,0,0,0,2.8000000000000003,1.3,70.24,133.72
2023,2,27,11,30,0,0,0,2.4000000000000004,1.3,71.28,121.78
2023,2,27,12,30,0,0,0,2.1,1.4000000000000001,71.95,109.36
2023,2,27,13,30,0,0,0,3.2,1.6,65.7,96.85000000000001
2023,2,27,14,30,366,34,70,6.4,2.4000000000000004,56.620000000000005,84.37
2023,2,27,15,30,268,139,219,10.200000000000001,2.3000000000000003,43,72.57000000000001
2023,2,27,16,30,871,77,492,13.100000000000001,1.2000000000000002,33.31,61.550000000000004
2023,2,27,17,30,942,84,664,14.8,0.9,28.54,52
2023,2,27,18,30,979,87,780,16.1,1.5,26.39,44.96
2023,2,27,19,30,990,90,829,17,2.1,25.41,41.75
2023,2,27,20,30,982,90,805,17.6,2.4000000000000004,24.8,43.25
2023,2,27,21,30,955,87,713,17.7,2.5,24.73,49.03
2023,2,27,22,30,902,79,560,17.3,2.3000000000000003,25.01,57.79
2023,2,27,23,30,801,68,364,15.8,1.5,27.52,68.35000000000001
2023,2,28,0,30,565,46,145,13.5,0.8,45.34,79.93
2023,2,28,1,30,18,3,2,12.200000000000001,0.6000000000000001,41.57,92.22
2023,2,28,2,30,0,0,0,11.600000000000001,0.5,39.9,104.68
2023,2,28,3,30,0,0,0,10.600000000000001,0.7000000000000001,41.62,117.14
2023,2,28,4,30,0,0,0,9.1,1.1,46.660000000000004,129.29
2023,2,28,5,30,0,0,0,7.5,1.3,53.6,140.56
2023,2,28,6,30,0,0,0,6.4,1.3,58.78,149.78
2023,2,28,7,30,0,0,0,6.2,1.2000000000000002,58.97,154.45000000000002
2023,2,28,8,30,0,0,0,6.2,1,57.72,152.14000000000001
2023,2,28,9,30,0,0,0,6.300000000000001,0.9,56.77,144.19
2023,2,28,10,30,0,0,0,6.5,0.7000000000000001,55.99,133.45
2023,2,28,11,30,0,0,0,6.800000000000001,0.4,55.050000000000004,121.53
2023,2,28,12,30,0,0,0,6.9,0.30000000000000004,55.160000000000004,109.12
2023,2,28,13,30,0,0,0,7.1000000000000005,0.5,54.7,96.61
2023,2,28,14,30,396,33,74,9.1,1,53.67,84.12
2023,2,28,15,30,718,63,281,12,2.1,50.46,72.3
2023,2,28,16,30,849,80,488,14.100000000000001,3,47.67,61.25
2023,2,28,17,30,913,91,657,15.5,3.4000000000000004,41.4,51.67
2023,2,28,18,30,946,97,771,16.7,3.6,36.17,44.59
2023,2,28,19,30,797,159,757,17.5,3.7,32.87,41.37
2023,2,28,20,30,717,185,710,17.900000000000002,3.8000000000000003,31.28,42.9
2023,2,28,21,30,929,93,706,17.900000000000002,3.8000000000000003,30.73,48.730000000000004
2023,2,28,22,30,821,102,543,17.400000000000002,3.5,31.32,57.54
2023,2,28,23,30,698,87,347,15.8,2.4000000000000004,34.89,68.14
2023,3,1,0,30,420,53,128,13,1.4000000000000001,49.64,79.75
2023,3,1,1,30,12,2,2,10.9,1.1,58.15,92.05
2023,3,1,2,30,0,0,0,10.100000000000001,1.2000000000000002,59.370000000000005,104.52
2023,3,1,3,30,0,0,0,9.3,1.3,61.4,116.97
2023,3,1,4,30,0,0,0,8.6,1.3,63.870000000000005,129.09
2023,3,1,5,30,0,0,0,8,1.3,66.37,140.33
2023,3,1,6,30,0,0,0,7.4,1.3,69.54,149.47
2023,3,1,7,30,0,0,0,6.800000000000001,1.3,72.74,154.08
2023,3,1,8,30,0,0,0,6.300000000000001,1.3,75.8,151.77
2023,3,1,9,30,0,0,0,6.1000000000000005,1.3,77.69,143.87
2023,3,1,10,30,0,0,0,5.9,1.2000000000000002,80.15,133.17000000000002
2023,3,1,11,30,0,0,0,5.6000000000000005,1.3,82.84,121.27
2023,3,1,12,30,0,0,0,5.300000000000001,1.2000000000000002,85.78,108.88
2023,3,1,13,30,0,0,0,6.1000000000000005,1.5,81.35000000000001,96.36
2023,3,1,14,30,1,36,36,8.5,2.4000000000000004,71.84,83.87
2023,3,1,15,30,89,156,183,11,3.3000000000000003,62.11,72.03
2023,3,1,16,30,39,152,171,13.100000000000001,3.9000000000000004,50.300000000000004,60.95
2023,3,1,17,30,72,312,357,14.8,4.4,41.78,51.33
2023,3,1,18,30,113,342,423,15.9,5,37.63,44.22
2023,3,1,19,30,88,360,426,15.8,5.5,38.22,40.99
2023,3,1,20,30,37,279,306,15.3,5.7,41.82,42.54
2023,3,1,21,30,294,259,454,15.100000000000001,5.9,45.69,48.42
2023,3,1,22,30,96,255,307,14.8,6.2,49.97,57.29
2023,3,1,23,30,65,74,98,13.9,6.6000000000000005,56.95,67.93
2023,3,2,0,30,143,84,110,12.5,6.800000000000001,67.22,79.56
2023,3,2,1,30,0,1,1,10.9,6.5,78.31,91.88
2023,3,2,2,30,0,0,0,8.9,5.7,88.85000000000001,104.35000000000001
2023,3,2,3,30,0,0,0,7.4,4.5,91.15,116.8
2023,3,2,4,30,0,0,0,6.5,3.4000000000000004,89.47,128.9
2023,3,2,5,30,0,0,0,5.800000000000001,2.6,88.10000000000001,140.09
2023,3,2,6,30,0,0,0,5.2,2.5,87.13,149.17000000000002
2023,3,2,7,30,0,0,0,4.4,2.5,87,153.70000000000002
2023,3,2,8,30,0,0,0,3.8000000000000003,2.5,87.17,151.4
2023,3,2,9,30,0,0,0,3.6,2.5,86.13,143.55
2023,3,2,10,30,0,0,0,3.6,2.2,86.41,132.89000000000001
2023,3,2,11,30,0,0,0,3.1,1.4000000000000001,89.31,121.01
2023,3,2,12,30,0,0,0,2.4000000000000004,0.9,90.68,108.63
2023,3,2,13,30,0,0,0,2.9000000000000004,0.9,85.31,96.12
2023,3,2,14,30,0,14,14,4.7,1.2000000000000002,78.65,83.61
2023,3,2,15,30,12,110,114,6.5,1.3,65.26,71.75
2023,3,2,16,30,81,282,322,8,1.2000000000000002,56.050000000000004,60.65
2023,3,2,17,30,71,221,266,9.600000000000001,0.8,48.660000000000004,50.99
2023,3,2,18,30,357,305,562,11.100000000000001,0.6000000000000001,42.76,43.85
2023,3,2,19,30,155,282,400,12.4,0.4,39.24,40.6
2023,3,2,20,30,307,402,629,13.3,0.6000000000000001,37.35,42.19
2023,3,2,21,30,937,94,720,13.8,1.2000000000000002,37.06,48.120000000000005
2023,3,2,22,30,881,88,567,13.8,1.4000000000000001,38.08,57.04
2023,3,2,23,30,740,83,364,12.700000000000001,1.4000000000000001,41.76,67.72
2023,3,3,0,30,506,50,143,10.100000000000001,1.3,57.870000000000005,79.38
2023,3,3,1,30,20,4,3,7.7,1.3,70.75,91.71000000000001
2023,3,3,2,30,0,0,0,6.7,1.3,72.49,104.19
2023,3,3,3,30,0,0,0,6,1.1,73.76,116.63
2023,3,3,4,30,0,0,0,5.7,1,72.96000000000001,128.71
2023,3,3,5,30,0,0,0,5.7,1,70.42,139.85
2023,3,3,6,30,0,0,0,5.800000000000001,0.9,67.34,148.86
2023,3,3,7,30,0,0,0,5.4,1,67.75,153.32
2023,3,3,8,30,0,0,0,4.5,1.1,71.77,151.03
2023,3,3,9,30,0,0,0,3.7,1.2000000000000002,75.7,143.22
2023,3,3,10,30,0,0,0,3.2,1.2000000000000002,78.3,132.61
2023,3,3,11,30,0,0,0,2.9000000000000004,1.2000000000000002,80.17,120.75
2023,3,3,12,30,0,0,0,2.8000000000000003,1.2000000000000002,80.83,108.38
2023,3,3,13,30,0,0,0,3.9000000000000004,1.1,74.85000000000001,95.86
2023,3,3,14,30,403,38,85,6.800000000000001,1,68.07000000000001,83.36
2023,3,3,15,30,717,68,296,9.9,0.8,53.870000000000005,71.47
2023,3,3,16,30,845,86,504,12,0.7000000000000001,46.53,60.34
2023,3,3,17,30,905,99,673,13.700000000000001,1.1,40.03,50.65
2023,3,3,18,30,933,109,786,15.200000000000001,1.5,34.84,43.47
2023,3,3,19,30,946,111,833,16.400000000000002,2,31.32,40.22
2023,3,3,20,30,934,114,810,17.1,2.3000000000000003,29.22,41.83
2023,3,3,21,30,898,113,716,17.400000000000002,2.2,27.78,47.82
2023,3,3,22,30,844,103,565,17.1,2.1,27.66,56.79
2023,3,3,23,30,741,86,369,15.5,1.5,30.59,67.51
2023,3,4,0,30,504,57,151,12.5,1,50.79,79.2
2023,3,4,1,30,15,3,3,10.4,1,54.88,91.54
2023,3,4,2,30,0,0,0,9.8,1,53.75,104.02
2023,3,4,3,30,0,0,0,9.600000000000001,1,51.93,116.46000000000001
2023,3,4,4,30,0,0,0,9.8,0.8,48.79,128.51
2023,3,4,5,30,0,0,0,9.9,0.5,46.27,139.61
2023,3,4,6,30,0,0,0,9.200000000000001,0.7000000000000001,47.15,148.55
2023,3,4,7,30,0,0,0,7.9,1.1,51.92,152.95000000000002
2023,3,4,8,30,0,0,0,6.6000000000000005,1.3,57.35,150.65
2023,3,4,9,30,0,0,0,5.5,1.3,62.32,142.89000000000001
2023,3,4,10,30,0,0,0,4.9,1.3,65.18,132.32
2023,3,4,11,30,0,0,0,4.5,1.2000000000000002,66.87,120.49000000000001
2023,3,4,12,30,0,0,0,4.2,1.2000000000000002,68.04,108.12
2023,3,4,13,30,0,0,0,5.1000000000000005,1.1,63.690000000000005,95.61
2023,3,4,14,30,390,41,88,8.1,1.7000000000000002,59.43,83.10000000000001
2023,3,4,15,30,718,72,304,11.700000000000001,2.3000000000000003,44.660000000000004,71.19
2023,3,4,16,30,853,90,516,14.5,2.4000000000000004,36.64,60.03
2023,3,4,17,30,926,97,688,16.7,2.5,32.15,50.31
2023,3,4,18,30,969,98,806,18.3,2.6,28.63,43.09
2023,3,4,19,30,978,99,850,19.5,2.8000000000000003,25.93,39.83
2023,3,4,20,30,959,105,823,20.200000000000003,3,24.17,41.480000000000004
2023,3,4,21,30,913,109,726,20.5,3,23.240000000000002,47.52
2023,3,4,22,30,858,98,571,20.1,2.7,23.63,56.54
2023,3,4,23,30,748,82,371,18.2,1.7000000000000002,27.19,67.3
2023,3,5,0,30,509,56,153,15.700000000000001,0.9,46.12,79.02
2023,3,5,1,30,24,6,5,14.4,0.8,42.01,91.37
2023,3,5,2,30,0,0,0,13.8,0.7000000000000001,40.15,103.86
2023,3,5,3,30,0,0,0,13.200000000000001,0.6000000000000001,41.18,116.28
2023,3,5,4,30,0,0,0,12.9,0.7000000000000001,40.800000000000004,128.32
2023,3,5,5,30,0,0,0,12.3,0.8,42.12,139.37
2023,3,5,6,30,0,0,0,11.4,1,44.45,148.24
2023,3,5,7,30,0,0,0,10.4,1.1,48.21,152.57
2023,3,5,8,30,0,0,0,9.5,1.2000000000000002,51.51,150.27
2023,3,5,9,30,0,0,0,8.8,1.3,53.97,142.56
2023,3,5,10,30,0,0,0,8.200000000000001,1.3,56.06,132.03
2023,3,5,11,30,0,0,0,7.7,1.3,57.72,120.22
2023,3,5,12,30,0,0,0,7,1.3,60.46,107.87
2023,3,5,13,30,0,0,0,7.5,1.3,58.7,95.35000000000001
2023,3,5,14,30,388,43,91,10.4,1.9000000000000001,55.47,82.84
2023,3,5,15,30,136,168,212,13.8,2.6,42.14,70.91
2023,3,5,16,30,308,232,387,16.400000000000002,2.6,36.15,59.72
2023,3,5,17,30,382,288,534,18.6,2.8000000000000003,32.21,49.96
2023,3,5,18,30,341,350,601,20.200000000000003,2.9000000000000004,29.79,42.71
2023,3,5,19,30,506,305,696,21.3,3.1,27.77,39.44
2023,3,5,20,30,620,256,723,21.8,3.3000000000000003,26.44,41.12
2023,3,5,21,30,193,344,475,21.200000000000003,3.2,26.71,47.22
2023,3,5,22,30,461,225,481,19.700000000000003,2.3000000000000003,29.35,56.29
2023,3,5,23,30,347,189,324,17.7,1.5,41.67,67.1
2023,3,6,0,30,239,87,133,15,1.4000000000000001,55.1,78.84
2023,3,6,1,30,0,4,4,12.8,1.4000000000000001,56.730000000000004,91.21000000000001
2023,3,6,2,30,0,0,0,12.3,1.2000000000000002,57.160000000000004,103.7
2023,3,6,3,30,0,0,0,12.200000000000001,1.1,58.1,116.11
2023,3,6,4,30,0,0,0,12.3,1,55.88,128.12
2023,3,6,5,30,0,0,0,12.5,0.9,51.32,139.13
2023,3,6,6,30,0,0,0,12.4,0.7000000000000001,49.65,147.92000000000002
2023,3,6,7,30,0,0,0,12.4,0.6000000000000001,48.56,152.18
2023,3,6,8,30,0,0,0,12.4,0.5,46.19,149.89000000000001
2023,3,6,9,30,0,0,0,12.100000000000001,0.4,46.92,142.23
2023,3,6,10,30,0,0,0,11.600000000000001,0.5,47.18,131.73
2023,3,6,11,30,0,0,0,11,0.6000000000000001,47.7,119.95
2023,3,6,12,30,0,0,0,10.5,0.7000000000000001,48.72,107.61
2023,3,6,13,30,0,0,0,10.4,0.8,51.230000000000004,95.09
2023,3,6,14,30,4,42,43,11.8,1.1,54.59,82.57000000000001
2023,3,6,15,30,23,130,138,14.100000000000001,1.5,44.58,70.62
2023,3,6,16,30,136,244,313,16.7,1.9000000000000001,36.72,59.410000000000004
2023,3,6,17,30,153,385,484,19.1,2.4000000000000004,31.64,49.61
2023,3,6,18,30,259,417,608,20.6,2.7,27.2,42.33
2023,3,6,19,30,261,450,653,21.3,2.7,24.94,39.050000000000004
2023,3,6,20,30,655,235,731,21.6,2.8000000000000003,23.39,40.77
2023,3,6,21,30,877,121,720,21.8,2.8000000000000003,22.2,46.92
2023,3,6,22,30,589,193,522,21.400000000000002,2.6,22.080000000000002,56.050000000000004
2023,3,6,23,30,383,177,327,19.5,1.7000000000000002,24.86,66.89
2023,3,7,0,30,81,106,122,16.5,1.1,46.85,78.66
2023,3,7,1,30,0,4,4,14.700000000000001,1.2000000000000002,50.45,91.04
2023,3,7,2,30,0,0,0,14.200000000000001,1.2000000000000002,51.19,103.53
2023,3,7,3,30,0,0,0,13.9,1.1,51.65,115.94
2023,3,7,4,30,0,0,0,13.9,1,50.370000000000005,127.92
2023,3,7,5,30,0,0,0,14.3,0.6000000000000001,46.550000000000004,138.89000000000001
2023,3,7,6,30,0,0,0,14.4,0.4,41.88,147.61
2023,3,7,7,30,0,0,0,13.700000000000001,0.6000000000000001,42.33,151.8
2023,3,7,8,30,0,0,0,13,0.7000000000000001,42.15,149.51
2023,3,7,9,30,0,0,0,12.8,0.7000000000000001,42.19,141.89000000000001
2023,3,7,10,30,0,0,0,12.8,0.7000000000000001,42.93,131.43
2023,3,7,11,30,0,0,0,12.700000000000001,0.6000000000000001,43.65,119.67
2023,3,7,12,30,0,0,0,12.600000000000001,0.5,43.86,107.34
2023,3,7,13,30,0,0,0,12.9,0.5,43.42,94.83
2023,3,7,14,30,1,27,27,14.3,0.7000000000000001,44.01,82.31
2023,3,7,15,30,2,61,62,16.7,0.9,37.92,70.34
2023,3,7,16,30,124,244,308,19.6,1.3,26.41,59.09
2023,3,7,17,30,763,162,660,21.700000000000003,2.1,22.85,49.26
2023,3,7,18,30,896,128,794,22.900000000000002,2.5,22.43,41.95
2023,3,7,19,30,425,346,678,23.700000000000003,2.7,22.03,38.660000000000004
2023,3,7,20,30,362,352,628,23.900000000000002,2.7,21.85,40.410000000000004
2023,3,7,21,30,52,295,331,23.400000000000002,2.5,22,46.63
2023,3,7,22,30,196,273,383,22.6,1.9000000000000001,22.78,55.81
2023,3,7,23,30,465,114,298,21,1,26.93,66.69
2023,3,8,0,30,346,82,151,18.8,0.6000000000000001,44.62,78.48
2023,3,8,1,30,28,5,5,17.2,0.5,38.160000000000004,90.88
2023,3,8,2,30,0,0,0,16.5,0.4,36.84,103.37
2023,3,8,3,30,0,0,0,15.700000000000001,0.5,36.64,115.77
2023,3,8,4,30,0,0,0,14.600000000000001,0.7000000000000001,38.54,127.72
2023,3,8,5,30,0,0,0,13.600000000000001,0.8,40.21,138.64000000000001
2023,3,8,6,30,0,0,0,13.100000000000001,0.6000000000000001,40.59,147.29
2023,3,8,7,30,0,0,0,12.600000000000001,0.5,40.83,151.42000000000002
2023,3,8,8,30,0,0,0,11.9,0.7000000000000001,41.81,149.12
2023,3,8,9,30,0,0,0,11.100000000000001,1,44.480000000000004,141.55
2023,3,8,10,30,0,0,0,10.4,1.1,47.19,131.13
2023,3,8,11,30,0,0,0,9.700000000000001,1.3,50.72,119.4
2023,3,8,12,30,0,0,0,8.8,1.3,54.44,107.08
2023,3,8,13,30,0,0,0,9.1,1.3,54.45,94.57000000000001
2023,3,8,14,30,473,41,107,12,1.7000000000000002,54.730000000000004,82.04
2023,3,8,15,30,762,68,328,15.9,2,40.46,70.05
2023,3,8,16,30,884,82,540,18.900000000000002,2.2,29.23,58.78
2023,3,8,17,30,902,111,704,21.1,2.8000000000000003,22.71,48.910000000000004
2023,3,8,18,30,849,156,791,22.400000000000002,3,20.240000000000002,41.57
2023,3,8,19,30,823,186,832,23.200000000000003,2.8000000000000003,18.72,38.27
2023,3,8,20,30,820,180,808,23.6,2.8000000000000003,17.56,40.050000000000004
2023,3,8,21,30,705,191,678,23.5,3.2,17.04,46.33
2023,3,8,22,30,742,145,565,22.900000000000002,3.3000000000000003,17.51,55.56
2023,3,8,23,30,597,137,375,20.700000000000003,2.3000000000000003,20.13,66.49
2023,3,9,0,30,224,109,154,17.3,1.2000000000000002,39.18,78.31
2023,3,9,1,30,0,4,4,15.200000000000001,1.2000000000000002,44.24,90.15
2023,3,9,2,30,0,0,0,14.4,1.3,43.9,103.21000000000001
2023,3,9,3,30,0,0,0,13.8,1.3,43.68,115.59
2023,3,9,4,30,0,0,0,13.600000000000001,1.2000000000000002,42.28,127.52
2023,3,9,5,30,0,0,0,13.5,1,40.1,138.39000000000001
2023,3,9,6,30,0,0,0,13.200000000000001,0.8,39.71,146.97
2023,3,9,7,30,0,0,0,12.4,0.8,41.03,151.03
2023,3,9,8,30,0,0,0,11.3,1,43.28,148.74
2023,3,9,9,30,0,0,0,10.4,1.1,45.7,141.20000000000002
2023,3,9,10,30,0,0,0,10,1.1,46.69,130.83
2023,3,9,11,30,0,0,0,9.9,1.1,47.75,119.12
2023,3,9,12,30,0,0,0,9.700000000000001,1.1,48.76,106.81
2023,3,9,13,30,0,0,0,10.4,1.1,46.730000000000004,94.3
2023,3,9,14,30,70,72,82,13.3,1.4000000000000001,46.51,81.77
2023,3,9,15,30,432,135,284,16.8,1.2000000000000002,30.92,69.76
2023,3,9,16,30,243,247,374,19,0.6000000000000001,22.11,58.46
2023,3,9,17,30,114,308,383,19.900000000000002,0.5,19.23,48.56
2023,3,9,18,30,32,274,298,20.3,0.4,18.26,41.18
2023,3,9,19,30,27,250,271,20.900000000000002,0.4,17.55,37.88
2023,3,9,20,30,438,290,627,22.1,0.5,16.54,39.7
2023,3,9,21,30,719,180,679,23.200000000000003,0.8,15.950000000000001,46.03
2023,3,9,22,30,868,89,583,23.200000000000003,1.1,16.2,55.32
2023,3,9,23,30,770,75,385,22,0.8,17.96,66.29
2023,3,10,0,30,560,53,168,20.200000000000003,0.4,33.29,78.13
2023,3,10,1,30,48,7,7,18.900000000000002,0.4,27.34,90.02
2023,3,10,2,30,0,0,0,17.7,0.7000000000000001,26.900000000000002,103.04
2023,3,10,3,30,0,0,0,16.3,1,31.240000000000002,115.42
2023,3,10,4,30,0,0,0,15.4,1.1,33.9,127.32000000000001
2023,3,10,5,30,0,0,0,14.9,1.1,34.58,138.14000000000001
2023,3,10,6,30,0,0,0,14.4,1.1,35.22,146.65
2023,3,10,7,30,0,0,0,13.4,1.3,37.9,150.65
2023,3,10,8,30,0,0,0,12.3,1.4000000000000001,41.74,148.35
2023,3,10,9,30,0,0,0,11.5,1.4000000000000001,44.300000000000004,140.86
2023,3,10,10,30,0,0,0,10.600000000000001,1.4000000000000001,47.800000000000004,130.52
2023,3,10,11,30,0,0,0,10,1.4000000000000001,53.01,118.84
2023,3,10,12,30,0,0,0,9.700000000000001,1.5,54.54,106.54
2023,3,10,13,30,0,0,0,10.8,1.4000000000000001,50.6,94.03
2023,3,10,14,30,78,71,83,14,2,45.19,81.5
2023,3,10,15,30,366,134,262,17.6,1.7000000000000002,29.76,69.47
2023,3,10,16,30,657,147,494,20.200000000000003,0.8,21.900000000000002,58.15
2023,3,10,17,30,622,213,628,22.5,1,16.67,48.21
2023,3,10,18,30,527,282,681,24.5,1.8,14.870000000000001,40.79
2023,3,10,19,30,548,276,711,25.6,2.5,15.450000000000001,37.480000000000004
2023,3,10,20,30,581,254,703,26,2.9000000000000004,16.56,39.34
2023,3,10,21,30,621,220,653,25.900000000000002,2.9000000000000004,17.92,45.74
2023,3,10,22,30,356,250,454,25.3,2.7,19.55,55.08
2023,3,10,23,30,113,167,213,23.5,1.9000000000000001,22.5,66.09
2023,3,11,0,30,283,66,125,20.400000000000002,1.2000000000000002,42.160000000000004,77.96000000000001
2023,3,11,1,30,0,5,5,18.3,1.2000000000000002,46.72,89.88
2023,3,11,2,30,0,0,0,17.2,1.3,48.78,102.88
2023,3,11,3,30,0,0,0,16.1,1.5,51.92,115.24000000000001
2023,3,11,4,30,0,0,0,15.3,1.6,52.870000000000005,127.12
2023,3,11,5,30,0,0,0,15.100000000000001,1.4000000000000001,55.07,137.89000000000001
2023,3,11,6,30,0,0,0,15,1.3,57.95,146.33
2023,3,11,7,30,0,0,0,14.9,1.2000000000000002,61.64,150.26
2023,3,11,8,30,0,0,0,14.5,1.1,66.25,147.96
2023,3,11,9,30,0,0,0,14.3,1.1,69.18,140.51
2023,3,11,10,30,0,0,0,14.200000000000001,1.1,71.45,130.21
2023,3,11,11,30,0,0,0,13.700000000000001,1.1,74.02,118.55
2023,3,11,12,30,0,0,0,13.100000000000001,1.2000000000000002,77.19,106.27
2023,3,11,13,30,0,0,0,14,1.5,73.72,93.76
2023,3,11,14,30,8,52,53,16.7,2.2,66.72,81.22
2023,3,11,15,30,110,152,191,19.3,3,58.89,69.18
2023,3,11,16,30,125,262,329,21.1,3.2,55.94,57.83
2023,3,11,17,30,392,280,543,21.900000000000002,3.1,53.45,47.86
2023,3,11,18,30,352,316,584,22.5,3,51.31,40.410000000000004
2023,3,11,19,30,258,357,563,23.1,2.9000000000000004,49.26,37.09
2023,3,11,20,30,258,351,552,23.900000000000002,2.9000000000000004,46.480000000000004,38.99
2023,3,11,21,30,12,224,232,24.700000000000003,3.2,43.87,45.45
2023,3,11,22,30,65,248,285,24.5,3.4000000000000004,43.19,54.85
2023,3,11,23,30,354,161,306,23.3,2.8000000000000003,45.67,65.89
2023,3,12,0,30,200,72,114,20.900000000000002,1.8,56.34,77.79
2023,3,12,1,30,0,6,6,19,1.4000000000000001,65.16,89.74
2023,3,12,2,30,0,0,0,18.1,1.4000000000000001,68.09,102.72
2023,3,12,3,30,0,0,0,17.6,1.6,68.7,115.07000000000001
2023,3,12,4,30,0,0,0,17.3,1.9000000000000001,69.27,126.92
2023,3,12,5,30,0,0,0,16.6,1.9000000000000001,72.19,137.64000000000001
2023,3,12,6,30,0,0,0,15.3,1.6,77.48,146
2023,3,12,7,30,0,0,0,14.3,1.3,81.28,149.87
2023,3,12,8,30,0,0,0,13.600000000000001,1.2000000000000002,84,147.57
2023,3,12,9,30,0,0,0,13.100000000000001,1.2000000000000002,85.92,140.16
2023,3,12,10,30,0,0,0,12.9,1,86.2,129.9
2023,3,12,11,30,0,0,0,12.8,0.8,86.18,118.26
2023,3,12,12,30,0,0,0,12.600000000000001,0.6000000000000001,87.29,105.99000000000001
2023,3,12,13,30,0,0,0,13.3,0.6000000000000001,83.79,93.49
2023,3,12,14,30,400,52,115,16,0.8,73.41,80.95
2023,3,12,15,30,686,83,330,19.400000000000002,1.2000000000000002,56.54,68.88
2023,3,12,16,30,818,99,538,22,1.9000000000000001,41.160000000000004,57.51
2023,3,12,17,30,896,105,710,23.700000000000003,2.4000000000000004,34.39,47.5
2023,3,12,18,30,810,176,796,24.900000000000002,2.8000000000000003,30.22,40.02
2023,3,12,19,30,954,106,871,25.8,3.3000000000000003,26.93,36.69
2023,3,12,20,30,941,109,844,26.3,3.7,24.6,38.63
2023,3,12,21,30,904,111,749,26.3,3.9000000000000004,23.330000000000002,45.15
2023,3,12,22,30,853,101,595,25.8,3.7,23.23,54.61
2023,3,12,23,30,751,86,395,24.1,2.6,25.07,65.69
2023,3,13,0,30,528,61,174,20.700000000000003,1.5,39.5,77.61
2023,3,13,1,30,48,10,10,18.2,1.3,48.550000000000004,89.60000000000001
2023,3,13,2,30,0,0,0,17.400000000000002,1.3,48.43,102.56
2023,3,13,3,30,0,0,0,17.400000000000002,1.2000000000000002,46.9,114.9
2023,3,13,4,30,0,0,0,17.5,0.9,43.9,126.71000000000001
2023,3,13,5,30,0,0,0,17.1,0.7000000000000001,44.12,137.39000000000001
2023,3,13,6,30,0,0,0,16.7,0.4,44.660000000000004,145.68
2023,3,13,7,30,0,0,0,16.2,0.4,45.08,149.48
2023,3,13,8,30,0,0,0,15.200000000000001,0.7000000000000001,47.480000000000004,147.17000000000002
2023,3,13,9,30,0,0,0,14.100000000000001,1,50.82,139.8
2023,3,13,10,30,0,0,0,13.100000000000001,1,54.04,129.58
2023,3,13,11,30,0,0,0,12.100000000000001,1,57.53,117.98
2023,3,13,12,30,0,0,0,11.4,1,60.15,105.72
2023,3,13,13,30,0,0,0,12.200000000000001,1,57.43,93.22
2023,3,13,14,30,5,61,62,14.8,1.5,54.09,80.67
2023,3,13,15,30,397,147,292,17.2,1.7000000000000002,44.18,68.59
2023,3,13,16,30,789,108,536,19.700000000000003,1.4000000000000001,39.27,57.19
2023,3,13,17,30,873,112,706,22.5,1.6,32.94,47.15
2023,3,13,18,30,917,113,819,24.400000000000002,2.1,28.88,39.63
2023,3,13,19,30,933,115,867,25.400000000000002,2.5,26.66,36.29
2023,3,13,20,30,914,120,837,25.700000000000003,3,25.560000000000002,38.28
2023,3,13,21,30,870,124,741,25.5,3.4000000000000004,24.94,44.86
2023,3,13,22,30,751,141,578,24.900000000000002,3.4000000000000004,25,54.38
2023,3,13,23,30,662,111,386,23.200000000000003,2.5,26.96,65.5
2023,3,14,0,30,488,68,174,20,1.5,40.63,77.44
2023,3,14,1,30,28,9,9,17.5,1.3,50.77,89.46000000000001
2023,3,14,2,30,0,0,0,16.900000000000002,1.3,49.46,102.4
2023,3,14,3,30,0,0,0,16.8,1.2000000000000002,46.53,114.72
2023,3,14,4,30,0,0,0,16.5,1.1,45.02,126.51
2023,3,14,5,30,0,0,0,16,0.9,44.730000000000004,137.13
2023,3,14,6,30,0,0,0,15.4,0.7000000000000001,45.37,145.35
2023,3,14,7,30,0,0,0,14.5,0.8,48.61,149.09
2023,3,14,8,30,0,0,0,13.600000000000001,0.9,53,146.78
2023,3,14,9,30,0,0,0,13,0.9,55.85,139.45000000000002
2023,3,14,10,30,0,0,0,12.700000000000001,0.9,56.32,129.27
2023,3,14,11,30,0,0,0,12.3,1,59.71,117.68
2023,3,14,12,30,0,0,0,11.5,1.2000000000000002,63.800000000000004,105.44
2023,3,14,13,30,0,0,0,12.3,1.5,57.54,92.94
2023,3,14,14,30,426,54,125,15.600000000000001,2.3000000000000003,50.78,80.39
2023,3,14,15,30,491,119,301,19.200000000000003,2.6,37.62,68.29
2023,3,14,16,30,312,240,411,22.3,2.2,29.2,56.870000000000005
2023,3,14,17,30,338,339,570,24.3,2.2,24.07,46.79
2023,3,14,18,30,654,229,736,25.400000000000002,2.1,22.080000000000002,39.24
2023,3,14,19,30,711,219,795,25.700000000000003,2.1,21.5,35.9
2023,3,14,20,30,570,257,707,25.6,2.1,21.54,37.92
2023,3,14,21,30,842,132,732,25.6,2.1,21.75,44.58
2023,3,14,22,30,200,248,365,25.200000000000003,1.9000000000000001,22.45,54.14
2023,3,14,23,30,45,133,152,23.5,1.3,27.22,65.3
2023,3,15,0,30,19,42,46,21.700000000000003,0.8,44.28,77.27
2023,3,15,1,30,0,6,6,20.8,0.8,42.56,89.33
2023,3,15,2,30,0,0,0,19.6,1,44.52,102.23
2023,3,15,3,30,0,0,0,18.1,1.2000000000000002,50.39,114.54
2023,3,15,4,30,0,0,0,17,1.2000000000000002,54.32,126.3
2023,3,15,5,30,0,0,0,16.7,1,55.93,136.87
2023,3,15,6,30,0,0,0,17,0.7000000000000001,51.95,145.02
2023,3,15,7,30,0,0,0,17.3,0.4,48.35,148.70000000000002
2023,3,15,8,30,0,0,0,17,0.4,49.07,146.39000000000001
2023,3,15,9,30,0,0,0,16.7,0.6000000000000001,51.34,139.09
2023,3,15,10,30,0,0,0,16.2,0.7000000000000001,52.54,128.95
2023,3,15,11,30,0,0,0,15.4,1,54.88,117.39
2023,3,15,12,30,0,0,0,14.700000000000001,1.1,60.06,105.16
2023,3,15,13,30,0,0,0,14.5,1.3,64.53,92.67
2023,3,15,14,30,0,8,8,14.700000000000001,1.6,67.21000000000001,80.11
2023,3,15,15,30,0,9,9,14.8,1.2000000000000002,68.39,68
2023,3,15,16,30,0,26,26,15.3,1.2000000000000002,71.64,56.54
2023,3,15,17,30,0,56,56,15.9,2.1,74.04,46.43
2023,3,15,18,30,2,145,147,16.3,3,75.04,38.85
2023,3,15,19,30,0,115,115,16.8,3.5,73.61,35.5
2023,3,15,20,30,2,188,190,17.400000000000002,3.5,71.26,37.57
2023,3,15,21,30,2,232,233,17.8,3.1,70.48,44.29
2023,3,15,22,30,28,190,206,17.6,2.5,72.60000000000001,53.910000000000004
2023,3,15,23,30,33,148,162,16.900000000000002,1.7000000000000002,79.13,65.11
2023,3,16,0,30,226,85,135,16,1.3,88.65,77.10000000000001
2023,3,16,1,30,0,8,8,15.3,1.3,93.11,89.18
2023,3,16,2,30,0,0,0,14.8,1.2000000000000002,95.21000000000001,102.07000000000001
2023,3,16,3,30,0,0,0,14,1.1,97.84,114.37
2023,3,16,4,30,0,0,0,13.200000000000001,1.1,100,126.10000000000001
2023,3,16,5,30,0,0,0,12.8,1,100,136.62
2023,3,16,6,30,0,0,0,12.4,0.9,100,144.69
2023,3,16,7,30,0,0,0,12,0.9,100,148.31
2023,3,16,8,30,0,0,0,11.600000000000001,0.9,100,145.99
2023,3,16,9,30,0,0,0,11.200000000000001,0.9,100,138.73
2023,3,16,10,30,0,0,0,11,0.9,100,128.63
2023,3,16,11,30,0,0,0,11.100000000000001,0.8,99.13,117.10000000000001
2023,3,16,12,30,0,0,0,11.200000000000001,0.6000000000000001,97.53,104.88
2023,3,16,13,30,0,1,1,11.9,0.5,92.29,92.39
2023,3,16,14,30,14,81,83,13.4,0.5,86.08,79.83
2023,3,16,15,30,90,208,242,15.4,0.7000000000000001,75.88,67.7
2023,3,16,16,30,387,247,462,17,1.2000000000000002,63.67,56.22
2023,3,16,17,30,250,335,508,17.8,1.7000000000000002,55.28,46.08
2023,3,16,18,30,352,344,620,18.3,2.1,50.28,38.45
2023,3,16,19,30,310,371,625,18.6,2.3000000000000003,47.03,35.1
2023,3,16,20,30,515,298,708,19.1,2.5,43.86,37.22
2023,3,16,21,30,542,258,648,19.700000000000003,2.6,40.78,44
2023,3,16,22,30,788,120,587,19.700000000000003,2.4000000000000004,39.14,53.68
2023,3,16,23,30,385,170,333,18.900000000000002,1.7000000000000002,40.39,64.92
2023,3,17,0,30,424,73,169,17,1,53.67,76.94
2023,3,17,1,30,36,10,11,15.4,0.8,60.71,89.04
2023,3,17,2,30,0,0,0,15,0.7000000000000001,58.01,101.91
2023,3,17,3,30,0,0,0,14.5,0.7000000000000001,57.19,114.19
2023,3,17,4,30,0,0,0,13.8,0.7000000000000001,58.82,125.89
2023,3,17,5,30,0,0,0,13.3,0.7000000000000001,59.59,136.36
2023,3,17,6,30,0,0,0,13,0.7000000000000001,59.39,144.36
2023,3,17,7,30,0,0,0,12.5,0.6000000000000001,60.18,147.92000000000002
2023,3,17,8,30,0,0,0,11.9,0.5,62.46,145.59
2023,3,17,9,30,0,0,0,11.3,0.6000000000000001,64.16,138.37
2023,3,17,10,30,0,0,0,10.8,0.7000000000000001,66.25,128.31
2023,3,17,11,30,0,0,0,10.200000000000001,0.8,68.36,116.8
2023,3,17,12,30,0,0,0,9.5,0.9,70.87,104.60000000000001
2023,3,17,13,30,7,2,2,10.3,1.1,66.87,92.12
2023,3,17,14,30,421,60,136,13.100000000000001,1.5,62.51,79.55
2023,3,17,15,30,678,94,354,16.3,1.5,48.52,67.41
2023,3,17,16,30,800,112,561,19,1.5,37,55.9
2023,3,17,17,30,873,123,732,20.6,1.9000000000000001,32.26,45.72
2023,3,17,18,30,912,126,844,21.6,2.2,30.27,38.06
2023,3,17,19,30,927,128,890,22.200000000000003,2.4000000000000004,28.37,34.7
2023,3,17,20,30,633,239,745,22.6,2.6,26.48,36.86
2023,3,17,21,30,690,202,701,22.5,2.7,24.830000000000002,43.72
2023,3,17,22,30,541,218,540,21.900000000000002,2.7,23.62,53.46
2023,3,17,23,30,731,100,412,20.400000000000002,2,24.01,64.73
2023,3,18,0,30,532,69,191,17.3,1.3,36.58,76.77
2023,3,18,1,30,70,14,15,14.5,1.1,49.74,88.89
2023,3,18,2,30,0,0,0,13.700000000000001,1.2000000000000002,46.46,101.75
2023,3,18,3,30,0,0,0,13.3,1.1,43.13,114.01
2023,3,18,4,30,0,0,0,12.100000000000001,1.2000000000000002,44.300000000000004,125.68
2023,3,18,5,30,0,0,0,10.600000000000001,1.4000000000000001,51.300000000000004,136.1
2023,3,18,6,30,0,0,0,9.700000000000001,2,55.13,144.03
2023,3,18,7,30,0,0,0,9.4,2.9000000000000004,54.82,147.53
2023,3,18,8,30,0,0,0,8.9,3.6,53.9,145.20000000000002
2023,3,18,9,30,0,0,0,8.4,3.7,52.63,138.01
2023,3,18,10,30,0,0,0,8,3.7,51.04,127.98
2023,3,18,11,30,0,0,0,7.800000000000001,3.8000000000000003,49.11,116.5
2023,3,18,12,30,0,0,0,7.5,3.8000000000000003,48.620000000000005,104.32000000000001
2023,3,18,13,30,17,3,2,8.6,4.2,44.67,91.84
2023,3,18,14,30,549,54,156,11.600000000000001,4.5,36.910000000000004,79.27
2023,3,18,15,30,783,78,383,15.5,4.5,29.560000000000002,67.11
2023,3,18,16,30,885,96,596,19,4.1000000000000005,23.37,55.58
2023,3,18,17,30,465,313,640,21.1,3.3000000000000003,21.48,45.36
2023,3,18,18,30,720,215,785,22.400000000000002,2.8000000000000003,20.56,37.67
2023,3,18,19,30,687,274,841,23.1,2.5,19.85,34.31
2023,3,18,20,30,729,242,828,23.200000000000003,2.4000000000000004,20.18,36.51
2023,3,18,21,30,648,231,702,23,2.3000000000000003,20.98,43.44
2023,3,18,22,30,486,228,519,22.6,2,22.04,53.230000000000004
2023,3,18,23,30,366,157,314,21.6,1.4000000000000001,24.43,64.54
2023,3,19,0,30,536,67,191,19.3,0.9,38.78,76.61
2023,3,19,1,30,89,14,16,17,0.9,43.57,88.75
2023,3,19,2,30,0,0,0,15.4,1.2000000000000002,46.33,101.59
2023,3,19,3,30,0,0,0,14,1.6,50.75,113.84
2023,3,19,4,30,0,0,0,13.5,2,51.730000000000004,125.47
2023,3,19,5,30,0,0,0,13.4,2.8000000000000003,50.63,135.83
2023,3,19,6,30,0,0,0,13.4,3.6,47.84,143.70000000000002
2023,3,19,7,30,0,0,0,13,4.1000000000000005,47.01,147.13
2023,3,19,8,30,0,0,0,12.5,4.2,47.71,144.8
2023,3,19,9,30,0,0,0,12.200000000000001,4.2,47.47,137.65
2023,3,19,10,30,0,0,0,12.100000000000001,4.1000000000000005,45.88,127.66
2023,3,19,11,30,0,0,0,12,4.4,44.93,116.21000000000001
2023,3,19,12,30,0,0,0,12.100000000000001,4.6000000000000005,43.410000000000004,104.03
2023,3,19,13,30,0,2,2,12.4,4.5,42.93,91.56
2023,3,19,14,30,5,62,63,13.3,4.9,41.27,78.99
2023,3,19,15,30,6,121,123,14.600000000000001,5.7,37.94,66.81
2023,3,19,16,30,12,203,210,16.1,6.1000000000000005,33.04,55.26
2023,3,19,17,30,28,312,332,17.6,5.9,29.78,45.01
2023,3,19,18,30,272,403,619,18.8,5.300000000000001,28.54,37.28
2023,3,19,19,30,281,418,651,19.8,4.3,28.310000000000002,33.910000000000004
2023,3,19,20,30,164,409,541,20.400000000000002,3.1,28.330000000000002,36.160000000000004
2023,3,19,21,30,90,338,404,20.5,1.9000000000000001,29.05,43.160000000000004
2023,3,19,22,30,103,241,303,20.400000000000002,0.9,29.91,53.01
2023,3,19,23,30,29,143,156,19.700000000000003,0.5,35.54,64.36
2023,3,20,0,30,1,29,29,18.3,0.6000000000000001,45.04,76.44
2023,3,20,1,30,0,7,7,16.8,0.9,44.660000000000004,88.61
2023,3,20,2,30,0,0,0,16.2,1,45.06,101.43
2023,3,20,3,30,0,0,0,16.3,0.8,42.99,113.66
2023,3,20,4,30,0,0,0,16.5,0.4,39.87,125.26
2023,3,20,5,30,0,0,0,15.700000000000001,0.5,40.36,135.57
2023,3,20,6,30,0,0,0,14.100000000000001,1,46.02,143.36
2023,3,20,7,30,0,0,0,12.4,1.2000000000000002,54.31,146.74
2023,3,20,8,30,0,0,0,11.200000000000001,1.3,60.09,144.4
2023,3,20,9,30,0,0,0,10.5,1.3,62.190000000000005,137.29
2023,3,20,10,30,0,0,0,10.3,1.2000000000000002,62.65,127.33
2023,3,20,11,30,0,0,0,10.5,1.1,61.31,115.91
2023,3,20,12,30,0,0,0,10.9,1.1,61.22,103.75
2023,3,20,13,30,0,3,3,12,1,59.04,91.28
2023,3,20,14,30,31,84,90,13.9,1.3,58.65,78.71000000000001
2023,3,20,15,30,135,184,238,15.700000000000001,1.6,48.36,66.52
2023,3,20,16,30,95,238,293,17.2,1.9000000000000001,44.12,54.94
2023,3,20,17,30,74,234,287,18.5,2.4000000000000004,45.22,44.65
2023,3,20,18,30,459,307,674,19.3,2.9000000000000004,47.99,36.88
2023,3,20,19,30,131,404,513,19.3,3.2,51.13,33.51
2023,3,20,20,30,420,359,700,18.900000000000002,3.2,55,35.81
2023,3,20,21,30,75,331,386,18.900000000000002,3.1,56.5,42.88
2023,3,20,22,30,99,275,335,19.1,3,56.27,52.79
2023,3,20,23,30,18,135,143,18.900000000000002,2.2,56.67,64.17
2023,3,21,0,30,45,81,92,17.7,1.1,64.15,76.28
2023,3,21,1,30,0,9,9,16.8,0.6000000000000001,67.33,88.47
2023,3,21,2,30,0,0,0,16.5,0.5,64.95,101.26
2023,3,21,3,30,0,0,0,15.9,0.7000000000000001,64.92,113.48
2023,3,21,4,30,0,0,0,15.3,1,67.23,125.05
2023,3,21,5,30,0,0,0,14.5,1.2000000000000002,71.58,135.3
2023,3,21,6,30,0,0,0,13.8,1.3,75.07000000000001,143.03
2023,3,21,7,30,0,0,0,13.4,1.5,79.05,146.35
2023,3,21,8,30,0,0,0,13.100000000000001,1.5,82.38,144.01
2023,3,21,9,30,0,0,0,12.8,1.4000000000000001,84.61,136.93
2023,3,21,10,30,0,0,0,12.5,1.5,86.08,127.01
2023,3,21,11,30,0,0,0,12.4,1.8,86.25,115.61
2023,3,21,12,30,0,0,0,12.5,1.9000000000000001,85.85000000000001,103.46000000000001
2023,3,21,13,30,0,2,2,13.100000000000001,2.2,83.41,91
2023,3,21,14,30,0,7,7,14.100000000000001,2.9000000000000004,81.11,78.43
2023,3,21,15,30,0,45,45,15.200000000000001,3.6,77.75,66.22
2023,3,21,16,30,0,92,92,16.2,3.9000000000000004,72.12,54.620000000000005
2023,3,21,17,30,0,63,63,17.2,4,62.56,44.300000000000004
2023,3,21,18,30,0,99,99,17.8,4.1000000000000005,54.22,36.49
2023,3,21,19,30,6,265,270,18.400000000000002,4.3,48.63,33.11
2023,3,21,20,30,0,114,114,18.8,4.2,46.01,35.47
2023,3,21,21,30,0,116,116,18.900000000000002,3.9000000000000004,45.69,42.6
2023,3,21,22,30,5,165,168,18.5,3.4000000000000004,49.56,52.57
2023,3,21,23,30,13,151,157,17.400000000000002,2.7,59.43,63.99
2023,3,22,0,30,11,83,86,16.2,2.3000000000000003,70.49,76.11
2023,3,22,1,30,0,9,9,15.5,2.3000000000000003,77.10000000000001,88.32000000000001
2023,3,22,2,30,0,0,0,15.200000000000001,2.8000000000000003,79.71000000000001,101.10000000000001
2023,3,22,3,30,0,0,0,15.200000000000001,3.5,80.06,113.3
2023,3,22,4,30,0,0,0,15.100000000000001,3.9000000000000004,81.19,124.83
2023,3,22,5,30,0,0,0,15,4,83.10000000000001,135.04
2023,3,22,6,30,0,0,0,14.8,4,86.14,142.69
2023,3,22,7,30,0,0,0,14.600000000000001,3.9000000000000004,89.03,145.96
2023,3,22,8,30,0,0,0,14.5,4,90.64,143.61
2023,3,22,9,30,0,0,0,14.3,4.3,91.45,136.56
2023,3,22,10,30,0,0,0,13.8,4.3,91.39,126.68
2023,3,22,11,30,0,0,0,13.100000000000001,4.1000000000000005,91.28,115.31
2023,3,22,12,30,0,0,0,12.5,3.8000000000000003,90.62,103.18
2023,3,22,13,30,0,3,3,12.4,3.7,87.03,90.15
2023,3,22,14,30,2,28,28,13.100000000000001,3.9000000000000004,81.16,78.15
2023,3,22,15,30,1,42,42,14.200000000000001,4.3,68.32000000000001,65.93
2023,3,22,16,30,5,142,145,15.4,4.3,53.82,54.300000000000004
2023,3,22,17,30,5,193,197,16.400000000000002,4,45.34,43.94
2023,3,22,18,30,47,313,351,17.3,3.5,41.01,36.1
2023,3,22,19,30,15,280,293,18.1,3.2,38.18,32.71
2023,3,22,20,30,1,244,245,18.6,2.9000000000000004,36.44,35.12
2023,3,22,21,30,2,204,205,18.6,2.5,35.47,42.33
2023,3,22,22,30,67,244,285,18.2,2,35.21,52.35
2023,3,22,23,30,236,216,320,17.3,1.3,35.95,63.81
2023,3,23,0,30,356,108,194,15.8,0.5,40.42,75.95
2023,3,23,1,30,2,16,16,14,0.4,51.67,88.18
2023,3,23,2,30,0,0,0,12.700000000000001,0.8,56.660000000000004,100.94
2023,3,23,3,30,0,0,0,12,0.9,58.730000000000004,113.12
2023,3,23,4,30,0,0,0,11.600000000000001,0.9,58.83,124.62
2023,3,23,5,30,0,0,0,11.100000000000001,0.9,59.47,134.77
2023,3,23,6,30,0,0,0,10.600000000000001,0.8,60.44,142.36
2023,3,23,7,30,0,0,0,10,0.7000000000000001,62.17,145.57
2023,3,23,8,30,0,0,0,9.4,0.6000000000000001,64.22,143.21
2023,3,23,9,30,0,0,0,8.8,0.5,66.41,136.2
2023,3,23,10,30,0,0,0,8.3,0.6000000000000001,68.42,126.35000000000001
2023,3,23,11,30,0,0,0,8.1,0.6000000000000001,68.91,115
2023,3,23,12,30,0,0,0,8.3,0.5,67.14,102.89
2023,3,23,13,30,22,7,7,9.600000000000001,0.4,61.6,89.91
2023,3,23,14,30,452,69,164,12.5,0.4,56.82,77.87
2023,3,23,15,30,696,100,387,15.4,1.1,41.480000000000004,65.63
2023,3,23,16,30,821,115,598,17.400000000000002,1.9000000000000001,34.54,53.980000000000004
2023,3,23,17,30,898,118,768,18.6,2.3000000000000003,31.53,43.59
2023,3,23,18,30,945,115,882,19.400000000000002,2.7,29.78,35.71
2023,3,23,19,30,954,117,923,19.900000000000002,2.9000000000000004,28.46,32.32
2023,3,23,20,30,728,224,822,20.1,3,27.7,34.78
2023,3,23,21,30,920,112,795,20,3.1,27.61,42.06
2023,3,23,22,30,871,102,637,19.5,3.1,28.21,52.14
2023,3,23,23,30,777,88,433,18.5,2.7,29.94,63.63
2023,3,24,0,30,582,65,208,16.1,1.6,37.52,75.79
2023,3,24,1,30,112,18,22,13.8,1,57.34,88.03
2023,3,24,2,30,0,0,0,12.9,1.1,57.620000000000005,100.78
2023,3,24,3,30,0,0,0,12.100000000000001,1.2000000000000002,58.89,112.94
2023,3,24,4,30,0,0,0,11.200000000000001,1.4000000000000001,60.550000000000004,124.4
2023,3,24,5,30,0,0,0,10.5,1.6,62.27,134.5
2023,3,24,6,30,0,0,0,9.700000000000001,1.6,65.47,142.02
2023,3,24,7,30,0,0,0,9,1.5,69.10000000000001,145.17000000000002
2023,3,24,8,30,0,0,0,8.6,1.5,72.16,142.82
2023,3,24,9,30,0,0,0,8.4,1.5,74.68,135.83
2023,3,24,10,30,0,0,0,8.3,1.4000000000000001,75.66,126.02
2023,3,24,11,30,0,0,0,8.1,1.3,78,114.7
2023,3,24,12,30,0,0,0,8,1.3,78.67,102.61
2023,3,24,13,30,0,6,6,9.1,1.7000000000000002,73.42,89.67
2023,3,24,14,30,459,70,169,11.700000000000001,2.7,62.75,77.59
2023,3,24,15,30,713,99,396,14.100000000000001,3.3000000000000003,47.26,65.34
2023,3,24,16,30,840,111,609,16,3.8000000000000003,35.06,53.660000000000004
2023,3,24,17,30,910,119,782,17.3,4.5,29.03,43.230000000000004
2023,3,24,18,30,941,124,892,18.3,4.9,25.64,35.32
2023,3,24,19,30,952,125,933,19.1,4.9,23.82,31.92
2023,3,24,20,30,929,133,899,19.6,4.800000000000001,23.35,34.43
2023,3,24,21,30,875,141,793,19.8,4.7,23.56,41.79
2023,3,24,22,30,812,131,632,19.5,4.5,24.32,51.92
2023,3,24,23,30,708,112,428,18.400000000000002,3.6,26.25,63.45
2023,3,25,0,30,503,79,204,15.5,2.2,34.25,75.63
2023,3,25,1,30,74,18,21,12.5,1.4000000000000001,52.2,87.89
2023,3,25,2,30,0,0,0,11.3,1.3,54.42,100.62
2023,3,25,3,30,0,0,0,10.8,1.3,54.09,112.76
2023,3,25,4,30,0,0,0,10.3,1.3,53.45,124.19
2023,3,25,5,30,0,0,0,9.9,1.2000000000000002,52.84,134.24
2023,3,25,6,30,0,0,0,9.600000000000001,1.1,51.870000000000005,141.68
2023,3,25,7,30,0,0,0,9.200000000000001,1,51.93,144.78
2023,3,25,8,30,0,0,0,8.700000000000001,0.9,52.63,142.42000000000002
2023,3,25,9,30,0,0,0,8.200000000000001,0.9,53.660000000000004,135.47
2023,3,25,10,30,0,0,0,7.6000000000000005,0.9,55.04,125.69
2023,3,25,11,30,0,0,0,7,1,56.54,114.4
2023,3,25,12,30,0,0,0,6.5,1.1,57.52,102.32000000000001
2023,3,25,13,30,30,10,10,7.9,1.7000000000000002,52.19,89.43
2023,3,25,14,30,460,73,174,11.200000000000001,2.4000000000000004,44.89,77.31
2023,3,25,15,30,694,106,399,14.8,1.8,31.95,65.04
2023,3,25,16,30,807,127,609,17.8,1.1,22.93,53.34
2023,3,25,17,30,887,131,781,19.400000000000002,1.5,18.73,42.88
2023,3,25,18,30,940,125,896,20.3,2,17.900000000000002,34.93
2023,3,25,19,30,944,131,936,20.900000000000002,2.3000000000000003,17.54,31.53
2023,3,25,20,30,919,139,900,21.1,2.5,17.52,34.09
2023,3,25,21,30,865,146,794,21,2.6,17.78,41.52
2023,3,25,22,30,795,139,632,20.400000000000002,2.5,18.56,51.71
2023,3,25,23,30,674,122,425,19.200000000000003,2,20.26,63.28
2023,3,26,0,30,447,89,201,16.7,1.2000000000000002,29.73,75.48
2023,3,26,1,30,53,19,21,14.5,0.8,44.62,87.75
2023,3,26,2,30,0,0,0,13.700000000000001,0.8,41.300000000000004,100.46000000000001
2023,3,26,3,30,0,0,0,13.100000000000001,0.9,40.43,112.58
2023,3,26,4,30,0,0,0,12.100000000000001,0.9,41.87,123.97
2023,3,26,5,30,0,0,0,11,1,44.83,133.97
2023,3,26,6,30,0,0,0,9.9,1.2000000000000002,47.31,141.35
2023,3,26,7,30,0,0,0,8.6,1.3,51.120000000000005,144.39000000000001
2023,3,26,8,30,0,0,0,7.5,1.4000000000000001,54.65,142.02
2023,3,26,9,30,0,0,0,6.800000000000001,1.3,56.09,135.1
2023,3,26,10,30,0,0,0,6.300000000000001,1.2000000000000002,56.34,125.36
2023,3,26,11,30,0,0,0,6.2,0.9,55.07,114.10000000000001
2023,3,26,12,30,0,0,0,6.1000000000000005,0.7000000000000001,53.86,102.03
2023,3,26,13,30,63,11,12,7.300000000000001,0.7000000000000001,50.43,89.19
2023,3,26,14,30,563,66,192,10.3,0.9,45.7,77.03
2023,3,26,15,30,785,91,426,14,1.6,29.63,64.75
2023,3,26,16,30,885,105,637,16.8,2.3000000000000003,17.82,53.03
2023,3,26,17,30,945,112,808,18.3,2.6,15.17,42.53
2023,3,26,18,30,975,116,919,19.3,2.8000000000000003,14.24,34.54
2023,3,26,19,30,979,119,957,19.900000000000002,2.9000000000000004,13.790000000000001,31.13
2023,3,26,20,30,964,120,922,20.3,3,13.44,33.75
2023,3,26,21,30,935,117,820,20.3,3.1,13.47,41.26
2023,3,26,22,30,861,115,651,19.900000000000002,3,13.9,51.5
2023,3,26,23,30,784,92,447,18.7,2.3000000000000003,15.46,63.1
2023,3,27,0,30,487,83,206,16.1,1.3,25.22,75.32000000000001
2023,3,27,1,30,66,20,23,13.8,1,40.74,87.60000000000001
2023,3,27,2,30,0,0,0,12.9,1.1,36.84,100.3
2023,3,27,3,30,0,0,0,11.9,1.2000000000000002,38.15,112.4
2023,3,27,4,30,0,0,0,10.700000000000001,1.4000000000000001,41.03,123.76
2023,3,27,5,30,0,0,0,9.4,1.4000000000000001,45.02,133.69
2023,3,27,6,30,0,0,0,8.4,1.5,48.620000000000005,141.01
2023,3,27,7,30,0,0,0,7.7,1.6,50.81,144
2023,3,27,8,30,0,0,0,7.1000000000000005,1.7000000000000002,51.75,141.63
2023,3,27,9,30,0,0,0,6.7,1.9000000000000001,51.92,134.74
2023,3,27,10,30,0,0,0,6.2,2.1,52.5,125.03
2023,3,27,11,30,0,0,0,5.7,2.2,53.06,113.79
2023,3,27,12,30,0,0,0,5.5,2.5,52.83,101.75
2023,3,27,13,30,95,14,16,7.1000000000000005,3.4000000000000004,46.88,88.94
2023,3,27,14,30,606,61,200,10.5,4.4,37.59,76.75
2023,3,27,15,30,811,83,433,14.200000000000001,4.5,28,64.46000000000001
2023,3,27,16,30,906,98,647,17.3,3.7,19.41,52.71
2023,3,27,17,30,951,111,816,19.5,2.5,14.780000000000001,42.18
2023,3,27,18,30,973,119,924,21,1.7000000000000002,12.25,34.15
2023,3,27,19,30,984,120,966,22,1.4000000000000001,10.9,30.740000000000002
2023,3,27,20,30,976,118,933,22.6,1.5,10.39,33.42
2023,3,27,21,30,901,137,817,22.700000000000003,1.5,10.36,40.99
2023,3,27,22,30,519,247,572,22.5,1.2000000000000002,10.43,51.300000000000004
2023,3,27,23,30,293,207,340,21.6,0.8,11.13,62.93
2023,3,28,0,30,603,73,227,19.5,0.6000000000000001,20.330000000000002,75.16
2023,3,28,1,30,16,20,21,16.7,0.8,31.76,87.46000000000001
2023,3,28,2,30,0,0,0,14.3,1.3,36.800000000000004,100.13
2023,3,28,3,30,0,0,0,12.100000000000001,1.7000000000000002,42.730000000000004,112.21000000000001
2023,3,28,4,30,0,0,0,10.5,2.2,44.96,123.54
2023,3,28,5,30,0,0,0,9.600000000000001,2.8000000000000003,44.300000000000004,133.42000000000002
2023,3,28,6,30,0,0,0,8.9,3.1,43.69,140.67000000000002
2023,3,28,7,30,0,0,0,8.1,3,44.87,143.61
2023,3,28,8,30,0,0,0,7.6000000000000005,3,46.76,141.23
2023,3,28,9,30,0,0,0,7.300000000000001,3.3000000000000003,47.85,134.37
2023,3,28,10,30,0,0,0,7.1000000000000005,3.3000000000000003,48.410000000000004,124.7
2023,3,28,11,30,0,0,0,7.1000000000000005,3,48.25,113.49000000000001
2023,3,28,12,30,0,0,0,7.6000000000000005,2.4000000000000004,46.86,101.46000000000001
2023,3,28,13,30,90,15,17,9.700000000000001,2.2,42.47,88.69
2023,3,28,14,30,569,65,198,13.3,2.7,37.24,76.47
2023,3,28,15,30,779,88,427,17,4,26.19,64.17
2023,3,28,16,30,882,100,638,20.1,4.5,18.96,52.4
2023,3,28,17,30,941,106,807,22.700000000000003,4,15.42,41.83
2023,3,28,18,30,872,167,892,24.700000000000003,2.9000000000000004,13.64,33.76
2023,3,28,19,30,981,106,953,26,2.1,12.83,30.35
2023,3,28,20,30,977,105,924,26.700000000000003,1.9000000000000001,12.49,33.08
2023,3,28,21,30,954,101,824,26.8,2.4000000000000004,12.530000000000001,40.730000000000004
2023,3,28,22,30,912,91,664,26.1,2.7,13.1,51.09
2023,3,28,23,30,832,79,460,24.400000000000002,2.3000000000000003,14.540000000000001,62.76
2023,3,29,0,30,662,59,230,20.5,1.5,27.54,75.01
2023,3,29,1,30,191,21,30,17,1.3,42.33,87.32000000000001
2023,3,29,2,30,0,0,0,15.9,1.4000000000000001,39.26,99.97
2023,3,29,3,30,0,0,0,15.700000000000001,1.3,36.1,112.03
2023,3,29,4,30,0,0,0,15.9,1,32.42,123.32000000000001
2023,3,29,5,30,0,0,0,15.600000000000001,0.8,29.66,133.15
2023,3,29,6,30,0,0,0,14.200000000000001,1,32.55,140.33
2023,3,29,7,30,0,0,0,12.4,1.3,38.34,143.22
2023,3,29,8,30,0,0,0,11,1.4000000000000001,43.76,140.84
2023,3,29,9,30,0,0,0,10.200000000000001,1.4000000000000001,47.07,134.01
2023,3,29,10,30,0,0,0,9.700000000000001,1.4000000000000001,48.93,124.37
2023,3,29,11,30,0,0,0,9.200000000000001,1.4000000000000001,50.72,113.19
2023,3,29,12,30,0,0,0,8.700000000000001,1.4000000000000001,53.07,101.18
2023,3,29,13,30,116,15,18,10.700000000000001,1.7000000000000002,48.79,88.44
2023,3,29,14,30,614,59,206,14.8,2.4000000000000004,43.53,76.19
2023,3,29,15,30,800,83,435,18.5,2.4000000000000004,29.03,63.88
2023,3,29,16,30,887,100,645,21.5,2.5,19.3,52.09
2023,3,29,17,30,932,113,811,23.6,3,15.16,41.480000000000004
2023,3,29,18,30,958,119,919,25,3.5,14.05,33.38
2023,3,29,19,30,978,115,962,26.1,3.8000000000000003,13.58,29.95
2023,3,29,20,30,973,112,930,26.700000000000003,4,13.530000000000001,32.75
2023,3,29,21,30,941,109,825,26.8,4.1000000000000005,13.9,40.480000000000004
2023,3,29,22,30,893,101,664,26.400000000000002,4,14.65,50.89
2023,3,29,23,30,801,88,457,24.900000000000002,3.5,16.12,62.59
2023,3,30,0,30,536,83,223,21,2.4000000000000004,25.14,74.86
2023,3,30,1,30,92,22,27,17,1.7000000000000002,40.47,87.17
2023,3,30,2,30,0,0,0,15.200000000000001,1.6,43.76,99.81
2023,3,30,3,30,0,0,0,14.200000000000001,1.7000000000000002,45.57,111.85000000000001
2023,3,30,4,30,0,0,0,13.3,1.9000000000000001,46.74,123.10000000000001
2023,3,30,5,30,0,0,0,12.3,1.9000000000000001,49.54,132.88
2023,3,30,6,30,0,0,0,11.3,1.8,55.18,140
2023,3,30,7,30,0,0,0,10.700000000000001,1.8,59.84,142.83
2023,3,30,8,30,0,0,0,10.100000000000001,1.8,64.21000000000001,140.45000000000002
2023,3,30,9,30,0,0,0,9.700000000000001,2,67.64,133.65
2023,3,30,10,30,0,0,0,9.8,2.4000000000000004,69.22,124.05
2023,3,30,11,30,0,0,0,9.9,2.9000000000000004,69.87,112.89
2023,3,30,12,30,0,0,0,9,2.7,72.69,100.89
2023,3,30,13,30,0,9,9,9.3,3.1,69.44,88.19
2023,3,30,14,30,260,118,181,11.4,4.1000000000000005,59.34,75.91
2023,3,30,15,30,405,173,353,13.600000000000001,4.4,47.43,63.59
2023,3,30,16,30,89,265,320,15.5,4.5,36.94,51.78
2023,3,30,17,30,48,130,166,16.900000000000002,4.6000000000000005,32.92,41.14
2023,3,30,18,30,630,250,778,17.900000000000002,4.7,31.17,32.99
2023,3,30,19,30,261,283,510,18.6,4.800000000000001,29.88,29.560000000000002
2023,3,30,20,30,396,356,690,18.8,4.9,29.330000000000002,32.42
2023,3,30,21,30,26,280,300,18.7,4.9,29.150000000000002,40.22
2023,3,30,22,30,704,173,619,18.2,4.7,29.68,50.69
2023,3,30,23,30,248,208,323,17.2,4.3,31.38,62.42
2023,3,31,0,30,554,75,221,15.4,3,35.71,74.7
2023,3,31,1,30,120,24,30,13.200000000000001,2,46.9,87.03
2023,3,31,2,30,0,0,0,12,2,53.06,99.65
2023,3,31,3,30,0,0,0,11.5,2.2,54.94,111.67
2023,3,31,4,30,0,0,0,11.100000000000001,2.3000000000000003,56.660000000000004,122.88
2023,3,31,5,30,0,0,0,10.5,2.1,59.93,132.61
2023,3,31,6,30,0,0,0,9.5,1.5,66.01,139.66
2023,3,31,7,30,0,0,0,8.700000000000001,1.1,69.45,142.45000000000002
2023,3,31,8,30,0,0,0,8.6,0.8,66.66,140.06
2023,3,31,9,30,0,0,0,8.700000000000001,0.5,62.59,133.28
2023,3,31,10,30,0,0,0,8.4,0.4,62.02,123.72
2023,3,31,11,30,0,0,0,7.800000000000001,0.5,64.25,112.58
2023,3,31,12,30,0,0,0,7.300000000000001,0.8,66.37,100.61
2023,3,31,13,30,149,19,24,8.5,1.2000000000000002,63,87.93
2023,3,31,14,30,628,59,215,11.600000000000001,1.5,56.29,75.64
2023,3,31,15,30,811,81,445,14.600000000000001,1.2000000000000002,42.81,63.300000000000004
2023,3,31,16,30,901,94,655,16.900000000000002,0.8,32.46,51.47
2023,3,31,17,30,951,101,821,18.6,0.7000000000000001,27.11,40.800000000000004
2023,3,31,18,30,921,139,915,19.900000000000002,0.9,23.85,32.61
2023,3,31,19,30,981,109,966,21,1.3,21.21,29.18
2023,3,31,20,30,964,114,931,21.6,1.7000000000000002,19.580000000000002,32.09
2023,3,31,21,30,926,117,827,21.8,1.8,18.580000000000002,39.97
2023,3,31,22,30,837,123,656,21.400000000000002,1.8,18.18,50.49
2023,3,31,23,30,537,181,431,20.400000000000002,1.5,18.84,62.25
2023,4,1,0,30,272,101,173,18.3,1,26.82,74.55
2023,4,1,1,30,10,28,29,16.400000000000002,0.8,45.980000000000004,86.88
2023,4,1,2,30,0,0,0,15.4,1,44.82,99.49000000000001
2023,4,1,3,30,0,0,0,14.5,1.1,45.86,111.48
2023,4,1,4,30,0,0,0,13.4,1.2000000000000002,47.08,122.66
2023,4,1,5,30,0,0,0,12.5,1.3,48.01,132.33
2023,4,1,6,30,0,0,0,11.8,1.3,49.04,139.32
2023,4,1,7,30,0,0,0,11.200000000000001,1.4000000000000001,50.76,142.06
2023,4,1,8,30,0,0,0,10.5,1.5,53.59,139.67000000000002
2023,4,1,9,30,0,0,0,9.9,1.7000000000000002,55.69,132.92000000000002
2023,4,1,10,30,0,0,0,9.600000000000001,2,56.31,123.39
2023,4,1,11,30,0,0,0,9.4,2.2,56.34,112.28
2023,4,1,12,30,0,0,0,9.4,2.3000000000000003,55.25,100.32000000000001
2023,4,1,13,30,2,19,19,11.200000000000001,2.8000000000000003,48.49,87.67
2023,4,1,14,30,223,103,159,14.5,3.1,38.26,75.37
2023,4,1,15,30,294,190,323,18.2,2.6,29.94,63.02
2023,4,1,16,30,598,212,587,21.700000000000003,2,20.93,51.160000000000004
2023,4,1,17,30,493,313,688,23.8,1.6,16.4,40.45
2023,4,1,18,30,902,154,917,25,1.6,14.82,32.230000000000004
2023,4,1,19,30,996,104,977,26,1.8,13.82,28.79
2023,4,1,20,30,989,104,945,26.700000000000003,2,13.09,31.77
2023,4,1,21,30,961,105,844,27,2.1,12.6,39.72
2023,4,1,22,30,916,96,681,26.6,2,12.66,50.300000000000004
2023,4,1,23,30,834,82,472,25.200000000000003,1.5,13.96,62.09
2023,4,2,0,30,662,62,240,21.900000000000002,1.1,25.77,74.4
2023,4,2,1,30,215,25,37,18.5,1.3,40.910000000000004,86.74
2023,4,2,2,30,0,0,0,16.7,1.4000000000000001,38.730000000000004,99.33
2023,4,2,3,30,0,0,0,15.4,1.5,40.43,111.3
2023,4,2,4,30,0,0,0,14.600000000000001,1.4000000000000001,41.18,122.44
2023,4,2,5,30,0,0,0,14.5,1.2000000000000002,39.25,132.06
2023,4,2,6,30,0,0,0,14.3,1,36.88,138.98
2023,4,2,7,30,0,0,0,13.3,1,37.550000000000004,141.68
2023,4,2,8,30,0,0,0,12,1.1,41.15,139.28
2023,4,2,9,30,0,0,0,11,1.2000000000000002,43.19,132.56
2023,4,2,10,30,0,0,0,10,1.2000000000000002,45.69,123.06
2023,4,2,11,30,0,0,0,9.1,1.2000000000000002,48.08,111.98
2023,4,2,12,30,0,0,0,8.4,1.2000000000000002,49.9,100.04
2023,4,2,13,30,139,22,28,10.200000000000001,1.8,46.300000000000004,87.41
2023,4,2,14,30,615,68,226,13.9,2.6,39.19,75.09
2023,4,2,15,30,812,88,460,17.6,2.5,27.92,62.74
2023,4,2,16,30,910,100,674,21.1,2.1,20.89,50.86
2023,4,2,17,30,975,96,842,23.700000000000003,2,15,40.12
2023,4,2,18,30,1018,88,953,25.200000000000003,2.3000000000000003,13.67,31.85
2023,4,2,19,30,1021,90,988,26.200000000000003,2.7,13.280000000000001,28.400000000000002
2023,4,2,20,30,1006,93,951,26.8,3,13.09,31.44
2023,4,2,21,30,978,92,847,27,3,13.11,39.480000000000004
2023,4,2,22,30,933,87,685,26.700000000000003,2.8000000000000003,13.47,50.1
2023,4,2,23,30,852,75,476,25.5,2.1,14.67,61.93
2023,4,3,0,30,690,58,245,22.700000000000003,1.3,25.28,74.25
2023,4,3,1,30,254,24,39,20.3,0.9,35.6,86.60000000000001
2023,4,3,2,30,0,0,0,19.700000000000003,0.8,29.68,99.17
2023,4,3,3,30,0,0,0,19.200000000000003,0.8,27.82,111.12
2023,4,3,4,30,0,0,0,17.900000000000002,1,29.560000000000002,122.22
2023,4,3,5,30,0,0,0,16.1,1.3,33.72,131.78
2023,4,3,6,30,0,0,0,14.100000000000001,1.4000000000000001,40.21,138.65
2023,4,3,7,30,0,0,0,13,1.4000000000000001,44.31,141.29
2023,4,3,8,30,0,0,0,12.700000000000001,1.2000000000000002,44.07,138.89000000000001
2023,4,3,9,30,0,0,0,12.4,1.1,43.13,132.2
2023,4,3,10,30,0,0,0,12.100000000000001,1,42.96,122.74000000000001
2023,4,3,11,30,0,0,0,11.4,1.1,44.36,111.68
2023,4,3,12,30,0,0,0,10.600000000000001,1.2000000000000002,47.25,99.76
2023,4,3,13,30,196,21,31,12.3,1.5,45.300000000000004,87.16
2023,4,3,14,30,659,56,229,16,2.3000000000000003,38.81,74.82000000000001
2023,4,3,15,30,825,76,457,19.200000000000003,3.3000000000000003,29.52,62.46
2023,4,3,16,30,906,87,663,21.5,4.3,27.330000000000002,50.56
2023,4,3,17,30,941,100,823,23.200000000000003,5.2,25.39,39.78
2023,4,3,18,30,947,113,921,24.3,5.9,24.080000000000002,31.470000000000002
2023,4,3,19,30,939,125,954,25,6.6000000000000005,22.91,28.02
2023,4,3,20,30,905,140,915,25.200000000000003,7.2,22.29,31.12
2023,4,3,21,30,611,267,740,25.1,7.5,21.84,39.230000000000004
2023,4,3,22,30,779,148,650,24.400000000000002,7.800000000000001,21.57,49.910000000000004
2023,4,3,23,30,659,132,444,22.8,7.800000000000001,22.240000000000002,61.76
2023,4,4,0,30,429,101,219,20.1,7.300000000000001,24.91,74.10000000000001
2023,4,4,1,30,53,27,30,16.900000000000002,6.300000000000001,29.77,86.45
2023,4,4,2,30,0,0,0,14.600000000000001,5,34.89,99.01
2023,4,4,3,30,0,0,0,13.3,4.5,38.660000000000004,110.93
2023,4,4,4,30,0,0,0,12.3,4.6000000000000005,38.03,122
2023,4,4,5,30,0,0,0,10.9,4.4,35.53,131.51
2023,4,4,6,30,0,0,0,9.4,3.6,34.300000000000004,138.31
2023,4,4,7,30,0,0,0,8,2.7,38.22,140.91
2023,4,4,8,30,0,0,0,7,2.3000000000000003,43.09,138.5
2023,4,4,9,30,0,0,0,6.2,2.3000000000000003,47.03,131.84
2023,4,4,10,30,0,0,0,5.5,2.2,50.06,122.41
2023,4,4,11,30,0,0,0,4.7,2.1,53.44,111.38
2023,4,4,12,30,0,0,0,4.4,1.9000000000000001,54.15,99.48
2023,4,4,13,30,243,25,38,6,2.6,47.9,86.9
2023,4,4,14,30,725,57,250,9.1,4.1000000000000005,33.11,74.55
2023,4,4,15,30,892,74,490,11.4,5.1000000000000005,20.63,62.18
2023,4,4,16,30,969,85,704,13,5.6000000000000005,16.080000000000002,50.26
2023,4,4,17,30,1007,93,871,14.200000000000001,5.9,14.23,39.44
2023,4,4,18,30,1025,100,978,15.3,6.1000000000000005,13,31.09
2023,4,4,19,30,1033,101,1016,16,6.300000000000001,12.39,27.64
2023,4,4,20,30,1021,103,980,16.400000000000002,6.4,12.01,30.8
2023,4,4,21,30,989,105,874,16.400000000000002,6.4,11.71,38.99
2023,4,4,22,30,946,96,708,16,6.2,11.72,49.72
2023,4,4,23,30,871,82,496,15.200000000000001,5.5,12.46,61.6
2023,4,5,0,30,714,62,259,12.8,3.7,15.58,73.95
2023,4,5,1,30,270,27,44,9.600000000000001,2,27.61,86.3
2023,4,5,2,30,0,0,0,7.7,1.6,37.82,98.85000000000001
2023,4,5,3,30,0,0,0,6.9,1.4000000000000001,41.37,110.75
2023,4,5,4,30,0,0,0,6.300000000000001,1.3,43.76,121.78
2023,4,5,5,30,0,0,0,5.800000000000001,1.3,44.93,131.24
2023,4,5,6,30,0,0,0,5.5,1.3,44.77,137.97
2023,4,5,7,30,0,0,0,5.300000000000001,1.3,44.050000000000004,140.53
2023,4,5,8,30,0,0,0,5,1.3,43.33,138.12
2023,4,5,9,30,0,0,0,4.6000000000000005,1.3,43.51,131.48
2023,4,5,10,30,0,0,0,4,1.4000000000000001,44.42,122.09
2023,4,5,11,30,0,0,0,3.5,1.4000000000000001,45.65,111.09
2023,4,5,12,30,0,0,0,3.4000000000000004,1.5,45.67,99.2
2023,4,5,13,30,209,26,38,5.800000000000001,2,40.44,86.64
2023,4,5,14,30,673,63,245,10,2.4000000000000004,28.89,74.28
2023,4,5,15,30,842,81,478,13.4,2,18.59,61.9
2023,4,5,16,30,926,93,689,15.8,1.6,12.6,49.96
2023,4,5,17,30,968,102,853,17.3,1.6,11.450000000000001,39.11
2023,4,5,18,30,988,109,958,18.5,1.9000000000000001,11.21,30.72
2023,4,5,19,30,1002,105,996,19.5,2.2,11.26,27.26
2023,4,5,20,30,994,104,961,20.1,2.4000000000000004,11.44,30.490000000000002
2023,4,5,21,30,968,102,857,20.5,2.4000000000000004,11.6,38.75
2023,4,5,22,30,928,92,694,20.400000000000002,2.4000000000000004,12,49.54
2023,4,5,23,30,850,80,486,19.6,2.1,13.030000000000001,61.44
2023,4,6,0,30,689,61,253,16.900000000000002,1.4000000000000001,18.84,73.81
2023,4,6,1,30,260,27,44,13.600000000000001,1.2000000000000002,41.17,86.16
2023,4,6,2,30,0,0,0,11.8,1.3,40.29,98.69
2023,4,6,3,30,0,0,0,10.9,1.4000000000000001,40.96,110.56
2023,4,6,4,30,0,0,0,10.4,1.3,40.84,121.55
2023,4,6,5,30,0,0,0,9.700000000000001,1.2000000000000002,41.59,130.96
2023,4,6,6,30,0,0,0,8.8,1.2000000000000002,44.51,137.64000000000001
2023,4,6,7,30,0,0,0,8.200000000000001,1.5,45.65,140.15
2023,4,6,8,30,0,0,0,7.7,2,45.61,137.74
2023,4,6,9,30,0,0,0,7.2,2.5,46.52,131.13
2023,4,6,10,30,0,0,0,6.800000000000001,2.8000000000000003,46.29,121.76
2023,4,6,11,30,0,0,0,6.4,2.9000000000000004,45.99,110.79
2023,4,6,12,30,0,0,0,6.5,2.8000000000000003,45.28,98.92
2023,4,6,13,30,10,29,30,8.6,3,40.28,86.38
2023,4,6,14,30,361,119,218,12.3,2.9000000000000004,32.26,74.02
2023,4,6,15,30,264,257,382,16.3,2.4000000000000004,24.43,61.63
2023,4,6,16,30,381,301,548,19.8,2.1,16.77,49.67
2023,4,6,17,30,488,301,681,22.200000000000003,1.8,13.83,38.78
2023,4,6,18,30,783,231,907,24,1.4000000000000001,12.530000000000001,30.35
2023,4,6,19,30,716,236,875,25.400000000000002,1.2000000000000002,11.74,26.88
2023,4,6,20,30,744,224,867,26.200000000000003,1.4000000000000001,11.65,30.18
2023,4,6,21,30,592,252,715,26.200000000000003,1.9000000000000001,12.11,38.52
2023,4,6,22,30,412,285,553,25.3,2.1,13.11,49.35
2023,4,6,23,30,428,182,388,23.200000000000003,1.9000000000000001,16.28,61.29
2023,4,7,0,30,239,128,195,20.200000000000003,1.6,31.77,73.66
2023,4,7,1,30,20,37,38,17.6,1.6,38.64,86.02
2023,4,7,2,30,0,0,0,16.2,1.5,39.17,98.53
2023,4,7,3,30,0,0,0,15.100000000000001,1.4000000000000001,40.71,110.38
2023,4,7,4,30,0,0,0,14.200000000000001,1.4000000000000001,41.63,121.33
2023,4,7,5,30,0,0,0,13.600000000000001,1.3,41.75,130.69
2023,4,7,6,30,0,0,0,14,1.1,38.19,137.31
2023,4,7,7,30,0,0,0,14.5,0.8,33.06,139.78
2023,4,7,8,30,0,0,0,13.100000000000001,1,34.42,137.36
2023,4,7,9,30,0,0,0,10.8,1.4000000000000001,44.480000000000004,130.78
2023,4,7,10,30,0,0,0,9.600000000000001,1.6,50.72,121.44
2023,4,7,11,30,0,0,0,9.1,1.7000000000000002,53.99,110.5
2023,4,7,12,30,0,0,0,9.200000000000001,1.7000000000000002,54.79,98.65
2023,4,7,13,30,272,26,44,12,2.1,47.050000000000004,86.13
2023,4,7,14,30,693,58,252,16.400000000000002,2.8000000000000003,36.32,73.76
2023,4,7,15,30,845,77,482,20,3,24.87,61.36
2023,4,7,16,30,715,177,642,22.900000000000002,2.7,18.47,49.38
2023,4,7,17,30,567,288,732,25.1,2.2,15.22,38.46
2023,4,7,18,30,605,282,806,26.400000000000002,2.2,13.85,29.98
2023,4,7,19,30,253,469,695,26.8,2.4000000000000004,13.58,26.5
2023,4,7,20,30,751,241,892,26.8,2.5,13.6,29.87
2023,4,7,21,30,601,248,720,26.8,2.6,13.700000000000001,38.28
2023,4,7,22,30,624,213,621,26.700000000000003,2.6,13.73,49.17
2023,4,7,23,30,663,132,452,25.6,2.1,14.33,61.13
2023,4,8,0,30,650,66,250,22.3,1.5,23.72,73.52
2023,4,8,1,30,250,28,46,18.8,1.3,40.18,85.88
2023,4,8,2,30,0,0,0,17.400000000000002,1.4000000000000001,36.76,98.37
2023,4,8,3,30,0,0,0,16.900000000000002,1.4000000000000001,35.1,110.19
2023,4,8,4,30,0,0,0,16.3,1.4000000000000001,34.35,121.11
2023,4,8,5,30,0,0,0,15.9,1.2000000000000002,33.39,130.41
2023,4,8,6,30,0,0,0,15.8,1,32.04,136.97
2023,4,8,7,30,0,0,0,15.3,0.9,30.5,139.4
2023,4,8,8,30,0,0,0,13.9,1.1,33.21,136.98
2023,4,8,9,30,0,0,0,12.4,1.2000000000000002,37.19,130.42000000000002
2023,4,8,10,30,0,0,0,11.200000000000001,1.3,40.6,121.12
2023,4,8,11,30,0,0,0,10.5,1.3,42.410000000000004,110.2
2023,4,8,12,30,0,0,0,10.3,1.3,42.92,98.37
2023,4,8,13,30,115,32,40,12.700000000000001,1.5,39.53,85.87
2023,4,8,14,30,177,156,206,16.8,2,35.7,73.5
2023,4,8,15,30,778,97,473,20,1.9000000000000001,21.91,61.09
2023,4,8,16,30,852,117,675,22.200000000000003,1.5,17.53,49.09
2023,4,8,17,30,899,126,833,24,1.5,14.75,38.14
2023,4,8,18,30,925,130,934,25.5,1.6,12.76,29.61
2023,4,8,19,30,932,131,968,26.400000000000002,1.5,12.19,26.13
2023,4,8,20,30,425,362,732,26.8,1.5,12.21,29.560000000000002
2023,4,8,21,30,381,342,642,26.8,1.4000000000000001,12.59,38.06
2023,4,8,22,30,816,129,664,26.8,1.3,13.02,48.99
2023,4,8,23,30,798,87,474,26.200000000000003,1,14.02,60.980000000000004
2023,4,9,0,30,647,65,250,24.1,0.8,22.27,73.37
2023,4,9,1,30,261,29,48,21.900000000000002,0.7000000000000001,33.14,85.74
2023,4,9,2,30,0,0,0,21.200000000000003,0.7000000000000001,27.21,98.21000000000001
2023,4,9,3,30,0,0,0,21.3,0.7000000000000001,24.92,110.01
2023,4,9,4,30,0,0,0,21.200000000000003,0.6000000000000001,23.66,120.88
2023,4,9,5,30,0,0,0,20.5,0.7000000000000001,24.75,130.14000000000001
2023,4,9,6,30,0,0,0,19.6,0.7000000000000001,27.03,136.64000000000001
2023,4,9,7,30,0,0,0,18.5,0.8,29.72,139.03
2023,4,9,8,30,0,0,0,17.5,1,33.72,136.6
2023,4,9,9,30,0,0,0,16.5,1.1,36.57,130.07
2023,4,9,10,30,0,0,0,15.200000000000001,1.3,41.2,120.8
2023,4,9,11,30,0,0,0,14.100000000000001,1.3,44.410000000000004,109.91
2023,4,9,12,30,0,0,0,13.5,1.3,46.480000000000004,98.10000000000001
2023,4,9,13,30,135,32,42,15.5,1.5,43.59,85.62
2023,4,9,14,30,643,65,250,19.400000000000002,1.8,37.09,73.24
2023,4,9,15,30,804,84,476,23.1,1.5,24.29,60.82
2023,4,9,16,30,888,96,681,26.5,0.9,17.900000000000002,48.800000000000004
2023,4,9,17,30,943,98,843,28.8,0.7000000000000001,15.030000000000001,37.82
2023,4,9,18,30,978,96,949,30.3,0.7000000000000001,13.540000000000001,29.240000000000002
2023,4,9,19,30,987,97,986,31.3,1,12.71,25.75
2023,4,9,20,30,979,97,951,32,1.4000000000000001,12.280000000000001,29.25
2023,4,9,21,30,959,94,851,32.2,1.6,12.27,37.83
2023,4,9,22,30,922,85,692,31.900000000000002,1.7000000000000002,12.6,48.81
2023,4,9,23,30,849,73,487,30.8,1.5,13.84,60.83
2023,4,10,0,30,704,57,260,27.6,1.2000000000000002,21.96,73.23
2023,4,10,1,30,334,27,53,24.400000000000002,1.2000000000000002,37.42,85.60000000000001
2023,4,10,2,30,0,0,0,23.700000000000003,1.2000000000000002,32.11,98.04
2023,4,10,3,30,0,0,0,23.400000000000002,1.1,29.400000000000002,109.82000000000001
2023,4,10,4,30,0,0,0,22.200000000000003,1.1,30.41,120.66
2023,4,10,5,30,0,0,0,20.400000000000002,1.3,35,129.86
2023,4,10,6,30,0,0,0,18.6,1.7000000000000002,40.32,136.31
2023,4,10,7,30,0,0,0,17.3,2.7,44.29,138.66
2023,4,10,8,30,0,0,0,16.3,3.7,46.38,136.23
2023,4,10,9,30,0,0,0,15.600000000000001,4,47.47,129.73
2023,4,10,10,30,0,0,0,15.200000000000001,4,47.6,120.49000000000001
2023,4,10,11,30,0,0,0,14.9,3.9000000000000004,47.63,109.62
2023,4,10,12,30,0,0,0,15.3,3.7,45.88,97.83
2023,4,10,13,30,354,28,57,17.6,3.9000000000000004,39.61,85.37
2023,4,10,14,30,718,57,267,21.5,3.6,31.82,72.98
2023,4,10,15,30,861,74,497,25.8,3.1,25.310000000000002,60.56
2023,4,10,16,30,933,85,703,29.700000000000003,3,18.03,48.52
2023,4,10,17,30,968,94,862,32.300000000000004,3,14.64,37.5
2023,4,10,18,30,983,102,963,34,2.8000000000000003,13.32,28.88
2023,4,10,19,30,989,103,997,35.1,2.6,12.370000000000001,25.38
2023,4,10,20,30,969,109,957,35.7,2.4000000000000004,11.65,28.95
2023,4,10,21,30,930,112,849,35.9,2.1,11.120000000000001,37.6
2023,4,10,22,30,886,104,689,35.7,1.7000000000000002,10.950000000000001,48.64
2023,4,10,23,30,806,89,484,34.6,1,11.15,60.67
2023,4,11,0,30,646,68,256,31.900000000000002,0.7000000000000001,19.76,73.09
2023,4,11,1,30,272,29,51,28.6,1.1,29.080000000000002,85.46000000000001
2023,4,11,2,30,0,0,0,26,1.4000000000000001,28.98,97.88
2023,4,11,3,30,0,0,0,24.5,1.5,31.400000000000002,109.63
2023,4,11,4,30,0,0,0,23.8,1.5,32.28,120.44
2023,4,11,5,30,0,0,0,23.5,1.4000000000000001,31.87,129.59
2023,4,11,6,30,0,0,0,22.700000000000003,1.3,32.88,135.98
2023,4,11,7,30,0,0,0,20.900000000000002,1.3,37.82,138.29
2023,4,11,8,30,0,0,0,19.3,1.6,43.36,135.86
2023,4,11,9,30,0,0,0,18.2,2,45.78,129.38
2023,4,11,10,30,0,0,0,17.400000000000002,2.2,47.27,120.17
2023,4,11,11,30,0,0,0,16.900000000000002,2.3000000000000003,47.99,109.34
2023,4,11,12,30,0,0,0,17,2.3000000000000003,47.31,97.56
2023,4,11,13,30,297,30,55,19.6,3,41.26,85.12
2023,4,11,14,30,658,65,260,23.700000000000003,3.8000000000000003,32.95,72.73
2023,4,11,15,30,807,84,484,27.3,4.1000000000000005,26.25,60.300000000000004
2023,4,11,16,30,883,97,685,30.6,4.2,21.42,48.24
2023,4,11,17,30,937,100,846,33.300000000000004,4,18.01,37.19
2023,4,11,18,30,973,95,950,35,3.7,15.94,28.53
2023,4,11,19,30,982,96,986,36.1,3.5,14.49,25.02
2023,4,11,20,30,970,99,950,36.5,3.5,13.48,28.66
2023,4,11,21,30,942,98,847,36.5,3.5,12.6,37.38
2023,4,11,22,30,900,92,689,35.9,3.3000000000000003,12.030000000000001,48.46
2023,4,11,23,30,822,80,485,34.300000000000004,2.6,12.57,60.52
2023,4,12,0,30,669,62,258,30.400000000000002,1.6,21.67,72.94
2023,4,12,1,30,303,29,54,26.3,1.4000000000000001,36.47,85.31
2023,4,12,2,30,0,0,0,24.400000000000002,1.5,34.97,97.72
2023,4,12,3,30,0,0,0,23.200000000000003,1.5,35.24,109.45
2023,4,12,4,30,0,0,0,22,1.5,36.21,120.21000000000001
2023,4,12,5,30,0,0,0,21,1.5,37.1,129.31
2023,4,12,6,30,0,0,0,20.400000000000002,1.3,37.17,135.65
2023,4,12,7,30,0,0,0,20.200000000000003,1.1,35.89,137.92000000000002
2023,4,12,8,30,0,0,0,20.1,0.9,34.01,135.49
2023,4,12,9,30,0,0,0,19.3,1.1,34.05,129.04
2023,4,12,10,30,0,0,0,17.8,1.3,38.19,119.86
2023,4,12,11,30,0,0,0,16.400000000000002,1.4000000000000001,42.550000000000004,109.05
2023,4,12,12,30,0,0,0,16.1,1.3,43.92,97.3
2023,4,12,13,30,337,31,61,18.5,1.4000000000000001,40.910000000000004,84.88
2023,4,12,14,30,694,62,271,22.5,1.7000000000000002,33.76,72.48
2023,4,12,15,30,702,122,473,26,1.8,21.330000000000002,60.04
2023,4,12,16,30,430,303,591,29,2.2,16.26,47.97
2023,4,12,17,30,560,295,743,31.1,2.8000000000000003,13.69,36.88
2023,4,12,18,30,581,296,808,32.2,3.3000000000000003,12.64,28.17
2023,4,12,19,30,205,407,593,32.4,3.7,12.25,24.650000000000002
2023,4,12,20,30,114,431,531,32,3.7,12.02,28.36
2023,4,12,21,30,366,356,648,31.8,3.7,11.58,37.160000000000004
2023,4,12,22,30,284,279,468,31.700000000000003,3.6,11.09,48.29
2023,4,12,23,30,487,130,371,30.200000000000003,2.7,11.51,60.370000000000005
2023,4,13,0,30,124,93,130,26.900000000000002,1.6,22.42,72.8
2023,4,13,1,30,39,38,41,23.8,1.4000000000000001,34.57,85.17
2023,4,13,2,30,0,0,0,21.900000000000002,1.5,35.76,97.56
2023,4,13,3,30,0,0,0,20.6,1.7000000000000002,36.160000000000004,109.26
2023,4,13,4,30,0,0,0,19.700000000000003,1.7000000000000002,36.43,119.99000000000001
2023,4,13,5,30,0,0,0,18.900000000000002,1.5,38.81,129.04
2023,4,13,6,30,0,0,0,18.1,1.3,42.67,135.32
2023,4,13,7,30,0,0,0,17.2,1.3,45.88,137.56
2023,4,13,8,30,0,0,0,16.400000000000002,1.2000000000000002,48.300000000000004,135.13
2023,4,13,9,30,0,0,0,15.8,1.2000000000000002,50.5,128.7
2023,4,13,10,30,0,0,0,15.4,1.2000000000000002,51.01,119.55
2023,4,13,11,30,0,0,0,15.200000000000001,1.2000000000000002,53.050000000000004,108.77
2023,4,13,12,30,0,0,0,15.200000000000001,1.3,54.4,97.03
2023,4,13,13,30,9,44,45,17,1.9000000000000001,51.19,84.63
2023,4,13,14,30,200,133,194,19.900000000000002,2.7,41.12,72.23
2023,4,13,15,30,402,219,421,22.5,3,34.32,59.79
2023,4,13,16,30,174,274,391,24.6,3.4000000000000004,28.990000000000002,47.7
2023,4,13,17,30,387,347,658,25.900000000000002,3.9000000000000004,25.91,36.57
2023,4,13,18,30,854,172,927,26.700000000000003,4.3,24,27.82
2023,4,13,19,30,914,138,971,26.900000000000002,4.5,22.96,24.29
2023,4,13,20,30,447,346,740,26.8,4.6000000000000005,22.39,28.07
2023,4,13,21,30,362,345,634,26.400000000000002,4.6000000000000005,22.330000000000002,36.95
2023,4,13,22,30,311,291,499,25.900000000000002,4.3,22.46,48.120000000000005
2023,4,13,23,30,329,204,367,25.1,3.9000000000000004,22.73,60.230000000000004
2023,4,14,0,30,267,89,169,23,2.6,25.07,72.66
2023,4,14,1,30,24,46,48,19.900000000000002,1.6,36.81,85.03
2023,4,14,2,30,0,0,0,17.7,1.7000000000000002,42.02,97.4
2023,4,14,3,30,0,0,0,16.5,1.9000000000000001,42.21,109.07000000000001
2023,4,14,4,30,0,0,0,15.5,2.1,42.03,119.76
2023,4,14,5,30,0,0,0,14.4,2,43.88,128.76
2023,4,14,6,30,0,0,0,13.4,1.5,48.51,134.99
2023,4,14,7,30,0,0,0,12.600000000000001,1.3,53.38,137.19
2023,4,14,8,30,0,0,0,12,1.2000000000000002,56.49,134.76
2023,4,14,9,30,0,0,0,11.5,1.2000000000000002,58.86,128.36
2023,4,14,10,30,0,0,0,11.100000000000001,1.1,60.75,119.25
2023,4,14,11,30,0,0,0,10.700000000000001,1.1,62.910000000000004,108.49000000000001
2023,4,14,12,30,0,0,0,10.9,1.1,62.9,96.77
2023,4,14,13,30,78,44,52,13.100000000000001,1.7000000000000002,58.1,84.38
2023,4,14,14,30,560,89,262,16.3,2.3000000000000003,47.53,71.99
2023,4,14,15,30,722,119,485,18.8,2.2,39.36,59.54
2023,4,14,16,30,812,138,687,20.900000000000002,2.3000000000000003,32.13,47.43
2023,4,14,17,30,894,131,852,22.5,2.5,28.490000000000002,36.27
2023,4,14,18,30,957,113,962,23.8,2.6,25.7,27.47
2023,4,14,19,30,966,115,998,24.8,2.8000000000000003,23.150000000000002,23.93
2023,4,14,20,30,952,117,959,25.400000000000002,3.1,21.3,27.78
2023,4,14,21,30,917,119,854,25.400000000000002,3.3000000000000003,20.48,36.730000000000004
2023,4,14,22,30,869,110,692,25,3.4000000000000004,20.28,47.95
2023,4,14,23,30,790,95,489,24.1,3,20.8,60.08
2023,4,15,0,30,630,74,263,21.700000000000003,2,23.76,72.52
2023,4,15,1,30,252,35,57,18.6,1.1,39.7,84.88
2023,4,15,2,30,0,0,0,16.900000000000002,1.1,44.29,97.24000000000001
2023,4,15,3,30,0,0,0,16.3,1.2000000000000002,43.95,108.89
2023,4,15,4,30,0,0,0,16,1.2000000000000002,42.78,119.54
2023,4,15,5,30,0,0,0,15.8,1.1,41.550000000000004,128.49
2023,4,15,6,30,0,0,0,15.600000000000001,1,40.36,134.67000000000002
2023,4,15,7,30,0,0,0,15.3,0.7000000000000001,39.76,136.83
2023,4,15,8,30,0,0,0,15,0.4,39.89,134.4
2023,4,15,9,30,0,0,0,14.4,0.30000000000000004,41.34,128.02
2023,4,15,10,30,0,0,0,13.700000000000001,0.5,43.33,118.94
2023,4,15,11,30,0,0,0,13,0.7000000000000001,44.800000000000004,108.21000000000001
2023,4,15,12,30,0,0,0,12.600000000000001,0.7000000000000001,45.56,96.52
2023,4,15,13,30,280,37,66,14.3,1.1,43.6,84.14
2023,4,15,14,30,636,76,275,17.900000000000002,1.6,33.72,71.75
2023,4,15,15,30,796,96,503,21.5,1.4000000000000001,26.1,59.29
2023,4,15,16,30,879,110,708,24.3,1.1,20.5,47.160000000000004
2023,4,15,17,30,919,122,866,26.3,1,17.48,35.97
2023,4,15,18,30,936,132,965,27.8,1,15.63,27.12
2023,4,15,19,30,946,132,999,28.900000000000002,1.3,14.280000000000001,23.57
2023,4,15,20,30,940,129,963,29.5,1.6,13.42,27.490000000000002
2023,4,15,21,30,918,121,859,29.700000000000003,1.8,13.01,36.52
2023,4,15,22,30,875,110,698,29.400000000000002,1.8,12.98,47.78
2023,4,15,23,30,798,95,495,28.400000000000002,1.7000000000000002,13.66,59.93
2023,4,16,0,30,641,73,267,25.700000000000003,1.3,17.66,72.38
2023,4,16,1,30,272,34,59,22.400000000000002,1.1,35.81,84.74
2023,4,16,2,30,0,0,0,20.900000000000002,1.2000000000000002,34.65,97.08
2023,4,16,3,30,0,0,0,20.3,1.3,33.36,108.7
2023,4,16,4,30,0,0,0,19.3,1.4000000000000001,34.18,119.31
2023,4,16,5,30,0,0,0,17.900000000000002,1.4000000000000001,37.17,128.22
2023,4,16,6,30,0,0,0,16.7,1.5,39.93,134.34
2023,4,16,7,30,0,0,0,15.8,1.7000000000000002,41.17,136.48
2023,4,16,8,30,0,0,0,15.100000000000001,2.1,41.46,134.05
2023,4,16,9,30,0,0,0,14.4,2.5,40.87,127.69
2023,4,16,10,30,0,0,0,13.700000000000001,2.3000000000000003,39.980000000000004,118.64
2023,4,16,11,30,0,0,0,13.100000000000001,1.7000000000000002,41.18,107.94
2023,4,16,12,30,0,0,0,13.4,1.4000000000000001,41.22,96.26
2023,4,16,13,30,328,37,72,16.5,1.7000000000000002,36.6,83.9
2023,4,16,14,30,674,71,285,21,2.1,26.89,71.51
2023,4,16,15,30,822,90,513,24.8,2,18.26,59.050000000000004
2023,4,16,16,30,898,102,716,28,1.8,14.01,46.9
2023,4,16,17,30,945,106,874,29.900000000000002,1.9000000000000001,12.64,35.68
2023,4,16,18,30,977,105,977,31.200000000000003,2.1,11.950000000000001,26.78
2023,4,16,19,30,983,106,1009,31.900000000000002,2.2,11.61,23.22
2023,4,16,20,30,967,110,970,32.300000000000004,2.2,11.31,27.21
2023,4,16,21,30,874,146,850,32.300000000000004,2,11.18,36.31
2023,4,16,22,30,861,116,696,31.900000000000002,1.8,11.3,47.62
2023,4,16,23,30,791,98,496,30.900000000000002,1.4000000000000001,12.030000000000001,59.79
2023,4,17,0,30,628,76,268,28.5,1,15.88,72.24
2023,4,17,1,30,34,48,51,25.900000000000002,0.8,29.79,84.60000000000001
2023,4,17,2,30,0,0,0,24.6,0.9,26.25,96.92
2023,4,17,3,30,0,0,0,24,0.9,25.84,108.51
2023,4,17,4,30,0,0,0,23.5,1,25.41,119.09
2023,4,17,5,30,0,0,0,23,0.9,25.68,127.94
2023,4,17,6,30,0,0,0,22.1,0.9,26.64,134.02
2023,4,17,7,30,0,0,0,21,0.7000000000000001,27.84,136.12
2023,4,17,8,30,0,0,0,20,0.6000000000000001,29.12,133.69
2023,4,17,9,30,0,0,0,19.1,0.5,30.490000000000002,127.36
2023,4,17,10,30,0,0,0,18.1,0.7000000000000001,32.59,118.34
2023,4,17,11,30,0,0,0,17,1,35.04,107.67
2023,4,17,12,30,0,0,0,16.2,1.1,37.46,96.01
2023,4,17,13,30,298,40,73,17.8,1.5,38.49,83.67
2023,4,17,14,30,640,79,284,21.200000000000003,2,31.62,71.28
2023,4,17,15,30,793,98,509,24.3,2.1,22.29,58.81
2023,4,17,16,30,874,112,712,27.400000000000002,2.5,18.400000000000002,46.65
2023,4,17,17,30,923,119,871,29.6,2.9000000000000004,15.620000000000001,35.39
2023,4,17,18,30,951,120,972,30.900000000000002,3,14.41,26.44
2023,4,17,19,30,963,122,1009,31.700000000000003,3.1,13.44,22.87
2023,4,17,20,30,952,122,971,32.1,3.1,12.56,26.93
2023,4,17,21,30,923,119,865,32.2,3.1,11.98,36.11
2023,4,17,22,30,877,110,703,31.8,3,11.91,47.46
2023,4,17,23,30,799,96,500,30.700000000000003,2.5,12.31,59.65
2023,4,18,0,30,645,74,272,27.6,1.7000000000000002,16.38,72.10000000000001
2023,4,18,1,30,281,36,63,23.8,1.3,34.28,84.46000000000001
2023,4,18,2,30,0,0,0,21.700000000000003,1.5,34.09,96.76
2023,4,18,3,30,0,0,0,20.200000000000003,1.6,35.89,108.32000000000001
2023,4,18,4,30,0,0,0,18.900000000000002,1.9000000000000001,37.24,118.86
2023,4,18,5,30,0,0,0,17.8,2.1,38.1,127.67
2023,4,18,6,30,0,0,0,16.6,2.1,40.18,133.7
2023,4,18,7,30,0,0,0,15.4,1.8,44.22,135.77
2023,4,18,8,30,0,0,0,14.4,1.5,48.83,133.34
2023,4,18,9,30,0,0,0,13.9,1.3,51.82,127.03
2023,4,18,10,30,0,0,0,13.5,1.2000000000000002,53.11,118.05
2023,4,18,11,30,0,0,0,12.8,1.3,55.2,107.4
2023,4,18,12,30,0,0,0,13.100000000000001,1.4000000000000001,53.4,95.76
2023,4,18,13,30,317,41,77,16,2.1,45.37,83.44
2023,4,18,14,30,268,161,248,19.700000000000003,3,34.4,71.04
2023,4,18,15,30,787,100,510,22.400000000000002,3.4000000000000004,32.160000000000004,58.58
2023,4,18,16,30,861,116,710,24.6,3.7,28.28,46.4
2023,4,18,17,30,654,270,805,26.400000000000002,3.9000000000000004,23.95,35.1
2023,4,18,18,30,603,328,869,27.900000000000002,3.8000000000000003,20.43,26.11
2023,4,18,19,30,709,281,936,29,3.7,17.82,22.52
2023,4,18,20,30,682,278,888,29.6,3.7,16.29,26.650000000000002
2023,4,18,21,30,589,315,792,29.8,3.7,15.47,35.910000000000004
2023,4,18,22,30,665,215,666,29.3,3.7,15.52,47.300000000000004
2023,4,18,23,30,590,172,471,28.3,3.4000000000000004,16,59.5
2023,4,19,0,30,191,155,214,25.5,2.4000000000000004,18.94,71.97
2023,4,19,1,30,62,45,51,21.900000000000002,1.7000000000000002,32.54,84.32000000000001
2023,4,19,2,30,0,0,0,19.700000000000003,1.8,35.9,96.59
2023,4,19,3,30,0,0,0,18.3,1.9000000000000001,35.84,108.14
2023,4,19,4,30,0,0,0,17.3,1.8,36.300000000000004,118.64
2023,4,19,5,30,0,0,0,16.6,1.6,37.550000000000004,127.4
2023,4,19,6,30,0,0,0,16,1.4000000000000001,40.11,133.38
2023,4,19,7,30,0,0,0,15.5,1.2000000000000002,43.7,135.42000000000002
2023,4,19,8,30,0,0,0,15,1.2000000000000002,46.43,132.99
2023,4,19,9,30,0,0,0,14.5,1.3,48.26,126.71000000000001
2023,4,19,10,30,0,0,0,14,1.3,49.97,117.75
2023,4,19,11,30,0,0,0,13.4,1.3,52.480000000000004,107.13
2023,4,19,12,30,0,0,0,13.200000000000001,1.4000000000000001,53.54,95.51
2023,4,19,13,30,267,45,77,15.200000000000001,2.2,48.56,83.21000000000001
2023,4,19,14,30,621,86,290,18.7,3.1,36.93,70.82000000000001
2023,4,19,15,30,790,105,520,21.400000000000002,3.5,28.68,58.34
2023,4,19,16,30,887,115,729,23.3,3.9000000000000004,21.3,46.15
2023,4,19,17,30,940,118,890,24.700000000000003,4.3,16.14,34.82
2023,4,19,18,30,971,122,996,25.8,4.7,12.870000000000001,25.78
2023,4,19,19,30,973,127,1028,26.5,4.9,11.01,22.17
2023,4,19,20,30,953,132,986,26.700000000000003,5,10.21,26.38
2023,4,19,21,30,914,136,878,26.400000000000002,5,10.120000000000001,35.71
2023,4,19,22,30,865,126,714,25.8,4.7,10.27,47.14
2023,4,19,23,30,572,194,486,24.8,4,10.58,59.36
2023,4,20,0,30,377,143,261,22.400000000000002,2.6,13.040000000000001,71.83
2023,4,20,1,30,51,51,56,19.5,1.5,26.5,84.17
2023,4,20,2,30,0,0,0,17.8,1.4000000000000001,32.5,96.43
2023,4,20,3,30,0,0,0,17.1,1.4000000000000001,33.89,107.95
2023,4,20,4,30,0,0,0,16.3,1.4000000000000001,36.12,118.42
2023,4,20,5,30,0,0,0,15.600000000000001,1.3,38.69,127.13000000000001
2023,4,20,6,30,0,0,0,15,1.2000000000000002,40.86,133.07
2023,4,20,7,30,0,0,0,14.3,1.1,43.38,135.08
2023,4,20,8,30,0,0,0,13.5,1.2000000000000002,44.96,132.65
2023,4,20,9,30,0,0,0,12.9,1.5,43.74,126.39
2023,4,20,10,30,0,0,0,12.4,2.2,42.56,117.46000000000001
2023,4,20,11,30,0,0,0,11.8,3.2,42.36,106.87
2023,4,20,12,30,0,0,0,11.5,3.9000000000000004,42.45,95.27
2023,4,20,13,30,355,43,86,13.100000000000001,4.2,38.97,82.98
2023,4,20,14,30,689,75,304,17.2,4.3,28.29,70.59
2023,4,20,15,30,839,91,534,21.5,3.5,17.490000000000002,58.120000000000005
2023,4,20,16,30,917,101,739,24.400000000000002,1.9000000000000001,12.44,45.910000000000004
2023,4,20,17,30,954,110,896,26.3,1.1,10.67,34.550000000000004
2023,4,20,18,30,970,118,994,27.8,1.6,9.51,25.45
2023,4,20,19,30,987,116,1032,28.8,2.6,9.09,21.830000000000002
2023,4,20,20,30,980,114,994,29.5,3.1,8.76,26.11
2023,4,20,21,30,956,111,889,29.700000000000003,3.2,8.66,35.51
2023,4,20,22,30,917,100,726,29.6,3.2,8.790000000000001,46.980000000000004
2023,4,20,23,30,845,87,519,28.8,3,9.32,59.22
2023,4,21,0,30,699,68,288,25.8,2,12.030000000000001,71.69
2023,4,21,1,30,345,37,73,21.5,1.4000000000000001,30.04,84.03
2023,4,21,2,30,0,0,0,19.1,1.5,32,96.27
2023,4,21,3,30,0,0,0,17.900000000000002,1.6,32.660000000000004,107.76
2023,4,21,4,30,0,0,0,16.900000000000002,1.7000000000000002,33.69,118.19
2023,4,21,5,30,0,0,0,16.1,1.8,35.11,126.87
2023,4,21,6,30,0,0,0,15.5,2,36.47,132.75
2023,4,21,7,30,0,0,0,15,2.7,36.88,134.73
2023,4,21,8,30,0,0,0,14.3,3.3000000000000003,38.36,132.31
2023,4,21,9,30,0,0,0,13.600000000000001,3.5,40.43,126.07000000000001
2023,4,21,10,30,0,0,0,13.200000000000001,3.7,40.77,117.18
2023,4,21,11,30,0,0,0,12.8,3.7,39.92,106.61
2023,4,21,12,30,0,0,0,13,3.8000000000000003,37.22,95.03
2023,4,21,13,30,447,39,95,15,3.9000000000000004,31.76,82.75
2023,4,21,14,30,751,64,316,18.900000000000002,3.4000000000000004,24.86,70.37
2023,4,21,15,30,876,79,545,23.700000000000003,2.3000000000000003,18.62,57.89
2023,4,21,16,30,939,89,745,27.400000000000002,1.1,11.17,45.67
2023,4,21,17,30,979,94,903,29.3,0.8,9.19,34.27
2023,4,21,18,30,1001,96,1002,30.700000000000003,1.4000000000000001,8.540000000000001,25.13
2023,4,21,19,30,1005,95,1030,31.5,2.1,8.53,21.490000000000002
2023,4,21,20,30,991,98,990,32,2.6,8.620000000000001,25.85
2023,4,21,21,30,961,100,884,32.2,2.8000000000000003,8.84,35.32
2023,4,21,22,30,922,91,722,31.900000000000002,2.8000000000000003,9.34,46.83
2023,4,21,23,30,851,80,517,31,2.7,10.14,59.08
2023,4,22,0,30,711,63,288,28,1.9000000000000001,13.18,71.56
2023,4,22,1,30,376,35,75,24,1.3,30.3,83.89
2023,4,22,2,30,0,0,0,21.700000000000003,1.4000000000000001,31.89,96.11
2023,4,22,3,30,0,0,0,20.6,1.5,32.99,107.58
2023,4,22,4,30,0,0,0,19.8,1.4000000000000001,34.39,117.97
2023,4,22,5,30,0,0,0,19.1,1.3,36.15,126.60000000000001
2023,4,22,6,30,0,0,0,18.400000000000002,1.2000000000000002,38.29,132.44
2023,4,22,7,30,0,0,0,17.900000000000002,1.1,39.93,134.39000000000001
2023,4,22,8,30,0,0,0,17.3,1,41.19,131.97
2023,4,22,9,30,0,0,0,16.7,1.1,42.61,125.76
2023,4,22,10,30,0,0,0,16.400000000000002,1.3,43.230000000000004,116.89
2023,4,22,11,30,0,0,0,16.2,1.8,43.35,106.35000000000001
2023,4,22,12,30,0,0,0,16.3,2.7,43.660000000000004,94.79
2023,4,22,13,30,402,39,91,18.2,3.5,41.17,82.54
2023,4,22,14,30,693,68,303,21.900000000000002,3.6,33.38,70.16
2023,4,22,15,30,821,85,524,26.1,3.2,25.48,57.67
2023,4,22,16,30,889,97,721,29.1,2.1,20.47,45.43
2023,4,22,17,30,925,107,874,31,1.2000000000000002,17.93,34.01
2023,4,22,18,30,937,115,966,32.300000000000004,1.7000000000000002,16.26,24.810000000000002
2023,4,22,19,30,940,119,996,33.1,2.6,15.38,21.16
2023,4,22,20,30,785,210,918,33.5,3.2,14.870000000000001,25.580000000000002
2023,4,22,21,30,554,318,771,33.6,3.5,14.75,35.13
2023,4,22,22,30,699,190,670,33.300000000000004,3.6,15.06,46.67
2023,4,22,23,30,703,127,490,32.4,3.3000000000000003,15.540000000000001,58.95
2023,4,23,0,30,443,98,239,29.700000000000003,2.3000000000000003,18.62,71.42
2023,4,23,1,30,15,45,47,26.200000000000003,1.5,33.03,83.75
2023,4,23,2,30,0,0,0,24.1,1.5,36.37,95.95
2023,4,23,3,30,0,0,0,22.900000000000002,1.6,37.71,107.39
2023,4,23,4,30,0,0,0,21.5,1.6,40,117.75
2023,4,23,5,30,0,0,0,20.400000000000002,1.4000000000000001,42.06,126.33
2023,4,23,6,30,0,0,0,19.8,1.3,43.300000000000004,132.13
2023,4,23,7,30,0,0,0,19.6,1.2000000000000002,43.1,134.06
2023,4,23,8,30,0,0,0,19.1,1.1,43.71,131.64000000000001
2023,4,23,9,30,0,0,0,18.2,1.1,45.93,125.45
2023,4,23,10,30,0,0,0,17.3,1.2000000000000002,48.370000000000005,116.61
2023,4,23,11,30,0,0,0,16.7,1.3,49.44,106.10000000000001
2023,4,23,12,30,0,0,0,17.2,1.4000000000000001,47.01,94.56
2023,4,23,13,30,7,66,67,19.400000000000002,2.1,41.86,82.32000000000001
2023,4,23,14,30,156,189,243,22.400000000000002,2.6,32.88,69.94
2023,4,23,15,30,617,164,496,25.3,2.3000000000000003,26.490000000000002,57.46
2023,4,23,16,30,839,125,716,28.200000000000003,2,21.02,45.2
2023,4,23,17,30,890,130,870,30.400000000000002,1.9000000000000001,17.31,33.75
2023,4,23,18,30,921,129,967,31.8,2,15.67,24.5
2023,4,23,19,30,925,131,996,32.800000000000004,2.2,15.43,20.830000000000002
2023,4,23,20,30,909,132,954,33.4,2.5,15.59,25.330000000000002
2023,4,23,21,30,872,134,849,33.5,2.7,15.98,34.94
2023,4,23,22,30,814,128,688,33.2,2.7,16.67,46.52
2023,4,23,23,30,719,115,487,32.4,2.4000000000000004,17.650000000000002,58.81
2023,4,24,0,30,548,90,266,30.1,1.5,20.39,71.29
2023,4,24,1,30,200,44,66,27.700000000000003,0.7000000000000001,34.95,83.61
2023,4,24,2,30,0,0,0,26.700000000000003,0.7000000000000001,31,95.79
2023,4,24,3,30,0,0,0,25.3,1,31.04,107.2
2023,4,24,4,30,0,0,0,22.900000000000002,1.6,35.84,117.53
2023,4,24,5,30,0,0,0,21.200000000000003,1.8,37.14,126.07000000000001
2023,4,24,6,30,0,0,0,19.900000000000002,1.7000000000000002,35.300000000000004,131.83
2023,4,24,7,30,0,0,0,18.8,1.4000000000000001,36.980000000000004,133.73
2023,4,24,8,30,0,0,0,18.2,1.1,39.53,131.31
2023,4,24,9,30,0,0,0,18.5,0.7000000000000001,38.37,125.15
2023,4,24,10,30,0,0,0,18.5,0.6000000000000001,34.12,116.34
2023,4,24,11,30,0,0,0,17.400000000000002,1,35.17,105.85000000000001
2023,4,24,12,30,0,0,0,16.900000000000002,1.2000000000000002,37.25,94.33
2023,4,24,13,30,360,47,96,19.200000000000003,1.7000000000000002,36.92,82.11
2023,4,24,14,30,654,81,308,23,2,24.7,69.73
2023,4,24,15,30,768,112,527,26.1,1.9000000000000001,17.67,57.25
2023,4,24,16,30,786,157,713,28.6,2.1,15.1,44.980000000000004
2023,4,24,17,30,660,278,828,30.200000000000003,2.4000000000000004,14.030000000000001,33.49
2023,4,24,18,30,428,394,784,31.200000000000003,2.7,13.48,24.19
2023,4,24,19,30,277,486,745,31.700000000000003,2.9000000000000004,13.33,20.5
2023,4,24,20,30,178,450,611,31.700000000000003,3.1,13.58,25.07
2023,4,24,21,30,520,291,718,31.400000000000002,3.1,14.27,34.75
2023,4,24,22,30,575,234,631,31,2.9000000000000004,15.120000000000001,46.37
2023,4,24,23,30,713,119,490,30.6,2.5,16.1,58.68
2023,4,25,0,30,470,109,261,28.400000000000002,1.6,19.29,71.15
2023,4,25,1,30,202,45,68,25,1,35.7,83.47
2023,4,25,2,30,0,0,0,23,1.2000000000000002,37.52,95.63
2023,4,25,3,30,0,0,0,21.900000000000002,1.4000000000000001,38.36,107.02
2023,4,25,4,30,0,0,0,20.8,1.7000000000000002,39.14,117.31
2023,4,25,5,30,0,0,0,19.8,1.8,39.910000000000004,125.81
2023,4,25,6,30,0,0,0,18.8,1.7000000000000002,41.800000000000004,131.52
2023,4,25,7,30,0,0,0,17.8,1.6,44.56,133.4
2023,4,25,8,30,0,0,0,17,1.4000000000000001,46.74,130.98
2023,4,25,9,30,0,0,0,16.5,1.3,48.300000000000004,124.84
2023,4,25,10,30,0,0,0,16.3,1.2000000000000002,48.56,116.06
2023,4,25,11,30,0,0,0,16,1.1,48.99,105.60000000000001
2023,4,25,12,30,0,0,0,16.1,1,48.43,94.10000000000001
2023,4,25,13,30,270,53,91,18.3,1.6,45.730000000000004,81.9
2023,4,25,14,30,581,96,299,21.8,2.1,33.230000000000004,69.53
2023,4,25,15,30,734,121,520,25,1.8,26.35,57.04
2023,4,25,16,30,817,138,718,27.6,1.9000000000000001,22.68,44.76
2023,4,25,17,30,864,146,869,29.5,2.6,20.37,33.24
2023,4,25,18,30,884,155,963,31,3.3000000000000003,18.52,23.88
2023,4,25,19,30,880,164,990,31.900000000000002,3.9000000000000004,17.37,20.17
2023,4,25,20,30,870,161,951,32.300000000000004,4.5,16.78,24.82
2023,4,25,21,30,843,155,849,32.300000000000004,4.9,16.65,34.57
2023,4,25,22,30,784,148,690,31.8,5.1000000000000005,16.8,46.22
2023,4,25,23,30,687,129,488,30.900000000000002,4.7,17.03,58.54
2023,4,26,0,30,522,99,269,28.5,3.3000000000000003,19.01,71.02
2023,4,26,1,30,197,47,70,24.8,1.9000000000000001,28.650000000000002,83.33
2023,4,26,2,30,0,0,0,22.3,1.7000000000000002,34.9,95.47
2023,4,26,3,30,0,0,0,21.200000000000003,1.7000000000000002,35.68,106.83
2023,4,26,4,30,0,0,0,20.200000000000003,1.5,35.82,117.09
2023,4,26,5,30,0,0,0,18.900000000000002,1.2000000000000002,36.31,125.54
2023,4,26,6,30,0,0,0,17.400000000000002,1.1,38.38,131.22
2023,4,26,7,30,0,0,0,16.2,1.2000000000000002,40.51,133.07
2023,4,26,8,30,0,0,0,15.700000000000001,1.6,41.61,130.66
2023,4,26,9,30,0,0,0,15.5,2,41.46,124.55
2023,4,26,10,30,0,0,0,15,2.1,42.19,115.8
2023,4,26,11,30,0,0,0,14.3,2.1,43.480000000000004,105.36
2023,4,26,12,30,0,0,0,14.5,2.6,42.03,93.88
2023,4,26,13,30,387,48,104,16.6,3.2,36.27,81.69
2023,4,26,14,30,684,82,323,20.5,3.5,27.09,69.33
2023,4,26,15,30,819,101,549,24.400000000000002,3.3000000000000003,18.06,56.84
2023,4,26,16,30,896,114,753,27,2.3000000000000003,13.89,44.54
2023,4,26,17,30,945,120,913,28.8,1.3,11.88,32.99
2023,4,26,18,30,974,119,1012,30.3,1,10.39,23.59
2023,4,26,19,30,983,118,1043,31.3,1.5,9.57,19.85
2023,4,26,20,30,963,123,999,31.900000000000002,2.1,9.19,24.57
2023,4,26,21,30,924,126,888,32.1,2.3000000000000003,9.05,34.39
2023,4,26,22,30,884,114,727,31.8,2.2,9.23,46.08
2023,4,26,23,30,808,97,520,31.1,1.9000000000000001,9.75,58.410000000000004
2023,4,27,0,30,664,76,293,28.6,1.3,11.8,70.89
2023,4,27,1,30,337,41,81,25.1,1.1,30.67,83.19
2023,4,27,2,30,0,0,0,23.200000000000003,1.2000000000000002,29.09,95.31
2023,4,27,3,30,0,0,0,22.8,1.1,27.27,106.65
2023,4,27,4,30,0,0,0,22.700000000000003,0.8,25.13,116.87
2023,4,27,5,30,0,0,0,22.200000000000003,0.6000000000000001,23.88,125.28
2023,4,27,6,30,0,0,0,21.1,0.8,25.22,130.92000000000002
2023,4,27,7,30,0,0,0,19.700000000000003,1,28.29,132.75
2023,4,27,8,30,0,0,0,18.1,1.2000000000000002,32.49,130.34
2023,4,27,9,30,0,0,0,16.5,1.5,37.53,124.25
2023,4,27,10,30,0,0,0,15.5,1.9000000000000001,41,115.53
2023,4,27,11,30,0,0,0,14.9,2.2,42.56,105.12
2023,4,27,12,30,0,0,0,15.600000000000001,2.5,40.230000000000004,93.66
2023,4,27,13,30,399,48,107,18.7,3,33.2,81.49
2023,4,27,14,30,687,80,325,23,2.8000000000000003,24.46,69.13
2023,4,27,15,30,814,102,550,27.1,1.5,18.330000000000002,56.64
2023,4,27,16,30,883,115,747,30.3,1,12.47,44.33
2023,4,27,17,30,923,125,901,32.1,1.6,10.52,32.75
2023,4,27,18,30,942,131,996,33.300000000000004,2.2,9.88,23.29
2023,4,27,19,30,947,133,1026,34,2.6,9.51,19.53
2023,4,27,20,30,941,130,987,34.5,2.9000000000000004,9.21,24.330000000000002
2023,4,27,21,30,919,124,884,34.5,3.1,9.17,34.21
2023,4,27,22,30,871,114,720,34.2,3.2,9.32,45.93
2023,4,27,23,30,795,99,517,33.300000000000004,3.1,9.5,58.28
2023,4,28,0,30,656,77,293,30.400000000000002,2.2,11.99,70.76
2023,4,28,1,30,336,41,82,26.400000000000002,1.5,25.94,83.05
2023,4,28,2,30,0,0,0,24,1.5,27.91,95.15
2023,4,28,3,30,0,0,0,22.700000000000003,1.6,28.86,106.46000000000001
2023,4,28,4,30,0,0,0,21.6,1.6,29.68,116.65
2023,4,28,5,30,0,0,0,20.700000000000003,1.6,30.12,125.03
2023,4,28,6,30,0,0,0,20.3,1.4000000000000001,30.59,130.62
2023,4,28,7,30,0,0,0,19.8,1.1,31.7,132.43
2023,4,28,8,30,0,0,0,18.7,0.8,35.5,130.03
2023,4,28,9,30,0,0,0,17.7,0.8,39.45,123.96000000000001
2023,4,28,10,30,0,0,0,17.1,0.7000000000000001,41.59,115.27
2023,4,28,11,30,0,0,0,16.6,0.7000000000000001,42.64,104.88
2023,4,28,12,30,0,0,0,17.2,0.9,40.59,93.45
2023,4,28,13,30,403,46,107,20,1.8,36.86,81.29
2023,4,28,14,30,680,78,322,24.200000000000003,2.9000000000000004,25.26,68.94
2023,4,28,15,30,808,97,544,28,3.6,18.88,56.44
2023,4,28,16,30,882,110,743,31,3.6,15.77,44.12
2023,4,28,17,30,931,114,899,33.1,2.9000000000000004,13.81,32.51
2023,4,28,18,30,963,113,999,34.800000000000004,2.2,11.9,23
2023,4,28,19,30,979,110,1034,35.9,1.7000000000000002,10.200000000000001,19.22
2023,4,28,20,30,972,110,997,36.5,1.6,8.9,24.09
2023,4,28,21,30,948,109,895,36.6,1.8,8.07,34.04
2023,4,28,22,30,917,97,736,36.300000000000004,1.9000000000000001,7.65,45.79
2023,4,28,23,30,860,81,535,35.4,1.8,7.69,58.15
2023,4,29,0,30,746,63,310,32.7,1.3,10.200000000000001,70.63
2023,4,29,1,30,462,36,93,29.1,1.1,25.92,82.91
2023,4,29,2,30,0,0,0,26.3,1.4000000000000001,25.04,95
2023,4,29,3,30,0,0,0,24.3,1.7000000000000002,26.92,106.28
2023,4,29,4,30,0,0,0,22.900000000000002,2.7,27.26,116.43
2023,4,29,5,30,0,0,0,21.900000000000002,3.9000000000000004,26.29,124.77
2023,4,29,6,30,0,0,0,20.700000000000003,4.6000000000000005,26.830000000000002,130.33
2023,4,29,7,30,0,0,0,19.400000000000002,4.7,29.25,132.12
2023,4,29,8,30,0,0,0,18.3,4.4,32.21,129.72
2023,4,29,9,30,0,0,0,17.5,4.1000000000000005,34.06,123.68
2023,4,29,10,30,0,0,0,17,3.9000000000000004,34.27,115.01
2023,4,29,11,30,0,0,0,16.6,3.8000000000000003,34.09,104.65
2023,4,29,12,30,0,0,0,17.1,4,32.17,93.24
2023,4,29,13,30,520,41,122,19.700000000000003,4.2,26.95,81.09
2023,4,29,14,30,771,65,344,24,4.1000000000000005,21.04,68.75
2023,4,29,15,30,881,80,569,28.5,3.9000000000000004,16.04,56.25
2023,4,29,16,30,941,89,767,31.700000000000003,3.5,12.540000000000001,43.92
2023,4,29,17,30,966,101,918,33.9,2.8000000000000003,10.370000000000001,32.28
2023,4,29,18,30,973,114,1011,35.5,2.1,9.03,22.72
2023,4,29,19,30,980,114,1041,36.6,1.7000000000000002,8.24,18.91
2023,4,29,20,30,970,114,1001,37.2,1.4000000000000001,7.8100000000000005,23.85
2023,4,29,21,30,943,112,895,37.300000000000004,1.2000000000000002,7.66,33.86
2023,4,29,22,30,903,103,734,36.9,1,7.71,45.65
2023,4,29,23,30,832,90,531,36,0.9,8.08,58.02
2023,4,30,0,30,698,71,304,33.4,0.7000000000000001,10.18,70.5
2023,4,30,1,30,390,40,89,30.400000000000002,0.7000000000000001,23.25,82.78
2023,4,30,2,30,0,0,0,29.200000000000003,0.7000000000000001,20.72,94.84
2023,4,30,3,30,0,0,0,29,0.6000000000000001,18.47,106.10000000000001
2023,4,30,4,30,0,0,0,28,0.9,17.400000000000002,116.22
2023,4,30,5,30,0,0,0,26.1,1.2000000000000002,20.69,124.52
2023,4,30,6,30,0,0,0,24,1.4000000000000001,25.04,130.04
2023,4,30,7,30,0,0,0,22.3,1.4000000000000001,28.62,131.81
2023,4,30,8,30,0,0,0,21.1,1.3,31.34,129.41
2023,4,30,9,30,0,0,0,20.1,1.3,33.980000000000004,123.39
2023,4,30,10,30,0,0,0,19.200000000000003,1.3,36.53,114.76
2023,4,30,11,30,0,0,0,18.400000000000002,1.3,38.45,104.43
2023,4,30,12,30,0,0,0,18.8,1.4000000000000001,37.13,93.03
2023,4,30,13,30,142,76,98,22.1,2,32.69,80.9
2023,4,30,14,30,547,115,315,26.3,2.6,22.42,68.56
2023,4,30,15,30,313,290,465,29.6,2.3000000000000003,16.15,56.07
2023,4,30,16,30,659,229,705,32.800000000000004,2,12.34,43.730000000000004
2023,4,30,17,30,606,267,781,35.300000000000004,2,9.950000000000001,32.06
2023,4,30,18,30,754,262,959,37,2.1,8.86,22.44
2023,4,30,19,30,675,303,943,38,2.3000000000000003,8.36,18.61
2023,4,30,20,30,790,219,943,38.6,2.3000000000000003,8.120000000000001,23.62
2023,4,30,21,30,742,216,833,38.6,2.3000000000000003,8.16,33.69
2023,4,30,22,30,500,268,618,38,2.2,8.45,45.51
2023,4,30,23,30,126,232,299,36.5,1.8,9.05,57.89
2023,5,1,0,30,415,115,254,33.5,1.3,16.06,70.37
2023,5,1,1,30,256,50,83,30.3,1.3,27.67,82.64
2023,5,1,2,30,0,0,0,28.200000000000003,1.4000000000000001,27.810000000000002,94.68
2023,5,1,3,30,0,0,0,26.8,1.5,29.400000000000002,105.92
2023,5,1,4,30,0,0,0,25.3,1.5,30.84,116.01
2023,5,1,5,30,0,0,0,23.900000000000002,1.5,32.24,124.27
2023,5,1,6,30,0,0,0,22.8,1.5,33.13,129.75
2023,5,1,7,30,0,0,0,22.1,1.4000000000000001,34.34,131.5
2023,5,1,8,30,0,0,0,22.1,1.2000000000000002,35.17,129.11
2023,5,1,9,30,0,0,0,22.700000000000003,0.8,35.1,123.12
2023,5,1,10,30,0,0,0,22.200000000000003,0.7000000000000001,34.12,114.51
2023,5,1,11,30,0,0,0,20.700000000000003,1.1,41.08,104.2
2023,5,1,12,30,0,0,0,20.700000000000003,1.3,40.69,92.83
2023,5,1,13,30,364,53,112,23,2.1,35.79,80.72
2023,5,1,14,30,469,125,298,26.1,3.1,25.7,68.38
2023,5,1,15,30,247,198,337,28.900000000000002,3.8000000000000003,21.57,55.89
2023,5,1,16,30,739,171,707,31.200000000000003,4.4,18.85,43.54
2023,5,1,17,30,894,131,890,32.800000000000004,4.9,16.69,31.84
2023,5,1,18,30,915,136,983,34,5.300000000000001,15.120000000000001,22.16
2023,5,1,19,30,918,140,1012,34.6,5.800000000000001,13.96,18.31
2023,5,1,20,30,901,146,973,34.7,6.300000000000001,12.870000000000001,23.39
2023,5,1,21,30,847,156,862,34.300000000000004,6.6000000000000005,12.02,33.53
2023,5,1,22,30,693,194,681,33.5,6.800000000000001,11.700000000000001,45.37
2023,5,1,23,30,706,130,507,32.1,6.6000000000000005,12.290000000000001,57.76
2023,5,2,0,30,525,110,287,29.8,5.800000000000001,14.05,70.24
2023,5,2,1,30,255,51,84,26.900000000000002,4.5,17.51,82.5
2023,5,2,2,30,0,0,0,24.700000000000003,3.4000000000000004,22.1,94.53
2023,5,2,3,30,0,0,0,23.3,2.7,26.400000000000002,105.74000000000001
2023,5,2,4,30,0,0,0,22.1,2.2,31.25,115.79
2023,5,2,5,30,0,0,0,20.5,1.7000000000000002,37.45,124.02
2023,5,2,6,30,0,0,0,19,1.4000000000000001,43.33,129.47
2023,5,2,7,30,0,0,0,18.1,1.3,46.62,131.2
2023,5,2,8,30,0,0,0,17.3,1.2000000000000002,49.13,128.82
2023,5,2,9,30,0,0,0,16.8,1.1,50.51,122.85000000000001
2023,5,2,10,30,0,0,0,16.3,1.1,51.57,114.27
2023,5,2,11,30,0,0,0,15.8,1.1,52.65,103.98
2023,5,2,12,30,0,0,0,16.5,1.3,49.89,92.63
2023,5,2,13,30,302,61,111,19.400000000000002,2.2,43.03,80.53
2023,5,2,14,30,596,102,323,22.5,3.3000000000000003,33.730000000000004,68.21000000000001
2023,5,2,15,30,745,124,544,24.8,3.9000000000000004,29.45,55.71
2023,5,2,16,30,826,139,740,26.900000000000002,4.3,25.37,43.35
2023,5,2,17,30,866,152,889,28.700000000000003,4.3,22.09,31.62
2023,5,2,18,30,881,162,979,30.1,4.2,19.61,21.900000000000002
2023,5,2,19,30,884,165,1006,31.200000000000003,4,17.75,18.01
2023,5,2,20,30,879,162,970,31.900000000000002,3.7,16.57,23.16
2023,5,2,21,30,860,148,866,32.1,3.5,16.14,33.36
2023,5,2,22,30,792,147,705,31.900000000000002,3.3000000000000003,16.240000000000002,45.24
2023,5,2,23,30,734,116,509,31.1,3.1,16.84,57.64
2023,5,3,0,30,577,93,289,29.1,2.3000000000000003,18.75,70.11
2023,5,3,1,30,134,62,80,25.6,1.6,29.16,82.36
2023,5,3,2,30,0,0,0,23.1,1.9000000000000001,33.56,94.37
2023,5,3,3,30,0,0,0,22,2.4000000000000004,31.34,105.56
2023,5,3,4,30,0,0,0,20.700000000000003,2.6,30.32,115.58
2023,5,3,5,30,0,0,0,19.3,2.4000000000000004,31.29,123.77
2023,5,3,6,30,0,0,0,17.900000000000002,1.7000000000000002,35.37,129.19
2023,5,3,7,30,0,0,0,17,1.1,41.01,130.9
2023,5,3,8,30,0,0,0,16.900000000000002,0.8,43.21,128.53
2023,5,3,9,30,0,0,0,17.3,0.6000000000000001,40.160000000000004,122.58
2023,5,3,10,30,0,0,0,17.900000000000002,0.4,35.89,114.03
2023,5,3,11,30,0,0,0,17.900000000000002,0.4,35.31,103.77
2023,5,3,12,30,0,0,0,18.1,0.7000000000000001,35.26,92.44
2023,5,3,13,30,356,56,116,20.5,1.2000000000000002,36.4,80.36
2023,5,3,14,30,634,91,328,23.900000000000002,2.2,27.41,68.04
2023,5,3,15,30,773,110,547,26.5,3.4000000000000004,24.54,55.54
2023,5,3,16,30,852,123,744,28.3,4.2,23.14,43.17
2023,5,3,17,30,920,116,901,29.700000000000003,4.6000000000000005,21.42,31.42
2023,5,3,18,30,970,101,1003,30.900000000000002,4.800000000000001,18.78,21.63
2023,5,3,19,30,979,101,1034,31.8,5,16.34,17.72
2023,5,3,20,30,954,111,990,32.300000000000004,5.1000000000000005,14.67,22.94
2023,5,3,21,30,901,123,877,32.2,5.2,14.07,33.2
2023,5,3,22,30,853,115,717,31.6,5.300000000000001,14.67,45.1
2023,5,3,23,30,724,115,504,30.400000000000002,5.300000000000001,16.06,57.51
2023,5,4,0,30,624,82,296,28.400000000000002,4.9,18.36,69.98
2023,5,4,1,30,316,47,90,25.200000000000003,3.6,22.78,82.23
2023,5,4,2,30,0,0,0,22.200000000000003,2.4000000000000004,28.91,94.22
2023,5,4,3,30,0,0,0,20.400000000000002,1.9000000000000001,32.53,105.38
2023,5,4,4,30,0,0,0,18.900000000000002,1.6,35.82,115.37
2023,5,4,5,30,0,0,0,17.6,1.5,38.35,123.52
2023,5,4,6,30,0,0,0,16.400000000000002,1.3,40.69,128.91
2023,5,4,7,30,0,0,0,15.700000000000001,1.1,44,130.61
2023,5,4,8,30,0,0,0,15.700000000000001,0.9,44.93,128.24
2023,5,4,9,30,0,0,0,15.700000000000001,0.8,43.89,122.31
2023,5,4,10,30,0,0,0,14.9,1,46.300000000000004,113.79
2023,5,4,11,30,0,0,0,14,1.2000000000000002,50.800000000000004,103.56
2023,5,4,12,30,3,1,1,14.600000000000001,1.8,50.59,92.25
2023,5,4,13,30,381,56,121,16.900000000000002,3.1,46.51,80.18
2023,5,4,14,30,650,90,335,19.200000000000003,4.2,42.300000000000004,67.87
2023,5,4,15,30,786,108,555,21.1,4.4,36.800000000000004,55.38
2023,5,4,16,30,866,120,753,22.700000000000003,4.5,30.19,42.99
2023,5,4,17,30,897,134,901,24.3,4.5,25.04,31.21
2023,5,4,18,30,902,150,990,25.6,4.5,21.59,21.38
2023,5,4,19,30,914,150,1022,26.700000000000003,4.6000000000000005,18.96,17.43
2023,5,4,20,30,910,145,984,27.3,4.7,17.21,22.72
2023,5,4,21,30,888,139,883,27.3,4.7,16.21,33.04
2023,5,4,22,30,842,127,723,26.8,4.6000000000000005,15.72,44.97
2023,5,4,23,30,762,111,522,25.8,4.4,16.01,57.39
2023,5,5,0,30,617,87,300,23.900000000000002,3.6,17.62,69.85000000000001
2023,5,5,1,30,316,48,91,20.8,2.3000000000000003,23.19,82.09
2023,5,5,2,30,0,0,0,18.1,1.6,33.34,94.06
2023,5,5,3,30,0,0,0,17.1,1.4000000000000001,36.54,105.2
2023,5,5,4,30,0,0,0,16.400000000000002,1.2000000000000002,39.18,115.16
2023,5,5,5,30,0,0,0,15.9,1.2000000000000002,40.84,123.28
2023,5,5,6,30,0,0,0,15.600000000000001,1.1,41.22,128.64000000000001
2023,5,5,7,30,0,0,0,15.100000000000001,1.1,42.01,130.32
2023,5,5,8,30,0,0,0,14.5,1.2000000000000002,43.410000000000004,127.96000000000001
2023,5,5,9,30,0,0,0,13.8,1.2000000000000002,45.2,122.06
2023,5,5,10,30,0,0,0,13.200000000000001,1.1,47.51,113.56
2023,5,5,11,30,0,0,0,12.700000000000001,1,50.06,103.35000000000001
2023,5,5,12,30,6,2,2,13.100000000000001,1.1,49.68,92.06
2023,5,5,13,30,426,52,126,15.4,1.8,45.44,80.01
2023,5,5,14,30,683,82,341,18.6,2.4000000000000004,36.71,67.71000000000001
2023,5,5,15,30,805,101,560,21.3,2.7,31.63,55.22
2023,5,5,16,30,873,115,755,23.200000000000003,2.8000000000000003,27.490000000000002,42.82
2023,5,5,17,30,918,119,906,24.700000000000003,2.7,24.67,31.02
2023,5,5,18,30,944,120,1001,25.900000000000002,2.7,22.22,21.13
2023,5,5,19,30,952,120,1030,26.8,2.8000000000000003,20.2,17.14
2023,5,5,20,30,949,114,991,27.400000000000002,2.9000000000000004,18.68,22.51
2023,5,5,21,30,930,109,890,27.6,3.1,17.7,32.89
2023,5,5,22,30,891,100,732,27.3,3.2,17.32,44.84
2023,5,5,23,30,824,88,534,26.6,3,17.27,57.26
2023,5,6,0,30,691,72,311,25,2.1,18.27,69.73
2023,5,6,1,30,398,43,99,22,1.3,27.560000000000002,81.95
2023,5,6,2,30,0,0,0,19.6,1.1,35.08,93.91
2023,5,6,3,30,0,0,0,18.6,1.2000000000000002,35.03,105.02
2023,5,6,4,30,0,0,0,17.8,1.2000000000000002,35.54,114.96000000000001
2023,5,6,5,30,0,0,0,17.1,1.2000000000000002,36.17,123.04
2023,5,6,6,30,0,0,0,16.7,1.2000000000000002,36.12,128.37
2023,5,6,7,30,0,0,0,16.3,1.1,36.08,130.04
2023,5,6,8,30,0,0,0,15.700000000000001,1,36.35,127.68
2023,5,6,9,30,0,0,0,15.200000000000001,0.8,36.95,121.8
2023,5,6,10,30,0,0,0,15,0.6000000000000001,36.99,113.33
2023,5,6,11,30,0,0,0,15,0.30000000000000004,36.08,103.15
2023,5,6,12,30,11,2,2,15.4,0.30000000000000004,35.42,91.88
2023,5,6,13,30,468,51,133,17.5,0.8,35.14,79.85000000000001
2023,5,6,14,30,716,78,351,20.8,1.5,26.51,67.55
2023,5,6,15,30,829,95,570,23.5,2.2,22.91,55.06
2023,5,6,16,30,893,107,764,25.400000000000002,2.8000000000000003,20.18,42.660000000000004
2023,5,6,17,30,929,116,914,26.900000000000002,3,18.57,30.830000000000002
2023,5,6,18,30,947,120,1005,28.1,3.1,17.37,20.88
2023,5,6,19,30,955,119,1033,29.1,3,16.27,16.86
2023,5,6,20,30,943,121,993,29.700000000000003,3,15.48,22.3
2023,5,6,21,30,911,122,888,29.900000000000002,3,14.98,32.730000000000004
2023,5,6,22,30,868,113,730,29.700000000000003,2.9000000000000004,14.66,44.71
2023,5,6,23,30,799,97,531,28.900000000000002,2.8000000000000003,14.9,57.14
2023,5,7,0,30,675,77,312,27,2,16.4,69.60000000000001
2023,5,7,1,30,388,45,100,23.5,1.3,28.2,81.82000000000001
2023,5,7,2,30,0,0,0,20.8,1.3,34.31,93.76
2023,5,7,3,30,0,0,0,19.6,1.3,34.93,104.85000000000001
2023,5,7,4,30,0,0,0,18.6,1.3,35.93,114.75
2023,5,7,5,30,0,0,0,17.7,1.3,36.96,122.81
2023,5,7,6,30,0,0,0,17.1,1.3,37.480000000000004,128.11
2023,5,7,7,30,0,0,0,17,1.2000000000000002,36.56,129.76
2023,5,7,8,30,0,0,0,17,1,34.9,127.41
2023,5,7,9,30,0,0,0,17.1,0.7000000000000001,32.93,121.55
2023,5,7,10,30,0,0,0,17,0.6000000000000001,31.95,113.11
2023,5,7,11,30,0,0,0,16.6,0.6000000000000001,32.14,102.96000000000001
2023,5,7,12,30,10,2,2,16.6,0.7000000000000001,31.82,91.7
2023,5,7,13,30,453,53,134,18.5,1.2000000000000002,32.86,79.69
2023,5,7,14,30,449,145,318,21.900000000000002,1.7000000000000002,23.46,67.4
2023,5,7,15,30,746,130,559,24.900000000000002,2.1,19.38,54.910000000000004
2023,5,7,16,30,873,116,760,26.900000000000002,2.4000000000000004,17.17,42.5
2023,5,7,17,30,887,141,904,28.400000000000002,2.6,15.81,30.64
2023,5,7,18,30,688,303,947,29.700000000000003,2.8000000000000003,14.69,20.64
2023,5,7,19,30,908,152,1022,30.700000000000003,2.9000000000000004,13.82,16.59
2023,5,7,20,30,893,153,980,31.400000000000002,3,13.08,22.09
2023,5,7,21,30,868,147,878,31.6,2.9000000000000004,12.700000000000001,32.58
2023,5,7,22,30,858,118,729,31.400000000000002,2.7,12.59,44.58
2023,5,7,23,30,716,133,523,30.6,2.4000000000000004,12.88,57.02
2023,5,8,0,30,626,89,308,28.5,1.6,14.35,69.48
2023,5,8,1,30,333,51,99,25.700000000000003,0.9,27.11,81.69
2023,5,8,2,30,0,0,0,23.900000000000002,0.9,27.85,93.60000000000001
2023,5,8,3,30,0,0,0,23,0.9,26.46,104.67
2023,5,8,4,30,0,0,0,22.400000000000002,1,25.89,114.55
2023,5,8,5,30,0,0,0,21.900000000000002,0.9,25.6,122.57000000000001
2023,5,8,6,30,0,0,0,21.3,0.7000000000000001,25.69,127.84
2023,5,8,7,30,0,0,0,20.5,0.6000000000000001,26.11,129.48
2023,5,8,8,30,0,0,0,19.6,0.7000000000000001,27.96,127.15
2023,5,8,9,30,0,0,0,18.6,0.9,29.990000000000002,121.31
2023,5,8,10,30,0,0,0,17.7,1,32.08,112.9
2023,5,8,11,30,0,0,0,17,1.1,33.61,102.76
2023,5,8,12,30,12,2,2,17.3,1,32.8,91.53
2023,5,8,13,30,466,52,137,19.700000000000003,1.1,34.76,79.53
2023,5,8,14,30,713,80,356,23.3,1.6,23.42,67.25
2023,5,8,15,30,832,97,577,26.5,2,19.75,54.76
2023,5,8,16,30,899,107,771,28.900000000000002,2.5,17.05,42.35
2023,5,8,17,30,949,107,925,30.5,2.7,15.25,30.46
2023,5,8,18,30,983,100,1021,31.900000000000002,2.8000000000000003,13.83,20.41
2023,5,8,19,30,988,101,1049,32.800000000000004,2.8000000000000003,12.71,16.32
2023,5,8,20,30,951,120,1002,33.4,2.8000000000000003,11.8,21.89
2023,5,8,21,30,888,141,891,33.6,2.7,11.15,32.43
2023,5,8,22,30,840,132,732,33.300000000000004,2.7,10.85,44.45
2023,5,8,23,30,761,116,532,32.4,2.6,10.94,56.9
2023,5,9,0,30,618,92,310,30.1,1.8,12.19,69.36
2023,5,9,1,30,324,52,100,26.700000000000003,1.1,24.580000000000002,81.55
2023,5,9,2,30,0,0,0,24.400000000000002,1.2000000000000002,26.6,93.45
2023,5,9,3,30,0,0,0,23.1,1.3,26.87,104.5
2023,5,9,4,30,0,0,0,21.8,1.4000000000000001,28.13,114.35000000000001
2023,5,9,5,30,0,0,0,20.700000000000003,1.4000000000000001,29.29,122.34
2023,5,9,6,30,0,0,0,20.1,1.2000000000000002,29.400000000000002,127.59
2023,5,9,7,30,0,0,0,19.8,1,28.84,129.21
2023,5,9,8,30,0,0,0,19.5,0.8,27.77,126.88000000000001
2023,5,9,9,30,0,0,0,18.6,0.9,27.95,121.07000000000001
2023,5,9,10,30,0,0,0,17.5,1.1,30.36,112.68
2023,5,9,11,30,0,0,0,16.5,1.2000000000000002,33.35,102.58
2023,5,9,12,30,12,2,2,16.900000000000002,1.1,33.75,91.36
2023,5,9,13,30,459,54,139,19.6,1.4000000000000001,35.14,79.38
2023,5,9,14,30,706,81,356,23.400000000000002,1.8,23.86,67.11
2023,5,9,15,30,826,98,576,26.900000000000002,2.2,21.13,54.620000000000005
2023,5,9,16,30,892,110,771,29.400000000000002,2.7,16.88,42.2
2023,5,9,17,30,917,123,915,31,3,14.64,30.29
2023,5,9,18,30,923,137,1003,32.2,3.1,13.16,20.18
2023,5,9,19,30,925,141,1030,33.1,3.2,12.13,16.05
2023,5,9,20,30,919,137,991,33.6,3.2,11.5,21.69
2023,5,9,21,30,896,130,888,33.7,3.2,11.18,32.28
2023,5,9,22,30,845,126,730,33.300000000000004,3.2,11.16,44.33
2023,5,9,23,30,763,112,530,32.5,3.1,11.450000000000001,56.78
2023,5,10,0,30,621,90,310,30.3,2.4000000000000004,12.81,69.23
2023,5,10,1,30,329,52,101,26.400000000000002,1.7000000000000002,22.29,81.42
2023,5,10,2,30,0,0,0,23.6,2,26.45,93.3
2023,5,10,3,30,0,0,0,22.400000000000002,2.3000000000000003,25.080000000000002,104.33
2023,5,10,4,30,0,0,0,21.200000000000003,2.3000000000000003,23.85,114.15
2023,5,10,5,30,0,0,0,19.900000000000002,2.3000000000000003,23.490000000000002,122.11
2023,5,10,6,30,0,0,0,18.6,2.1,25.21,127.33
2023,5,10,7,30,0,0,0,17.3,1.9000000000000001,29.650000000000002,128.95
2023,5,10,8,30,0,0,0,16.3,1.7000000000000002,34.95,126.63000000000001
2023,5,10,9,30,0,0,0,15.8,1.5,39.63,120.84
2023,5,10,10,30,0,0,0,15.3,1.4000000000000001,44.52,112.48
2023,5,10,11,30,0,0,0,14.600000000000001,1.5,48.95,102.39
2023,5,10,12,30,0,2,2,15.200000000000001,2.5,48.95,91.2
2023,5,10,13,30,15,78,81,17.2,4,45.57,79.23
2023,5,10,14,30,1,50,50,19.400000000000002,5,40.17,66.97
2023,5,10,15,30,4,68,70,21.400000000000002,5,33.31,54.49
2023,5,10,16,30,76,236,292,23,4.7,27.490000000000002,42.06
2023,5,10,17,30,390,393,730,24.5,4.4,22.84,30.12
2023,5,10,18,30,904,147,997,25.5,4.3,19.830000000000002,19.96
2023,5,10,19,30,920,144,1029,26.200000000000003,4.1000000000000005,17.79,15.790000000000001
2023,5,10,20,30,902,149,988,26.6,3.9000000000000004,16.52,21.490000000000002
2023,5,10,21,30,866,151,884,26.8,3.7,15.530000000000001,32.14
2023,5,10,22,30,828,135,729,26.6,3.3000000000000003,14.89,44.21
2023,5,10,23,30,754,117,531,26.1,2.8000000000000003,14.69,56.660000000000004
2023,5,11,0,30,615,93,312,24.700000000000003,1.8,15.57,69.11
2023,5,11,1,30,323,54,103,22,1,24.3,81.29
2023,5,11,2,30,0,0,0,20.1,0.9,30.32,93.15
2023,5,11,3,30,0,0,0,19.700000000000003,0.9,28.59,104.16
2023,5,11,4,30,0,0,0,19.1,1,28.330000000000002,113.95
2023,5,11,5,30,0,0,0,18.400000000000002,1.1,28.89,121.89
2023,5,11,6,30,0,0,0,17.6,1.1,30.28,127.08
2023,5,11,7,30,0,0,0,16.900000000000002,1.1,31.79,128.69
2023,5,11,8,30,0,0,0,16.400000000000002,1,32.83,126.38000000000001
2023,5,11,9,30,0,0,0,15.9,1,33.72,120.61
2023,5,11,10,30,0,0,0,15.3,0.9,35.050000000000004,112.28
2023,5,11,11,30,0,0,0,14.600000000000001,1,36.95,102.22
2023,5,11,12,30,10,4,4,15.100000000000001,1,36.11,91.04
2023,5,11,13,30,382,63,135,17.900000000000002,1.2000000000000002,35.43,79.09
2023,5,11,14,30,636,98,348,21.6,1.3,24.400000000000002,66.83
2023,5,11,15,30,766,119,565,24.700000000000003,1.1,21.37,54.36
2023,5,11,16,30,840,132,757,27,1.5,18.02,41.92
2023,5,11,17,30,885,139,906,28.8,1.8,15.8,29.96
2023,5,11,18,30,910,143,999,30.200000000000003,2.2,14.14,19.75
2023,5,11,19,30,919,142,1027,31.200000000000003,2.4000000000000004,12.89,15.540000000000001
2023,5,11,20,30,906,144,988,31.8,2.4000000000000004,12,21.3
2023,5,11,21,30,871,144,883,31.900000000000002,2.4000000000000004,11.56,32
2023,5,11,22,30,827,132,726,31.700000000000003,2.2,11.44,44.08
2023,5,11,23,30,748,116,528,30.900000000000002,2,11.790000000000001,56.54
2023,5,12,0,30,608,91,309,29.1,1.4000000000000001,13.02,68.99
2023,5,12,1,30,325,53,103,25.900000000000002,1,23.41,81.16
2023,5,12,2,30,0,0,0,23.5,1,27.01,93.01
2023,5,12,3,30,0,0,0,22.700000000000003,1.2000000000000002,26.57,103.99000000000001
2023,5,12,4,30,0,0,0,22.1,1.3,26.57,113.76
2023,5,12,5,30,0,0,0,21.5,1.3,26.72,121.66
2023,5,12,6,30,0,0,0,21,1.2000000000000002,26.98,126.84
2023,5,12,7,30,0,0,0,20.700000000000003,0.8,27.18,128.43
2023,5,12,8,30,0,0,0,20.400000000000002,0.4,26.91,126.13000000000001
2023,5,12,9,30,0,0,0,19.400000000000002,0.5,28.61,120.39
2023,5,12,10,30,0,0,0,18.1,0.9,31.61,112.08
2023,5,12,11,30,0,0,0,17,1.1,34.67,102.04
2023,5,12,12,30,21,4,4,17.3,1,35.17,90.89
2023,5,12,13,30,443,55,140,19.900000000000002,1.4000000000000001,34.660000000000004,78.95
2023,5,12,14,30,682,84,354,23.6,1.8,24.11,66.71000000000001
2023,5,12,15,30,802,101,570,26.900000000000002,1.8,19.64,54.230000000000004
2023,5,12,16,30,870,113,762,29.700000000000003,2,16.37,41.79
2023,5,12,17,30,913,119,911,31.900000000000002,2.4000000000000004,13.98,29.810000000000002
2023,5,12,18,30,941,119,1006,33.4,2.6,12.61,19.54
2023,5,12,19,30,946,120,1033,34.4,2.6,11.69,15.280000000000001
2023,5,12,20,30,930,124,992,35,2.6,11.07,21.11
2023,5,12,21,30,894,128,887,35.2,2.5,10.73,31.86
2023,5,12,22,30,850,118,730,34.9,2.4000000000000004,10.790000000000001,43.96
2023,5,12,23,30,774,104,532,34.2,2.1,11.14,56.43
2023,5,13,0,30,636,84,313,32.1,1.5,12.540000000000001,68.87
2023,5,13,1,30,357,50,106,28.700000000000003,1,24.14,81.03
2023,5,13,2,30,0,0,0,26.3,1.2000000000000002,26.5,92.86
2023,5,13,3,30,0,0,0,25.200000000000003,1.3,26.580000000000002,103.82000000000001
2023,5,13,4,30,0,0,0,24.200000000000003,1.4000000000000001,27.35,113.57000000000001
2023,5,13,5,30,0,0,0,23.5,1.3,27.79,121.44
2023,5,13,6,30,0,0,0,22.6,1.1,28.38,126.59
2023,5,13,7,30,0,0,0,21.3,1,30.64,128.18
2023,5,13,8,30,0,0,0,20.1,1.1,32.95,125.89
2023,5,13,9,30,0,0,0,19.200000000000003,1.3,34.160000000000004,120.17
2023,5,13,10,30,0,0,0,18.5,1.4000000000000001,36.11,111.89
2023,5,13,11,30,0,0,0,17.900000000000002,1.4000000000000001,38.86,101.88
2023,5,13,12,30,13,4,4,18.900000000000002,1.4000000000000001,37.5,90.18
2023,5,13,13,30,378,64,137,22.200000000000003,1.9000000000000001,32.730000000000004,78.82000000000001
2023,5,13,14,30,623,99,347,25.700000000000003,2.5,23.72,66.58
2023,5,13,15,30,751,121,561,28.3,2.6,19.27,54.11
2023,5,13,16,30,824,136,752,30.700000000000003,2.7,16.5,41.660000000000004
2023,5,13,17,30,884,135,903,33.1,2.8000000000000003,14.02,29.66
2023,5,13,18,30,927,125,1000,34.9,2.9000000000000004,12.44,19.34
2023,5,13,19,30,932,127,1027,36.1,2.9000000000000004,11.59,15.040000000000001
2023,5,13,20,30,919,129,987,36.7,3,11.16,20.92
2023,5,13,21,30,889,128,884,36.800000000000004,2.9000000000000004,10.92,31.720000000000002
2023,5,13,22,30,714,176,691,36.4,2.8000000000000003,10.870000000000001,43.84
2023,5,13,23,30,769,105,532,35.5,2.6,11.1,56.31
2023,5,14,0,30,531,117,309,33.300000000000004,1.8,12.290000000000001,68.75
2023,5,14,1,30,328,55,107,29.900000000000002,1.1,22.76,80.9
2023,5,14,2,30,0,0,0,27.5,1.2000000000000002,24.900000000000002,92.71000000000001
2023,5,14,3,30,0,0,0,26.5,1.3,24.68,103.65
2023,5,14,4,30,0,0,0,25.5,1.3,25.62,113.38
2023,5,14,5,30,0,0,0,25,1.2000000000000002,25.86,121.23
2023,5,14,6,30,0,0,0,25,0.7000000000000001,25.080000000000002,126.36
2023,5,14,7,30,0,0,0,23.5,0.8,25.86,127.94
2023,5,14,8,30,0,0,0,21.6,1.7000000000000002,31.95,125.66
2023,5,14,9,30,0,0,0,21,2.2,33.47,119.96000000000001
2023,5,14,10,30,0,0,0,20.6,2.4000000000000004,40.910000000000004,111.7
2023,5,14,11,30,0,0,0,20.200000000000003,2.5,49.54,101.71000000000001
2023,5,14,12,30,20,5,5,21.400000000000002,2.9000000000000004,49.31,90.07000000000001
2023,5,14,13,30,257,73,123,24.400000000000002,4.2,42.01,78.69
2023,5,14,14,30,638,92,347,27.700000000000003,5.4,34.160000000000004,66.46000000000001
2023,5,14,15,30,760,111,558,30.400000000000002,5.6000000000000005,27.650000000000002,53.99
2023,5,14,16,30,831,123,745,32.6,5,22.57,41.54
2023,5,14,17,30,876,130,892,34.4,4.3,18.97,29.52
2023,5,14,18,30,903,132,985,35.800000000000004,3.7,16.39,19.150000000000002
2023,5,14,19,30,913,131,1014,36.800000000000004,3.3000000000000003,14.540000000000001,14.8
2023,5,14,20,30,905,132,978,37.4,3,13.16,20.740000000000002
2023,5,14,21,30,881,128,879,37.6,2.8000000000000003,12.23,31.580000000000002
2023,5,14,22,30,843,119,728,37.300000000000004,2.4000000000000004,11.68,43.72
2023,5,14,23,30,774,104,535,36.5,1.9000000000000001,11.540000000000001,56.19
2023,5,15,0,30,635,87,318,34.6,1.1,12.44,68.63
2023,5,15,1,30,347,54,110,31.900000000000002,0.8,22.95,80.77
2023,5,15,2,30,0,0,0,30.200000000000003,0.9,22.11,92.57000000000001
2023,5,15,3,30,0,0,0,28.8,0.9,22.37,103.49000000000001
2023,5,15,4,30,0,0,0,26.8,1.2000000000000002,26.810000000000002,113.19
2023,5,15,5,30,0,0,0,25.6,1.9000000000000001,29.95,121.01
2023,5,15,6,30,0,0,0,25,2.5,32.87,126.12
2023,5,15,7,30,0,0,0,24,2.4000000000000004,38.11,127.7
2023,5,15,8,30,0,0,0,23,1.8,44.82,125.43
2023,5,15,9,30,0,0,0,22.3,1.5,49.870000000000005,119.75
2023,5,15,10,30,0,0,0,21.900000000000002,1.5,51.26,111.52
2023,5,15,11,30,0,0,0,21.6,1.6,50.550000000000004,101.56
2023,5,15,12,30,20,5,5,22.900000000000002,2.3000000000000003,44.76,89.95
2023,5,15,13,30,15,45,48,26,3.5,35.99,78.57000000000001
2023,5,15,14,30,556,111,334,29.5,4.800000000000001,28.11,66.35
2023,5,15,15,30,71,295,337,32.300000000000004,5.6000000000000005,23.2,53.88
2023,5,15,16,30,856,106,748,34.5,5.4,20.77,41.42
2023,5,15,17,30,901,108,893,36.2,4.9,19.42,29.38
2023,5,15,18,30,930,104,984,37.6,4.2,18.17,18.96
2023,5,15,19,30,933,106,1009,38.5,3.6,17.150000000000002,14.56
2023,5,15,20,30,909,115,966,39,2.9000000000000004,16.36,20.56
2023,5,15,21,30,865,125,863,39,2.3000000000000003,15.89,31.45
2023,5,15,22,30,823,117,713,38.6,1.7000000000000002,15.6,43.61
2023,5,15,23,30,747,105,522,37.800000000000004,1.2000000000000002,15.700000000000001,56.08
2023,5,16,0,30,617,85,311,36.4,0.7000000000000001,16.51,68.51
2023,5,16,1,30,367,50,110,34,0.7000000000000001,24.86,80.65
2023,5,16,2,30,0,0,0,31.6,1,27.900000000000002,92.42
2023,5,16,3,30,0,0,0,29.6,1.2000000000000002,30.76,103.33
2023,5,16,4,30,0,0,0,28.1,1.5,31.900000000000002,113
2023,5,16,5,30,0,0,0,27.200000000000003,1.9000000000000001,32.71,120.8
2023,5,16,6,30,0,0,0,26.3,2.2,34.980000000000004,125.89
2023,5,16,7,30,0,0,0,25.5,2.3000000000000003,37.63,127.46000000000001
2023,5,16,8,30,0,0,0,24.8,2.2,39.730000000000004,125.2
2023,5,16,9,30,0,0,0,24,2,41.49,119.55
2023,5,16,10,30,0,0,0,23.3,1.9000000000000001,42.53,111.35000000000001
2023,5,16,11,30,0,0,0,22.700000000000003,1.8,43.36,101.4
2023,5,16,12,30,0,3,3,23.700000000000003,2.1,40.4,89.84
2023,5,16,13,30,22,88,92,26.8,2.8000000000000003,34.04,78.45
2023,5,16,14,30,331,171,304,30.400000000000002,3.2,26.55,66.24
2023,5,16,15,30,807,91,568,33.4,3.1,21.52,53.78
2023,5,16,16,30,869,100,753,35.5,2.8000000000000003,18.66,41.31
2023,5,16,17,30,902,109,896,37.1,2.4000000000000004,16.92,29.25
2023,5,16,18,30,918,114,983,38.300000000000004,2.1,15.74,18.78
2023,5,16,19,30,924,115,1010,39.1,2,14.91,14.33
2023,5,16,20,30,904,122,969,39.400000000000006,1.8,14.43,20.39
2023,5,16,21,30,860,129,864,39.2,1.5,14.34,31.310000000000002
2023,5,16,22,30,780,139,705,38.6,1.2000000000000002,14.83,43.49
2023,5,16,23,30,661,141,511,37.5,1.5,16.01,55.97
2023,5,17,0,30,216,119,199,35.4,2.8000000000000003,18.98,68.39
2023,5,17,1,30,71,66,78,31.900000000000002,4.4,26.63,80.52
2023,5,17,2,30,0,0,0,28.5,5.7,38.97,92.28
2023,5,17,3,30,0,0,0,26.6,5.300000000000001,48.09,103.17
2023,5,17,4,30,0,0,0,25.5,3.6,51.97,112.82000000000001
2023,5,17,5,30,0,0,0,24.700000000000003,2.4000000000000004,53.71,120.60000000000001
2023,5,17,6,30,0,0,0,24,1.9000000000000001,56.27,125.67
2023,5,17,7,30,0,0,0,23.3,1.6,59.4,127.23
2023,5,17,8,30,0,0,0,22.900000000000002,1.3,60.6,124.99000000000001
2023,5,17,9,30,0,0,0,22.6,1.1,60.160000000000004,119.36
2023,5,17,10,30,0,0,0,22.400000000000002,1,58.99,111.18
2023,5,17,11,30,0,0,0,22,0.9,59.46,101.26
2023,5,17,12,30,34,7,7,22.900000000000002,1.2000000000000002,55.47,89.73
2023,5,17,13,30,81,79,95,25.3,1.8,47.58,78.34
2023,5,17,14,30,567,108,337,28.200000000000003,1.7000000000000002,35.93,66.14
2023,5,17,15,30,484,208,495,30.8,1.2000000000000002,30.01,53.68
2023,5,17,16,30,352,313,578,32.6,1,28.77,41.21
2023,5,17,17,30,476,310,726,33.800000000000004,1,28.26,29.13
2023,5,17,18,30,909,111,973,34.9,0.9,27.21,18.6
2023,5,17,19,30,916,112,1000,35.800000000000004,0.7000000000000001,25.740000000000002,14.1
2023,5,17,20,30,890,123,958,36.5,0.8,24.42,20.22
2023,5,17,21,30,619,266,796,36.800000000000004,1,23.44,31.18
2023,5,17,22,30,565,247,658,36.800000000000004,1.2000000000000002,22.6,43.38
2023,5,17,23,30,715,115,516,36.300000000000004,1.3,22.32,55.86
2023,5,18,0,30,575,95,308,35,1.1,23.240000000000002,68.28
2023,5,18,1,30,320,57,110,32.9,0.8,32.15,80.39
2023,5,18,2,30,0,1,1,31,0.8,37.99,92.14
2023,5,18,3,30,0,0,0,29.700000000000003,1,38.52,103.01
2023,5,18,4,30,0,0,0,28.400000000000002,1.2000000000000002,40.62,112.64
2023,5,18,5,30,0,0,0,27.200000000000003,1.3,41.81,120.4
2023,5,18,6,30,0,0,0,25.8,1.2000000000000002,43.33,125.45
2023,5,18,7,30,0,0,0,24.6,1,44.730000000000004,127.01
2023,5,18,8,30,0,0,0,23.900000000000002,0.7000000000000001,45.13,124.78
2023,5,18,9,30,0,0,0,23.400000000000002,0.7000000000000001,46.12,119.17
2023,5,18,10,30,0,0,0,22.900000000000002,0.8,46.97,111.01
2023,5,18,11,30,0,0,0,22.6,0.9,49.730000000000004,101.12
2023,5,18,12,30,3,5,5,23.3,1.1,50.22,89.62
2023,5,18,13,30,369,68,143,25.200000000000003,1.7000000000000002,47.730000000000004,78.23
2023,5,18,14,30,594,105,346,27.6,1.9000000000000001,36.730000000000004,66.04
2023,5,18,15,30,712,130,553,29.8,1.7000000000000002,27.41,53.58
2023,5,18,16,30,391,353,648,31.6,1.9000000000000001,23.2,41.11
2023,5,18,17,30,474,325,740,33.1,2.3000000000000003,20.93,29.01
2023,5,18,18,30,392,387,759,34.4,2.7,19.37,18.44
2023,5,18,19,30,888,136,998,35.300000000000004,3,18.34,13.88
2023,5,18,20,30,884,132,962,35.9,3.3000000000000003,17.73,20.05
2023,5,18,21,30,559,297,776,36.1,3.5,17.580000000000002,31.060000000000002
2023,5,18,22,30,793,131,709,35.800000000000004,3.4000000000000004,17.98,43.26
2023,5,18,23,30,737,108,523,34.9,2.8000000000000003,19.13,55.75
2023,5,19,0,30,481,111,290,33,1.9000000000000001,22.55,68.16
2023,5,19,1,30,73,47,59,30.3,1.9000000000000001,33.24,80.27
2023,5,19,2,30,0,0,0,28.1,2.8000000000000003,41.99,92
2023,5,19,3,30,0,0,0,26.8,3.2,48.06,102.85000000000001
2023,5,19,4,30,0,0,0,25.900000000000002,2.9000000000000004,51.26,112.46000000000001
2023,5,19,5,30,0,0,0,25.200000000000003,2.2,53.6,120.2
2023,5,19,6,30,0,0,0,24.400000000000002,1.5,55.870000000000005,125.24000000000001
2023,5,19,7,30,0,0,0,23.6,0.9,58.02,126.79
2023,5,19,8,30,0,0,0,22.900000000000002,0.7000000000000001,60.17,124.57000000000001
2023,5,19,9,30,0,0,0,22.400000000000002,0.6000000000000001,61.6,118.98
2023,5,19,10,30,0,0,0,21.900000000000002,0.7000000000000001,64.11,110.85000000000001
2023,5,19,11,30,0,0,0,21.6,0.9,66.43,100.98
2023,5,19,12,30,0,3,3,22.200000000000003,1.6,65.21000000000001,89.52
2023,5,19,13,30,114,59,82,23.8,2.3000000000000003,60.42,78.13
2023,5,19,14,30,164,162,229,25.8,2.4000000000000004,50.53,65.94
2023,5,19,15,30,325,267,460,28,2.1,40.28,53.49
2023,5,19,16,30,11,233,241,29.900000000000002,2,34.02,41.01
2023,5,19,17,30,9,264,272,31.200000000000003,2.2,30.71,28.900000000000002
2023,5,19,18,30,41,362,401,32,2.4000000000000004,28.92,18.28
2023,5,19,19,30,503,356,845,32.300000000000004,2.4000000000000004,28.150000000000002,13.67
2023,5,19,20,30,540,338,846,32.4,2.3000000000000003,27.77,19.88
2023,5,19,21,30,539,292,754,32.2,2.1,27.6,30.93
2023,5,19,22,30,785,133,706,31.700000000000003,1.9000000000000001,27.63,43.15
2023,5,19,23,30,515,180,471,30.8,1.8,28.62,55.64
2023,5,20,0,30,534,102,302,29.200000000000003,2.2,31.91,68.05
2023,5,20,1,30,173,71,101,26.900000000000002,3.6,40.6,80.14
2023,5,20,2,30,0,1,1,24.8,4.9,49.99,91.87
2023,5,20,3,30,0,0,0,23.6,4.7,57.28,102.7
2023,5,20,4,30,0,0,0,23,3.7,60.410000000000004,112.29
2023,5,20,5,30,0,0,0,22.6,2.6,61.550000000000004,120
2023,5,20,6,30,0,0,0,22.200000000000003,1.6,62.45,125.03
2023,5,20,7,30,0,0,0,21.900000000000002,0.9,63.11,126.58
2023,5,20,8,30,0,0,0,21.8,0.6000000000000001,62.52,124.37
2023,5,20,9,30,0,0,0,21.400000000000002,0.6000000000000001,63.14,118.8
2023,5,20,10,30,0,0,0,20.5,0.7000000000000001,66.51,110.7
2023,5,20,11,30,0,0,0,19.700000000000003,0.8,69.13,100.85000000000001
2023,5,20,12,30,54,8,9,20.5,1,64.57000000000001,89.42
2023,5,20,13,30,488,56,157,23,1.2000000000000002,55.11,78.03
2023,5,20,14,30,696,81,366,26.200000000000003,1,43.32,65.85
2023,5,20,15,30,802,98,576,29.3,0.8,31.84,53.410000000000004
2023,5,20,16,30,861,110,760,31.700000000000003,0.9,24.78,40.93
2023,5,20,17,30,769,169,843,33.4,1,21.55,28.79
2023,5,20,18,30,931,112,997,34.800000000000004,1.2000000000000002,19.5,18.12
2023,5,20,19,30,937,113,1024,35.800000000000004,1.4000000000000001,18.19,13.46
2023,5,20,20,30,927,112,985,36.300000000000004,1.6,17.47,19.72
2023,5,20,21,30,904,111,887,36.5,1.9000000000000001,16.89,30.810000000000002
2023,5,20,22,30,871,101,738,36.1,2,16.53,43.04
2023,5,20,23,30,710,117,519,35.4,2,16.28,55.53
2023,5,21,0,30,698,73,335,33.800000000000004,1.6,16.86,67.93
2023,5,21,1,30,464,48,128,31,1.1,24.23,80.02
2023,5,21,2,30,14,2,2,28.3,1.1,31.2,91.73
2023,5,21,3,30,0,0,0,26.900000000000002,1.2000000000000002,31.060000000000002,102.55
2023,5,21,4,30,0,0,0,25.6,1.2000000000000002,32.02,112.12
2023,5,21,5,30,0,0,0,24.5,1.2000000000000002,33.22,119.81
2023,5,21,6,30,0,0,0,23.5,1.1,34.95,124.82000000000001
2023,5,21,7,30,0,0,0,22.700000000000003,1,36.99,126.38000000000001
2023,5,21,8,30,0,0,0,22.200000000000003,0.7000000000000001,38.6,124.18
2023,5,21,9,30,0,0,0,22.1,0.5,38.92,118.63
2023,5,21,10,30,0,0,0,21.700000000000003,0.6000000000000001,39.54,110.55
2023,5,21,11,30,0,0,0,20.8,0.9,41.800000000000004,100.72
2023,5,21,12,30,48,8,9,21.400000000000002,1.4000000000000001,39.82,89.32000000000001
2023,5,21,13,30,463,58,155,24.3,2.3000000000000003,33.94,77.93
2023,5,21,14,30,676,88,365,27.700000000000003,2.8000000000000003,24.45,65.77
2023,5,21,15,30,787,106,576,30.700000000000003,2.6,18.19,53.32
2023,5,21,16,30,852,117,762,32.9,2.4000000000000004,15.200000000000001,40.84
2023,5,21,17,30,896,122,908,34.800000000000004,2.1,13.44,28.69
2023,5,21,18,30,923,121,999,36.2,1.9000000000000001,12.280000000000001,17.97
2023,5,21,19,30,932,121,1028,37.300000000000004,1.7000000000000002,11.52,13.25
2023,5,21,20,30,929,117,992,37.800000000000004,1.7000000000000002,11.26,19.57
2023,5,21,21,30,909,112,894,37.9,1.7000000000000002,11.25,30.69
2023,5,21,22,30,875,103,744,37.5,1.7000000000000002,11.42,42.93
2023,5,21,23,30,777,105,546,36.800000000000004,1.6,11.63,55.42
2023,5,22,0,30,611,92,323,35.2,1.2000000000000002,12.44,67.82000000000001
2023,5,22,1,30,239,63,105,32.7,0.9,19.85,79.9
2023,5,22,2,30,10,2,2,30.5,1,23.13,91.60000000000001
2023,5,22,3,30,0,0,0,29.1,1.1,22.88,102.4
2023,5,22,4,30,0,0,0,27.700000000000003,1.3,24.07,111.95
2023,5,22,5,30,0,0,0,26.1,1.5,25.94,119.63
2023,5,22,6,30,0,0,0,24.3,1.6,29.150000000000002,124.62
2023,5,22,7,30,0,0,0,22.900000000000002,1.5,31.61,126.17
2023,5,22,8,30,0,0,0,21.900000000000002,1.3,33.53,123.99000000000001
2023,5,22,9,30,0,0,0,21.5,1.1,34.61,118.47
2023,5,22,10,30,0,0,0,21.700000000000003,0.9,33.92,110.41
2023,5,22,11,30,0,0,0,21.900000000000002,0.7000000000000001,32.53,100.60000000000001
2023,5,22,12,30,49,9,10,22.5,0.8,30.92,89.24
2023,5,22,13,30,474,58,158,24.900000000000002,1.5,29.57,77.84
2023,5,22,14,30,693,85,370,28.200000000000003,1.9000000000000001,20.150000000000002,65.69
2023,5,22,15,30,808,100,583,31.200000000000003,2,16.240000000000002,53.25
2023,5,22,16,30,876,109,773,33.4,2.1,14.34,40.76
2023,5,22,17,30,922,110,920,35.2,2.2,12.82,28.6
2023,5,22,18,30,953,107,1014,36.7,2.3000000000000003,11.64,17.830000000000002
2023,5,22,19,30,962,106,1043,37.7,2.3000000000000003,10.91,13.05
2023,5,22,20,30,959,104,1008,38.300000000000004,2.4000000000000004,10.43,19.41
2023,5,22,21,30,940,100,909,38.400000000000006,2.4000000000000004,10.07,30.57
2023,5,22,22,30,908,93,759,38.1,2.3000000000000003,9.73,42.82
2023,5,22,23,30,851,82,566,37.300000000000004,2,9.6,55.31
2023,5,23,0,30,742,69,350,35.6,1.4000000000000001,10.040000000000001,67.71000000000001
2023,5,23,1,30,511,45,136,32.7,1,17.7,79.79
2023,5,23,2,30,19,2,2,30.200000000000003,1.1,19.75,91.46000000000001
2023,5,23,3,30,0,0,0,28.700000000000003,1.3,19.7,102.25
2023,5,23,4,30,0,0,0,27.1,1.5,21.2,111.78
2023,5,23,5,30,0,0,0,25.5,1.7000000000000002,23.12,119.45
2023,5,23,6,30,0,0,0,24,1.6,24.8,124.43
2023,5,23,7,30,0,0,0,22.8,1.5,26.13,125.98
2023,5,23,8,30,0,0,0,21.700000000000003,1.3,27.580000000000002,123.81
2023,5,23,9,30,0,0,0,21.200000000000003,1.1,28.35,118.31
2023,5,23,10,30,0,0,0,21.5,0.8,27.400000000000002,110.27
2023,5,23,11,30,0,0,0,21.900000000000002,0.4,25.46,100.48
2023,5,23,12,30,77,10,11,22.700000000000003,0.5,23.45,89.15
2023,5,23,13,30,559,51,170,25,1,23.3,77.76
2023,5,23,14,30,764,73,388,28.5,1.4000000000000001,14.55,65.61
2023,5,23,15,30,867,86,606,31.700000000000003,1.7000000000000002,10.620000000000001,53.18
2023,5,23,16,30,923,96,796,34,2.1,8.8,40.69
2023,5,23,17,30,953,105,942,35.800000000000004,2.3000000000000003,7.8100000000000005,28.51
2023,5,23,18,30,968,110,1032,37.1,2.5,7.18,17.7
2023,5,23,19,30,975,111,1062,38,2.8000000000000003,6.63,12.86
2023,5,23,20,30,970,109,1025,38.5,3,6.18,19.26
2023,5,23,21,30,949,106,924,38.6,3,5.9,30.45
2023,5,23,22,30,909,99,767,38.2,3,5.8,42.72
2023,5,23,23,30,845,88,570,37.4,2.9000000000000004,5.89,55.21
2023,5,24,0,30,731,73,352,35.5,2.2,6.57,67.6
2023,5,24,1,30,486,49,136,32,1.6,13.52,79.67
2023,5,24,2,30,16,2,2,28.900000000000002,1.9000000000000001,17.98,91.33
2023,5,24,3,30,0,0,0,27.5,2.6,18.73,102.10000000000001
2023,5,24,4,30,0,0,0,26.3,2.8000000000000003,20.19,111.62
2023,5,24,5,30,0,0,0,24.8,2.3000000000000003,23.06,119.27
2023,5,24,6,30,0,0,0,23.5,1.5,26.72,124.24000000000001
2023,5,24,7,30,0,0,0,23,1.1,29.35,125.79
2023,5,24,8,30,0,0,0,23.3,0.7000000000000001,28.73,123.63000000000001
2023,5,24,9,30,0,0,0,23.400000000000002,0.4,27.810000000000002,118.15
2023,5,24,10,30,0,0,0,22.5,0.7000000000000001,28.62,110.14
2023,5,24,11,30,0,0,0,21.1,1.1,31.55,100.37
2023,5,24,12,30,68,10,11,21.900000000000002,1.4000000000000001,30.41,89.06
2023,5,24,13,30,528,53,166,25,2,26.62,77.68
2023,5,24,14,30,732,76,379,28.200000000000003,2.5,22.21,65.54
2023,5,24,15,30,835,92,593,30.8,2.7,19.56,53.11
2023,5,24,16,30,896,101,781,32.800000000000004,2.9000000000000004,16.45,40.62
2023,5,24,17,30,931,107,926,34.4,3.1,14.06,28.42
2023,5,24,18,30,952,110,1018,35.7,3.2,12.23,17.57
2023,5,24,19,30,955,113,1045,36.6,3.3000000000000003,10.99,12.67
2023,5,24,20,30,948,114,1010,37.1,3.2,10.19,19.12
2023,5,24,21,30,924,113,910,37.300000000000004,2.9000000000000004,9.76,30.34
2023,5,24,22,30,886,105,757,37,2.7,9.75,42.61
2023,5,24,23,30,822,93,563,36.300000000000004,2.7,9.97,55.11
2023,5,25,0,30,705,77,347,34.800000000000004,2.2,10.65,67.49
2023,5,25,1,30,465,52,136,31.400000000000002,1.6,15.52,79.55
2023,5,25,2,30,20,4,4,28.3,1.7000000000000002,20.490000000000002,91.21000000000001
2023,5,25,3,30,0,0,0,27,2.2,19.78,101.96000000000001
2023,5,25,4,30,0,0,0,25.8,2.5,19.28,111.46000000000001
2023,5,25,5,30,0,0,0,24.200000000000003,2.2,20.04,119.09
2023,5,25,6,30,0,0,0,22.700000000000003,1.6,21.84,124.06
2023,5,25,7,30,0,0,0,21.6,1.2000000000000002,23.94,125.61
2023,5,25,8,30,0,0,0,21.5,1,24.87,123.46000000000001
2023,5,25,9,30,0,0,0,22.1,0.6000000000000001,23.71,118
2023,5,25,10,30,0,0,0,21.700000000000003,0.6000000000000001,23.43,110.01
2023,5,25,11,30,0,0,0,20.200000000000003,1.1,24.89,100.27
2023,5,25,12,30,74,12,13,20.8,1.6,23.68,88.99
2023,5,25,13,30,528,56,169,24.1,2.5,18.77,77.61
2023,5,25,14,30,737,78,384,27.200000000000003,3.1,17.37,65.48
2023,5,25,15,30,843,92,599,29.900000000000002,3.3000000000000003,17.29,53.050000000000004
2023,5,25,16,30,906,102,790,32,3.5,15.200000000000001,40.56
2023,5,25,17,30,947,105,938,33.800000000000004,3.6,13.08,28.35
2023,5,25,18,30,969,107,1031,35.300000000000004,3.7,11.18,17.45
2023,5,25,19,30,975,109,1061,36.4,3.7,9.6,12.49
2023,5,25,20,30,973,105,1025,37.1,3.6,8.33,18.97
2023,5,25,21,30,958,98,926,37.5,3.5,7.42,30.22
2023,5,25,22,30,922,92,772,37.300000000000004,3.5,7.0600000000000005,42.51
2023,5,25,23,30,856,85,576,36.6,3.6,7.13,55
2023,5,26,0,30,733,74,356,34.9,3.3000000000000003,7.8,67.39
2023,5,26,1,30,473,52,139,31.400000000000002,2.5,10.96,79.44
2023,5,26,2,30,19,4,4,28.1,2.4000000000000004,15.32,91.08
2023,5,26,3,30,0,0,0,26.5,2.7,16.91,101.82000000000001
2023,5,26,4,30,0,0,0,25,2.5,19.71,111.31
2023,5,26,5,30,0,0,0,23.3,1.9000000000000001,24.21,118.93
2023,5,26,6,30,0,0,0,22,1.3,29.02,123.88000000000001
2023,5,26,7,30,0,0,0,21.5,1,31.92,125.43
2023,5,26,8,30,0,0,0,21.400000000000002,0.9,32.76,123.3
2023,5,26,9,30,0,0,0,20.8,1,34.22,117.86
2023,5,26,10,30,0,0,0,19.8,1.1,36.29,109.89
2023,5,26,11,30,0,0,0,19.1,1.2000000000000002,37.51,100.17
2023,5,26,12,30,48,11,12,20.6,1.5,33.74,88.91
2023,5,26,13,30,473,62,164,23.8,2.5,28.1,77.54
2023,5,26,14,30,694,88,377,26.5,3.3000000000000003,26.63,65.41
2023,5,26,15,30,808,105,591,28.8,3.7,23.66,52.99
2023,5,26,16,30,874,116,781,30.8,3.9000000000000004,19.52,40.5
2023,5,26,17,30,912,125,928,32.5,4,15.99,28.28
2023,5,26,18,30,930,133,1021,34,4,13.1,17.34
2023,5,26,19,30,936,137,1051,35.1,4.2,11.120000000000001,12.32
2023,5,26,20,30,928,135,1013,35.7,4.3,9.870000000000001,18.830000000000002
2023,5,26,21,30,906,130,914,35.9,4.3,9.290000000000001,30.11
2023,5,26,22,30,861,125,761,35.5,4.3,9.33,42.410000000000004
2023,5,26,23,30,775,116,562,34.6,4.3,9.71,54.9
2023,5,27,0,30,628,99,342,33,3.8000000000000003,10.56,67.28
2023,5,27,1,30,355,65,131,29.700000000000003,2.6,13.07,79.33
2023,5,27,2,30,6,4,4,26.400000000000002,1.9000000000000001,17.61,90.96000000000001
2023,5,27,3,30,0,0,0,24.8,1.8,18.61,101.69
2023,5,27,4,30,0,0,0,23.6,1.7000000000000002,18.990000000000002,111.16
2023,5,27,5,30,0,0,0,22.400000000000002,1.5,19.82,118.76
2023,5,27,6,30,0,0,0,21.3,1.4000000000000001,21.28,123.71000000000001
2023,5,27,7,30,0,0,0,20.5,1.4000000000000001,23.12,125.26
2023,5,27,8,30,0,0,0,19.8,1.3,25.12,123.14
2023,5,27,9,30,0,0,0,19.1,1.2000000000000002,27.22,117.72
2023,5,27,10,30,0,0,0,18.5,1.1,29.150000000000002,109.78
2023,5,27,11,30,0,0,0,18.2,1.1,30.72,100.07000000000001
2023,5,27,12,30,33,11,12,19.400000000000002,1.2000000000000002,29.59,88.84
2023,5,27,13,30,416,71,161,22.5,1.6,25.740000000000002,77.47
2023,5,27,14,30,649,102,373,25.900000000000002,1.7000000000000002,22.93,65.36
2023,5,27,15,30,774,121,587,28.8,1.7000000000000002,19.45,52.94
2023,5,27,16,30,848,132,777,31,1.9000000000000001,15.89,40.45
2023,5,27,17,30,916,122,929,32.7,2.2,13.870000000000001,28.21
2023,5,27,18,30,968,106,1031,34.2,2.4000000000000004,12.290000000000001,17.23
2023,5,27,19,30,972,108,1058,35.2,2.6,11.13,12.15
2023,5,27,20,30,963,109,1021,36,2.6,10.05,18.7
2023,5,27,21,30,944,105,923,36.300000000000004,2.7,9.3,30
2023,5,27,22,30,909,99,771,36.1,2.7,8.78,42.31
2023,5,27,23,30,848,88,577,35.4,2.7,8.540000000000001,54.800000000000004
2023,5,28,0,30,739,72,359,33.9,2.2,8.96,67.18
2023,5,28,1,30,512,49,145,30.8,1.4000000000000001,12.82,79.21000000000001
2023,5,28,2,30,33,5,5,28.200000000000003,1.1,16.81,90.83
2023,5,28,3,30,0,0,0,27.200000000000003,1.1,16.82,101.55
2023,5,28,4,30,0,0,0,26.400000000000002,0.9,17.32,111.01
2023,5,28,5,30,0,0,0,25.8,0.7000000000000001,17.900000000000002,118.60000000000001
2023,5,28,6,30,0,0,0,25.1,0.4,18.07,123.54
2023,5,28,7,30,0,0,0,24.1,0.4,19.12,125.10000000000001
2023,5,28,8,30,0,0,0,22.700000000000003,0.7000000000000001,21.21,122.99000000000001
2023,5,28,9,30,0,0,0,21.400000000000002,0.9,23.7,117.59
2023,5,28,10,30,0,0,0,20.3,1.1,25.96,109.67
2023,5,28,11,30,0,0,0,19.3,1.1,28.11,99.99000000000001
2023,5,28,12,30,85,12,14,20.200000000000003,1.3,26.97,88.77
2023,5,28,13,30,546,55,174,23.3,1.8,23.09,77.41
2023,5,28,14,30,752,76,390,26.900000000000002,2,17.330000000000002,65.31
2023,5,28,15,30,857,90,607,30,2.1,13.96,52.9
2023,5,28,16,30,919,98,798,32.5,2.5,11.5,40.4
2023,5,28,17,30,952,105,944,34.300000000000004,2.8000000000000003,9.83,28.150000000000002
2023,5,28,18,30,971,108,1036,35.800000000000004,3,8.39,17.13
2023,5,28,19,30,978,109,1066,36.800000000000004,3,7.33,11.98
2023,5,28,20,30,971,108,1028,37.5,2.9000000000000004,6.53,18.57
2023,5,28,21,30,951,106,930,37.7,2.6,6.05,29.900000000000002
2023,5,28,22,30,917,100,779,37.5,2.5,5.8,42.21
2023,5,28,23,30,852,90,582,36.800000000000004,2.5,5.7700000000000005,54.71
2023,5,29,0,30,736,76,363,35,1.9000000000000001,6.25,67.08
2023,5,29,1,30,501,52,147,31.8,1.3,10.68,79.11
2023,5,29,2,30,30,5,5,28.6,1.4000000000000001,13.58,90.18
2023,5,29,3,30,0,0,0,26.6,1.7000000000000002,15.22,101.42
2023,5,29,4,30,0,0,0,24.8,1.9000000000000001,17.67,110.87
2023,5,29,5,30,0,0,0,23.3,1.9000000000000001,20.31,118.45
2023,5,29,6,30,0,0,0,21.8,1.7000000000000002,23.62,123.38000000000001
2023,5,29,7,30,0,0,0,20.6,1.2000000000000002,26.85,124.94
2023,5,29,8,30,0,0,0,20.3,0.9,28.42,122.85000000000001
2023,5,29,9,30,0,0,0,20.6,0.6000000000000001,27.96,117.47
2023,5,29,10,30,0,0,0,20.400000000000002,0.6000000000000001,27.93,109.57000000000001
2023,5,29,11,30,0,0,0,19.900000000000002,0.9,28.04,99.9
2023,5,29,12,30,84,13,15,20.8,1.2000000000000002,25.69,88.71000000000001
2023,5,29,13,30,541,56,174,23.8,1.8,21.87,77.35000000000001
2023,5,29,14,30,745,78,390,27.1,2.6,18.68,65.26
2023,5,29,15,30,848,93,605,29.700000000000003,3,17.27,52.85
2023,5,29,16,30,909,101,794,32,3.2,14.58,40.36
2023,5,29,17,30,946,106,941,33.9,3.3000000000000003,12.370000000000001,28.09
2023,5,29,18,30,967,107,1032,35.5,3.4000000000000004,10.700000000000001,17.04
2023,5,29,19,30,970,110,1059,36.7,3.5,9.56,11.82
2023,5,29,20,30,957,113,1021,37.4,3.5,8.870000000000001,18.44
2023,5,29,21,30,928,114,919,37.6,3.4000000000000004,8.59,29.79
2023,5,29,22,30,882,109,763,37.300000000000004,3.3000000000000003,8.66,42.12
2023,5,29,23,30,811,99,569,36.6,3.2,8.99,54.61
2023,5,30,0,30,690,84,354,35,2.6,9.83,66.98
2023,5,30,1,30,452,57,143,31.5,1.8,13.31,79
2023,5,30,2,30,23,5,5,28.200000000000003,1.6,17.67,90.08
2023,5,30,3,30,0,0,0,26.700000000000003,2,18.37,101.29
2023,5,30,4,30,0,0,0,25.6,2.4000000000000004,19.11,110.73
2023,5,30,5,30,0,0,0,24.200000000000003,2.5,20.62,118.3
2023,5,30,6,30,0,0,0,22.700000000000003,2.2,22.92,123.22
2023,5,30,7,30,0,0,0,21.3,1.6,25.86,124.79
2023,5,30,8,30,0,0,0,20.5,1.1,28.25,122.71000000000001
2023,5,30,9,30,0,0,0,20.5,0.8,29.03,117.35000000000001
2023,5,30,10,30,0,0,0,20.400000000000002,0.8,29.21,109.47
2023,5,30,11,30,0,0,0,19.8,1,30.1,99.82000000000001
2023,5,30,12,30,90,13,15,20.900000000000002,1.3,28.16,88.65
2023,5,30,13,30,544,56,176,24.200000000000003,1.6,23.82,77.3
2023,5,30,14,30,743,79,391,27.5,2.1,19.6,65.21000000000001
2023,5,30,15,30,845,93,604,30.1,2.6,16.19,52.81
2023,5,30,16,30,902,103,791,32.2,3.1,13.25,40.32
2023,5,30,17,30,941,106,937,34,3.4000000000000004,11.23,28.04
2023,5,30,18,30,962,108,1028,35.4,3.6,9.91,16.95
2023,5,30,19,30,965,111,1056,36.300000000000004,3.8000000000000003,9.09,11.67
2023,5,30,20,30,951,114,1017,36.800000000000004,4.1000000000000005,8.620000000000001,18.31
2023,5,30,21,30,907,126,914,36.800000000000004,4.4,8.6,29.69
2023,5,30,22,30,827,135,749,36.300000000000004,4.800000000000001,9.06,42.02
2023,5,30,23,30,795,104,566,35.300000000000004,5,10.05,54.51
2023,5,31,0,30,666,87,349,33.6,5,11.700000000000001,66.88
2023,5,31,1,30,428,59,141,30.900000000000002,4.5,14.23,78.9
2023,5,31,2,30,21,5,5,28,3.7,17.18,89.98
2023,5,31,3,30,0,0,0,25.8,2.9000000000000004,18.59,101.17
2023,5,31,4,30,0,0,0,23.900000000000002,1.9000000000000001,19.81,110.59
2023,5,31,5,30,0,0,0,22.5,1.3,21.400000000000002,118.15
2023,5,31,6,30,0,0,0,21.700000000000003,1.1,22.830000000000002,123.07000000000001
2023,5,31,7,30,0,0,0,21.400000000000002,1,23.36,124.64
2023,5,31,8,30,0,0,0,21.1,0.9,23.73,122.58
2023,5,31,9,30,0,0,0,20.6,0.9,24.5,117.24000000000001
2023,5,31,10,30,0,0,0,20,0.9,25.42,109.38
2023,5,31,11,30,0,0,0,19.400000000000002,0.9,26.05,99.75
2023,5,31,12,30,78,13,15,20.200000000000003,1.1,24.490000000000002,88.60000000000001
2023,5,31,13,30,525,57,173,22.8,1.8,21.84,77.26
2023,5,31,14,30,727,82,387,25.700000000000003,2.6,21.72,65.18
2023,5,31,15,30,827,98,598,28,3.4000000000000004,20.78,52.78
2023,5,31,16,30,882,111,784,29.700000000000003,4.1000000000000005,18.89,40.28
2023,5,31,17,30,905,125,924,31.1,4.6000000000000005,17.25,28
2023,5,31,18,30,904,142,1007,32,4.9,16.03,16.87
2023,5,31,19,30,888,157,1027,32.6,5.2,15.290000000000001,11.53
2023,5,31,20,30,880,154,990,32.800000000000004,5.4,15.16,18.19
2023,5,31,21,30,869,139,895,32.6,5.6000000000000005,15.07,29.59
2023,5,31,22,30,737,179,727,32,5.7,15.02,41.93
2023,5,31,23,30,612,176,532,30.8,5.6000000000000005,15.26,54.42
2023,6,1,0,30,622,99,344,29.3,5.2,15.75,66.78
2023,6,1,1,30,284,80,135,27,3.9000000000000004,17.14,78.79
2023,6,1,2,30,0,4,4,24.400000000000002,2.4000000000000004,19.85,89.88
2023,6,1,3,30,0,0,0,22.8,1.9000000000000001,21.96,101.05
2023,6,1,4,30,0,0,0,21.700000000000003,1.6,23.76,110.46000000000001
2023,6,1,5,30,0,0,0,20.8,1.4000000000000001,25.66,118.01
2023,6,1,6,30,0,0,0,19.900000000000002,1.3,27.88,122.93
2023,6,1,7,30,0,0,0,19.3,1.2000000000000002,29.830000000000002,124.5
2023,6,1,8,30,0,0,0,18.8,1.1,31.77,122.45
2023,6,1,9,30,0,0,0,18.2,1,33.71,117.14
2023,6,1,10,30,0,0,0,17.5,1,35.89,109.3
2023,6,1,11,30,0,0,0,16.900000000000002,1,38.02,99.68
2023,6,1,12,30,38,12,13,18.1,1.4000000000000001,36.07,88.55
2023,6,1,13,30,410,72,163,21.1,1.9000000000000001,31.38,77.21000000000001
2023,6,1,14,30,635,105,372,24.200000000000003,2.1,30.02,65.14
2023,6,1,15,30,756,124,582,26.900000000000002,2.2,24.650000000000002,52.75
2023,6,1,16,30,828,138,770,28.8,2.1,20.06,40.25
2023,6,1,17,30,898,130,923,30.400000000000002,1.8,17.11,27.96
2023,6,1,18,30,951,111,1021,31.700000000000003,1.6,15.040000000000001,16.8
2023,6,1,19,30,956,115,1052,32.7,1.5,13.6,11.39
2023,6,1,20,30,946,115,1014,33.4,1.5,12.52,18.07
2023,6,1,21,30,922,113,916,33.7,1.7000000000000002,11.78,29.490000000000002
2023,6,1,22,30,882,107,764,33.4,1.9000000000000001,11.64,41.84
2023,6,1,23,30,816,97,573,32.7,1.9000000000000001,11.870000000000001,54.33
2023,6,2,0,30,701,82,359,31.400000000000002,1.6,12.620000000000001,66.69
2023,6,2,1,30,476,55,148,29.400000000000002,1,14.84,78.69
2023,6,2,2,30,40,7,7,27.5,0.9,19.03,89.79
2023,6,2,3,30,0,0,0,26.400000000000002,1,19.78,100.93
2023,6,2,4,30,0,0,0,25.400000000000002,1.2000000000000002,20.98,110.33
2023,6,2,5,30,0,0,0,24.400000000000002,1.4000000000000001,22.87,117.88
2023,6,2,6,30,0,0,0,23.5,1.4000000000000001,25.75,122.79
2023,6,2,7,30,0,0,0,22.700000000000003,1.5,29.28,124.37
2023,6,2,8,30,0,0,0,21.900000000000002,1.6,33,122.33
2023,6,2,9,30,0,0,0,21.1,1.5,37.26,117.04
2023,6,2,10,30,0,0,0,20.1,1.3,42.39,109.22
2023,6,2,11,30,0,0,0,19.3,1.2000000000000002,47.5,99.62
2023,6,2,12,30,51,13,14,20.200000000000003,1.6,47.33,88.51
2023,6,2,13,30,449,65,165,22.900000000000002,2.3000000000000003,42.08,77.18
2023,6,2,14,30,668,93,374,25.8,2.7,34.07,65.11
2023,6,2,15,30,784,109,584,28.400000000000002,2.6,25.900000000000002,52.730000000000004
2023,6,2,16,30,853,121,772,30.5,2.4000000000000004,21.07,40.230000000000004
2023,6,2,17,30,893,127,916,32.2,2.1,18.150000000000002,27.93
2023,6,2,18,30,917,130,1008,33.6,1.9000000000000001,15.83,16.73
2023,6,2,19,30,928,129,1039,34.6,1.9000000000000001,14.09,11.26
2023,6,2,20,30,923,128,1006,35.300000000000004,2,12.72,17.96
2023,6,2,21,30,904,123,911,35.5,2.1,11.790000000000001,29.400000000000002
2023,6,2,22,30,868,114,762,35.2,2.2,11.200000000000001,41.75
2023,6,2,23,30,805,103,573,34.5,2.2,10.9,54.24
2023,6,3,0,30,691,84,359,33.2,1.9000000000000001,11.09,66.59
2023,6,3,1,30,462,58,149,30.3,1.3,13.15,78.59
2023,6,3,2,30,34,8,8,27.400000000000002,1,17.61,89.7
2023,6,3,3,30,0,0,0,26.200000000000003,1.2000000000000002,18.07,100.82000000000001
2023,6,3,4,30,0,0,0,25.400000000000002,1.2000000000000002,18.62,110.21000000000001
2023,6,3,5,30,0,0,0,24.6,1.3,19.580000000000002,117.75
2023,6,3,6,30,0,0,0,23.900000000000002,1.2000000000000002,20.82,122.66
2023,6,3,7,30,0,0,0,23.400000000000002,1,22.12,124.24000000000001
2023,6,3,8,30,0,0,0,23.1,0.8,23.37,122.22
2023,6,3,9,30,0,0,0,22.6,0.4,25.52,116.94
2023,6,3,10,30,0,0,0,21.700000000000003,0.30000000000000004,29.240000000000002,109.14
2023,6,3,11,30,0,0,0,20.8,0.5,32.8,99.56
2023,6,3,12,30,58,12,14,21.5,0.8,33.61,88.47
2023,6,3,13,30,459,64,166,24,1.3,30.72,77.14
2023,6,3,14,30,671,91,374,27.1,1.7000000000000002,25.29,65.09
2023,6,3,15,30,782,109,583,30.3,1.9000000000000001,20.29,52.7
2023,6,3,16,30,846,121,767,33.1,2.2,16.51,40.21
2023,6,3,17,30,901,120,916,35.1,2.5,14.24,27.900000000000002
2023,6,3,18,30,942,111,1013,36.5,2.6,13.1,16.67
2023,6,3,19,30,949,111,1042,37.5,2.6,12.44,11.13
2023,6,3,20,30,940,112,1007,38.1,2.5,12.030000000000001,17.85
2023,6,3,21,30,916,112,911,38.300000000000004,2.5,11.68,29.310000000000002
2023,6,3,22,30,882,105,764,38,2.5,11.42,41.660000000000004
2023,6,3,23,30,823,93,575,37.300000000000004,2.3000000000000003,11.26,54.15
2023,6,4,0,30,714,77,362,35.9,1.9000000000000001,11.53,66.5
2023,6,4,1,30,493,54,152,32.7,1.3,14.01,78.5
2023,6,4,2,30,46,8,8,29.6,1.1,17.84,89.62
2023,6,4,3,30,0,0,0,28,1.3,18.34,100.7
2023,6,4,4,30,0,0,0,26.8,1.4000000000000001,19.06,110.09
2023,6,4,5,30,0,0,0,25.8,1.6,19.8,117.62
2023,6,4,6,30,0,0,0,24.8,1.6,20.79,122.53
2023,6,4,7,30,0,0,0,23.900000000000002,1.5,22,124.12
2023,6,4,8,30,0,0,0,23.5,1.2000000000000002,22.79,122.12
2023,6,4,9,30,0,0,0,23.6,0.8,23.02,116.86
2023,6,4,10,30,0,0,0,23.3,0.6000000000000001,24.09,109.07000000000001
2023,6,4,11,30,0,0,0,22.400000000000002,0.7000000000000001,26.21,99.51
2023,6,4,12,30,67,13,15,23,1.1,25.900000000000002,88.44
2023,6,4,13,30,477,63,169,25.700000000000003,1.6,23.330000000000002,77.12
2023,6,4,14,30,684,90,378,28.900000000000002,2,19.150000000000002,65.07000000000001
2023,6,4,15,30,796,106,588,32,2.1,15.48,52.69
2023,6,4,16,30,862,118,776,34.800000000000004,2.3000000000000003,12.5,40.19
2023,6,4,17,30,576,321,830,37,2.6,10.64,27.87
2023,6,4,18,30,929,124,1014,38.5,2.9000000000000004,9.71,16.62
2023,6,4,19,30,939,123,1045,39.400000000000006,3,9.19,11.01
2023,6,4,20,30,935,121,1012,39.800000000000004,3,8.9,17.740000000000002
2023,6,4,21,30,914,119,917,39.900000000000006,2.9000000000000004,8.67,29.22
2023,6,4,22,30,879,111,769,39.5,2.7,8.48,41.58
2023,6,4,23,30,819,99,580,38.7,2.4000000000000004,8.33,54.07
2023,6,5,0,30,706,82,365,37.1,1.8,8.57,66.41
2023,6,5,1,30,481,56,153,34,1.2000000000000002,11.290000000000001,78.41
2023,6,5,2,30,42,8,8,31,1.2000000000000002,14.07,89.53
2023,6,5,3,30,0,0,0,29.5,1.4000000000000001,14.42,100.60000000000001
2023,6,5,4,30,0,0,0,28,1.5,15.65,109.98
2023,6,5,5,30,0,0,0,26.6,1.6,17.150000000000002,117.5
2023,6,5,6,30,0,0,0,25.3,1.6,18.85,122.41
2023,6,5,7,30,0,0,0,24.1,1.5,20.67,124.01
2023,6,5,8,30,0,0,0,23.3,1.3,22.36,122.02
2023,6,5,9,30,0,0,0,23.1,1.1,23.26,116.78
2023,6,5,10,30,0,0,0,23.200000000000003,0.7000000000000001,23.66,109.01
2023,6,5,11,30,0,0,0,23.3,0.4,24.580000000000002,99.46000000000001
2023,6,5,12,30,73,13,15,24,0.4,25.310000000000002,88.4
2023,6,5,13,30,314,86,156,26.200000000000003,0.9,24.02,77.09
2023,6,5,14,30,384,180,342,29.5,1.7000000000000002,17.5,65.05
2023,6,5,15,30,500,233,536,32.5,2.3000000000000003,11.8,52.68
2023,6,5,16,30,482,308,676,34.800000000000004,2.7,9.4,40.18
2023,6,5,17,30,616,269,814,36.6,2.9000000000000004,8.41,27.85
2023,6,5,18,30,786,223,976,38.2,3.2,7.88,16.57
2023,6,5,19,30,927,129,1039,39.400000000000006,3.6,7.65,10.9
2023,6,5,20,30,920,128,1005,40.1,4.1000000000000005,7.55,17.64
2023,6,5,21,30,902,123,911,40.400000000000006,4.7,7.12,29.13
2023,6,5,22,30,864,118,765,39.900000000000006,5.300000000000001,6.390000000000001,41.49
2023,6,5,23,30,792,109,575,38.7,5.9,5.79,53.980000000000004
2023,6,6,0,30,381,157,310,36.7,6,5.82,66.33
2023,6,6,1,30,159,74,106,33.7,5,6.83,78.31
2023,6,6,2,30,10,8,8,30.3,3.3000000000000003,8.5,89.45
2023,6,6,3,30,0,0,0,27.8,2.1,10.15,100.49000000000001
2023,6,6,4,30,0,0,0,26,1.6,11.99,109.87
2023,6,6,5,30,0,0,0,24.5,1.2000000000000002,14.39,117.39
2023,6,6,6,30,0,0,0,23.5,1.1,16.79,122.3
2023,6,6,7,30,0,0,0,23,1,18.63,123.9
2023,6,6,8,30,0,0,0,23.1,0.9,19.47,121.92
2023,6,6,9,30,0,0,0,23.400000000000002,0.5,19.490000000000002,116.7
2023,6,6,10,30,0,0,0,23.1,0.5,20.07,108.95
2023,6,6,11,30,0,0,0,22.3,0.8,20.64,99.42
2023,6,6,12,30,69,14,16,22.8,0.9,19.48,88.38
2023,6,6,13,30,501,63,175,25.3,1.7000000000000002,17.740000000000002,77.07000000000001
2023,6,6,14,30,711,89,389,28.1,3,15.76,65.04
2023,6,6,15,30,819,105,602,30.5,3.7,13.43,52.67
2023,6,6,16,30,881,117,790,32.5,4.2,11.19,40.17
2023,6,6,17,30,919,123,936,34.300000000000004,4.6000000000000005,9.72,27.84
2023,6,6,18,30,940,127,1028,35.7,4.800000000000001,8.72,16.52
2023,6,6,19,30,945,129,1057,36.6,5,8.06,10.790000000000001
2023,6,6,20,30,939,130,1025,37.2,5.2,7.49,17.54
2023,6,6,21,30,913,129,927,37.1,5.5,7.26,29.04
2023,6,6,22,30,870,123,775,36.4,5.6000000000000005,7.3500000000000005,41.410000000000004
2023,6,6,23,30,797,111,581,35.300000000000004,5.4,7.57,53.9
2023,6,7,0,30,673,95,366,33.6,4.800000000000001,8.09,66.24
2023,6,7,1,30,432,65,153,30.400000000000002,3.3000000000000003,9.73,78.22
2023,6,7,2,30,27,9,9,27.1,2,12.81,89.36
2023,6,7,3,30,0,0,0,25.200000000000003,1.7000000000000002,14.89,100.39
2023,6,7,4,30,0,0,0,24,1.5,16.48,109.76
2023,6,7,5,30,0,0,0,22.900000000000002,1.5,18.26,117.28
2023,6,7,6,30,0,0,0,21.6,1.4000000000000001,20.71,122.19
2023,6,7,7,30,0,0,0,20.400000000000002,1.3,23.63,123.8
2023,6,7,8,30,0,0,0,19.6,1.1,26.19,121.84
2023,6,7,9,30,0,0,0,19.400000000000002,0.9,27.43,116.63
2023,6,7,10,30,0,0,0,19.700000000000003,0.5,27.27,108.9
2023,6,7,11,30,0,0,0,19.700000000000003,0.4,27.36,99.39
2023,6,7,12,30,73,14,16,20.6,0.7000000000000001,25.44,88.35000000000001
2023,6,7,13,30,490,64,174,23.1,1.2000000000000002,22.46,77.06
2023,6,7,14,30,711,88,388,26,1.8,23.23,65.03
2023,6,7,15,30,819,104,601,28.3,2.7,19.54,52.660000000000004
2023,6,7,16,30,886,113,790,30.3,3.2,16,40.17
2023,6,7,17,30,927,117,937,32.2,3.6,13.38,27.830000000000002
2023,6,7,18,30,946,123,1030,33.7,3.7,11.3,16.490000000000002
2023,6,7,19,30,953,125,1061,34.9,3.8000000000000003,9.540000000000001,10.69
2023,6,7,20,30,943,126,1026,35.6,3.8000000000000003,8.25,17.44
2023,6,7,21,30,919,124,928,35.9,3.8000000000000003,7.36,28.96
2023,6,7,22,30,882,116,778,35.6,3.8000000000000003,7.13,41.33
2023,6,7,23,30,817,104,586,34.800000000000004,3.8000000000000003,7.4,53.82
2023,6,8,0,30,698,88,370,33.4,3.5,8.22,66.16
2023,6,8,1,30,468,61,157,30.1,2.4000000000000004,10.8,78.14
2023,6,8,2,30,40,9,10,26.8,1.7000000000000002,15.24,89.28
2023,6,8,3,30,0,0,0,25.3,1.7000000000000002,17.86,100.3
2023,6,8,4,30,0,0,0,24.3,1.7000000000000002,20.23,109.66
2023,6,8,5,30,0,0,0,23.3,1.6,22.62,117.17
2023,6,8,6,30,0,0,0,22.3,1.4000000000000001,24.96,122.09
2023,6,8,7,30,0,0,0,21.200000000000003,1.3,27.400000000000002,123.71000000000001
2023,6,8,8,30,0,0,0,20.3,1.2000000000000002,29.55,121.76
2023,6,8,9,30,0,0,0,19.6,1.1,31.38,116.57000000000001
2023,6,8,10,30,0,0,0,19.200000000000003,1,32.47,108.86
2023,6,8,11,30,0,0,0,18.8,1,33.33,99.35000000000001
2023,6,8,12,30,56,13,15,20.1,1.5,30.34,88.33
2023,6,8,13,30,462,67,171,23.200000000000003,2.1,24.52,77.05
2023,6,8,14,30,686,95,385,26.400000000000002,2.3000000000000003,20.73,65.02
2023,6,8,15,30,805,110,598,29.3,2.6,16.9,52.660000000000004
2023,6,8,16,30,874,119,787,31.5,3.1,13.27,40.17
2023,6,8,17,30,922,121,936,33.2,3.4000000000000004,10.71,27.82
2023,6,8,18,30,949,120,1030,34.6,3.5,8.94,16.46
2023,6,8,19,30,758,196,941,35.4,3.5,7.97,10.6
2023,6,8,20,30,551,322,848,35.6,3.5,7.66,17.35
2023,6,8,21,30,591,285,802,35.1,3.6,7.84,28.88
2023,6,8,22,30,358,335,604,34.4,3.7,8.2,41.25
2023,6,8,23,30,269,278,437,33.6,3.5,8.8,53.74
2023,6,9,0,30,298,126,247,32.300000000000004,2.8000000000000003,9.89,66.08
2023,6,9,1,30,63,28,41,29.900000000000002,1.8,12.73,78.05
2023,6,9,2,30,0,8,8,27.6,1.5,16.07,89.2
2023,6,9,3,30,0,0,0,26.200000000000003,1.6,18.2,100.2
2023,6,9,4,30,0,0,0,25.3,1.6,19.81,109.56
2023,6,9,5,30,0,0,0,24.400000000000002,1.4000000000000001,21.54,117.07000000000001
2023,6,9,6,30,0,0,0,23.400000000000002,1.2000000000000002,23.36,121.99000000000001
2023,6,9,7,30,0,0,0,22.400000000000002,1.1,25.03,123.62
2023,6,9,8,30,0,0,0,21.700000000000003,1,26.240000000000002,121.69
2023,6,9,9,30,0,0,0,21.6,0.8,26.53,116.52
2023,6,9,10,30,0,0,0,21.3,0.7000000000000001,27.17,108.82000000000001
2023,6,9,11,30,0,0,0,20.400000000000002,0.9,28.72,99.33
2023,6,9,12,30,71,14,16,21,1.3,27.78,88.32000000000001
2023,6,9,13,30,292,94,159,23.8,1.9000000000000001,23.56,77.04
2023,6,9,14,30,502,142,354,26.700000000000003,2.2,19.94,65.02
2023,6,9,15,30,784,118,593,29,2.3000000000000003,16.82,52.67
2023,6,9,16,30,877,117,787,30.6,2.6,14.05,40.17
2023,6,9,17,30,783,207,899,31.8,3,11.91,27.82
2023,6,9,18,30,930,131,1023,33,3.3000000000000003,10.23,16.43
2023,6,9,19,30,957,122,1063,34.300000000000004,3.4000000000000004,8.82,10.51
2023,6,9,20,30,957,117,1031,35.300000000000004,3.4000000000000004,7.73,17.26
2023,6,9,21,30,939,111,934,35.6,3.2,7.21,28.8
2023,6,9,22,30,904,105,785,35.5,2.8000000000000003,7.05,41.18
2023,6,9,23,30,844,94,594,34.800000000000004,2.3000000000000003,7.24,53.660000000000004
2023,6,10,0,30,741,78,379,33.5,1.6,7.74,66
2023,6,10,1,30,531,54,165,31.1,0.9,9.85,77.97
2023,6,10,2,30,64,10,11,29.1,0.7000000000000001,12.24,89.12
2023,6,10,3,30,0,0,0,28.3,0.7000000000000001,12.34,100.11
2023,6,10,4,30,0,0,0,27.200000000000003,0.8,13.19,109.47
2023,6,10,5,30,0,0,0,26,1,14.8,116.98
2023,6,10,6,30,0,0,0,24.8,1.1,16.68,121.9
2023,6,10,7,30,0,0,0,23.700000000000003,1.1,18.79,123.54
2023,6,10,8,30,0,0,0,22.8,1,20.97,121.62
2023,6,10,9,30,0,0,0,22.400000000000002,0.7000000000000001,22.42,116.47
2023,6,10,10,30,0,0,0,22.400000000000002,0.30000000000000004,22.79,108.79
2023,6,10,11,30,0,0,0,22,0.4,23.41,99.31
2023,6,10,12,30,75,14,16,22.200000000000003,0.7000000000000001,22.88,88.31
2023,6,10,13,30,491,64,174,24.200000000000003,1.3,20.38,77.04
2023,6,10,14,30,721,85,389,27.6,1.8,16.02,65.03
2023,6,10,15,30,608,192,561,31.1,2,12.52,52.67
2023,6,10,16,30,893,108,790,33.7,2.4000000000000004,9.81,40.18
2023,6,10,17,30,924,116,933,35.2,2.9000000000000004,8.49,27.82
2023,6,10,18,30,940,121,1023,35.4,3.1,8.14,16.41
2023,6,10,19,30,875,169,1030,35,3.2,8.19,10.43
2023,6,10,20,30,657,275,903,35.7,3.4000000000000004,7.87,17.18
2023,6,10,21,30,836,156,889,36.800000000000004,3.4000000000000004,7.37,28.72
2023,6,10,22,30,901,99,778,37.2,3.4000000000000004,7.07,41.1
2023,6,10,23,30,846,88,590,36.7,3.4000000000000004,7.08,53.59
2023,6,11,0,30,741,75,377,35.300000000000004,2.8000000000000003,7.47,65.92
2023,6,11,1,30,532,53,165,31.8,1.9000000000000001,9.59,77.9
2023,6,11,2,30,67,10,11,28.3,1.7000000000000002,12.82,89.05
2023,6,11,3,30,0,0,0,27,2,13.86,100.03
2023,6,11,4,30,0,0,0,26.1,2,15.25,109.38
2023,6,11,5,30,0,0,0,24.400000000000002,1.8,17.97,116.89
2023,6,11,6,30,0,0,0,22.6,1.4000000000000001,21.330000000000002,121.82000000000001
2023,6,11,7,30,0,0,0,21.8,1.1,23.77,123.47
2023,6,11,8,30,0,0,0,22,0.7000000000000001,24.650000000000002,121.56
2023,6,11,9,30,0,0,0,22.3,0.4,24.62,116.42
2023,6,11,10,30,0,0,0,21.8,0.6000000000000001,25.34,108.76
2023,6,11,11,30,0,0,0,20.6,1.1,26.98,99.29
2023,6,11,12,30,79,14,16,21.200000000000003,1.8,26.66,88.31
2023,6,11,13,30,511,59,174,23.6,3.3000000000000003,26.01,77.04
2023,6,11,14,30,715,84,386,25.5,4.5,28.66,65.04
2023,6,11,15,30,820,100,597,27.3,4.9,25.66,52.68
2023,6,11,16,30,881,111,784,29.200000000000003,5,20.88,40.19
2023,6,11,17,30,920,117,931,31,5.2,16.59,27.830000000000002
2023,6,11,18,30,939,121,1022,32.4,5.300000000000001,13.85,16.4
2023,6,11,19,30,939,125,1049,33.5,5.5,12.5,10.36
2023,6,11,20,30,923,129,1011,34.1,5.5,12.39,17.09
2023,6,11,21,30,886,132,910,34,5.6000000000000005,13.22,28.650000000000002
2023,6,11,22,30,836,127,758,33.5,5.5,14.55,41.03
2023,6,11,23,30,742,126,567,32.6,5.4,16,53.52
2023,6,12,0,30,641,97,359,31.200000000000003,5,17.7,65.85
2023,6,12,1,30,417,65,153,29,3.8000000000000003,20.31,77.82000000000001
2023,6,12,2,30,34,10,11,26.5,2.5,23.91,88.98
2023,6,12,3,30,0,0,0,24.900000000000002,2.1,26.490000000000002,99.95
2023,6,12,4,30,0,0,0,23.8,2.1,28.43,109.3
2023,6,12,5,30,0,0,0,22.700000000000003,2,31.060000000000002,116.81
2023,6,12,6,30,0,0,0,21.6,1.9000000000000001,34.63,121.74000000000001
2023,6,12,7,30,0,0,0,20.700000000000003,1.6,38.4,123.4
2023,6,12,8,30,0,0,0,19.8,1.3,42.28,121.51
2023,6,12,9,30,0,0,0,19,1,45.86,116.39
2023,6,12,10,30,0,0,0,18.400000000000002,0.8,48.6,108.74000000000001
2023,6,12,11,30,0,0,0,18.1,0.8,50.08,99.28
2023,6,12,12,30,38,13,14,19.3,1.4000000000000001,46.74,88.3
2023,6,12,13,30,403,73,163,22.1,2.1,39.550000000000004,77.05
2023,6,12,14,30,624,106,369,25.1,2.2,32.95,65.05
2023,6,12,15,30,743,126,576,27.5,2.2,26.43,52.7
2023,6,12,16,30,817,138,762,29.200000000000003,2.3000000000000003,22.650000000000002,40.21
2023,6,12,17,30,870,141,910,30.700000000000003,2.5,19.990000000000002,27.84
2023,6,12,18,30,900,141,1004,32,2.6,17.88,16.39
2023,6,12,19,30,909,140,1034,32.9,2.7,16.39,10.290000000000001
2023,6,12,20,30,900,139,1000,33.5,2.8000000000000003,15.4,17.02
2023,6,12,21,30,871,139,904,33.7,2.7,14.83,28.57
2023,6,12,22,30,827,131,756,33.5,2.7,14.69,40.96
2023,6,12,23,30,754,120,569,32.9,2.6,14.96,53.45
2023,6,13,0,30,626,101,358,31.8,2.4000000000000004,15.81,65.78
2023,6,13,1,30,391,69,152,29.3,1.6,18.34,77.75
2023,6,13,2,30,28,10,11,26.700000000000003,1.1,22.3,88.91
2023,6,13,3,30,0,0,0,25.3,1.2000000000000002,24.09,99.87
2023,6,13,4,30,0,0,0,24.5,1.3,25,109.22
2023,6,13,5,30,0,0,0,23.6,1.3,26.14,116.73
2023,6,13,6,30,0,0,0,22.8,1.3,27.240000000000002,121.67
2023,6,13,7,30,0,0,0,22.1,1.2000000000000002,28.38,123.34
2023,6,13,8,30,0,0,0,21.6,1.2000000000000002,29.330000000000002,121.46000000000001
2023,6,13,9,30,0,0,0,21.200000000000003,1.1,30.39,116.36
2023,6,13,10,30,0,0,0,20.8,0.9,31.8,108.72
2023,6,13,11,30,0,0,0,20.5,0.8,33.13,99.28
2023,6,13,12,30,51,12,14,21.200000000000003,0.9,32.68,88.31
2023,6,13,13,30,425,70,165,23.5,1.4000000000000001,29.76,77.06
2023,6,13,14,30,644,101,373,26.6,1.8,27.51,65.06
2023,6,13,15,30,762,120,582,29.3,1.9000000000000001,23.080000000000002,52.72
2023,6,13,16,30,833,132,768,31.3,2,18.93,40.22
2023,6,13,17,30,904,122,921,32.800000000000004,2.2,16.57,27.85
2023,6,13,18,30,961,100,1022,34,2.3000000000000003,14.94,16.39
2023,6,13,19,30,967,100,1052,34.9,2.4000000000000004,13.780000000000001,10.24
2023,6,13,20,30,956,104,1019,35.4,2.5,13.06,16.94
2023,6,13,21,30,925,110,923,35.5,2.5,12.59,28.51
2023,6,13,22,30,896,101,778,35.300000000000004,2.5,12.19,40.89
2023,6,13,23,30,839,91,591,34.6,2.4000000000000004,12.11,53.38
2023,6,14,0,30,742,76,381,33.5,2.1,12.34,65.71000000000001
2023,6,14,1,30,544,53,169,30.700000000000003,1.4000000000000001,14.09,77.68
2023,6,14,2,30,94,12,14,27.900000000000002,0.9,17.34,88.85000000000001
2023,6,14,3,30,0,0,0,26.700000000000003,1,18.13,99.8
2023,6,14,4,30,0,0,0,26.200000000000003,1.1,18.23,109.15
2023,6,14,5,30,0,0,0,25.6,1.1,18.490000000000002,116.66
2023,6,14,6,30,0,0,0,25,1.1,18.89,121.60000000000001
2023,6,14,7,30,0,0,0,24.5,1,19.37,123.29
2023,6,14,8,30,0,0,0,23.900000000000002,0.8,20.14,121.43
2023,6,14,9,30,0,0,0,23.5,0.4,20.77,116.33
2023,6,14,10,30,0,0,0,22.8,0.4,21.84,108.71000000000001
2023,6,14,11,30,0,0,0,21.8,0.8,23.7,99.28
2023,6,14,12,30,108,14,17,22.400000000000002,1.2000000000000002,23.740000000000002,88.32000000000001
2023,6,14,13,30,551,54,177,25.200000000000003,1.7000000000000002,21.45,77.07000000000001
2023,6,14,14,30,738,76,387,28.400000000000002,2.2,18.48,65.08
2023,6,14,15,30,835,91,597,31.3,2.4000000000000004,15.71,52.74
2023,6,14,16,30,893,101,783,33.5,2.6,13.61,40.25
2023,6,14,17,30,922,111,926,35,2.8000000000000003,12.39,27.87
2023,6,14,18,30,936,118,1016,36.1,2.9000000000000004,11.6,16.39
2023,6,14,19,30,944,119,1048,36.9,2.9000000000000004,10.92,10.18
2023,6,14,20,30,937,119,1016,37.4,2.9000000000000004,10.42,16.87
2023,6,14,21,30,912,119,921,37.6,3,10.13,28.44
2023,6,14,22,30,879,109,774,37.300000000000004,3.1,10.15,40.83
2023,6,14,23,30,819,98,587,36.6,3.1,10.38,53.32
2023,6,15,0,30,714,81,376,35.300000000000004,2.9000000000000004,10.98,65.64
2023,6,15,1,30,507,57,166,32.2,2,13.06,77.61
2023,6,15,2,30,79,11,13,28.900000000000002,1.4000000000000001,16.740000000000002,88.79
2023,6,15,3,30,0,0,0,27.400000000000002,1.5,18.22,99.73
2023,6,15,4,30,0,0,0,26.400000000000002,1.5,19.28,109.08
2023,6,15,5,30,0,0,0,25.3,1.6,20.64,116.60000000000001
2023,6,15,6,30,0,0,0,24.3,1.6,22.07,121.55
2023,6,15,7,30,0,0,0,23.1,1.6,24.150000000000002,123.24000000000001
2023,6,15,8,30,0,0,0,22.1,1.4000000000000001,26.54,121.39
2023,6,15,9,30,0,0,0,21.400000000000002,1.2000000000000002,28.71,116.32000000000001
2023,6,15,10,30,0,0,0,21.1,1.1,30.1,108.7
2023,6,15,11,30,0,0,0,21,1,30.96,99.28
2023,6,15,12,30,80,14,16,22.1,1.3,29.44,88.33
2023,6,15,13,30,505,60,173,25.1,1.7000000000000002,24.97,77.09
2023,6,15,14,30,712,83,383,28.5,1.7000000000000002,21.35,65.1
2023,6,15,15,30,820,98,594,31.400000000000002,1.8,17.79,52.77
2023,6,15,16,30,882,107,780,33.4,2.2,15.42,40.27
2023,6,15,17,30,923,110,926,34.800000000000004,2.5,13.85,27.900000000000002
2023,6,15,18,30,947,111,1019,36,2.6,12.49,16.4
2023,6,15,19,30,955,111,1051,36.9,2.6,11.42,10.14
2023,6,15,20,30,951,111,1021,37.4,2.5,10.73,16.81
2023,6,15,21,30,931,108,927,37.5,2.4000000000000004,10.34,28.38
2023,6,15,22,30,899,99,780,37.2,2.3000000000000003,10.25,40.76
2023,6,15,23,30,809,103,587,36.5,2,10.44,53.25
2023,6,16,0,30,746,74,382,35.300000000000004,1.5,10.99,65.58
2023,6,16,1,30,551,52,171,33.1,0.9,12.65,77.55
2023,6,16,2,30,99,13,15,30.8,0.7000000000000001,15.530000000000001,88.73
2023,6,16,3,30,0,0,0,29.6,0.9,16.240000000000002,99.67
2023,6,16,4,30,0,0,0,29,0.8,16.69,109.02
2023,6,16,5,30,0,0,0,28.200000000000003,0.6000000000000001,17.43,116.54
2023,6,16,6,30,0,0,0,27.3,0.6000000000000001,18.34,121.5
2023,6,16,7,30,0,0,0,25.700000000000003,1.1,20.34,123.2
2023,6,16,8,30,0,0,0,23.900000000000002,1.4000000000000001,22.72,121.37
2023,6,16,9,30,0,0,0,22.400000000000002,1.4000000000000001,25.240000000000002,116.3
2023,6,16,10,30,0,0,0,21.700000000000003,1.2000000000000002,26.57,108.7
2023,6,16,11,30,0,0,0,22,0.8,26.2,99.29
2023,6,16,12,30,83,14,16,23.5,0.6000000000000001,23.81,88.35000000000001
2023,6,16,13,30,512,59,173,26.400000000000002,1,19.88,77.11
2023,6,16,14,30,721,83,386,29.900000000000002,1.6,16.48,65.13
2023,6,16,15,30,833,96,600,32.6,2.5,13.38,52.79
2023,6,16,16,30,899,105,791,34.4,3.1,11.200000000000001,40.300000000000004
2023,6,16,17,30,937,110,938,36,3.2,9.63,27.92
2023,6,16,18,30,958,115,1034,37.4,3,8.39,16.41
2023,6,16,19,30,964,115,1064,38.400000000000006,3.1,7.5200000000000005,10.1
2023,6,16,20,30,957,116,1032,38.900000000000006,3.2,7,16.75
2023,6,16,21,30,938,112,938,39,3.2,6.75,28.310000000000002
2023,6,16,22,30,903,105,790,38.6,3.2,6.72,40.7
2023,6,16,23,30,837,96,597,37.800000000000004,3.2,6.890000000000001,53.19
2023,6,17,0,30,728,81,383,36.300000000000004,2.7,7.42,65.52
2023,6,17,1,30,518,58,170,33,1.8,9.3,77.49
2023,6,17,2,30,88,12,14,29.6,1.3,12.540000000000001,88.67
2023,6,17,3,30,0,0,0,28.3,1.4000000000000001,13.64,99.61
2023,6,17,4,30,0,0,0,27.5,1.4000000000000001,14.700000000000001,108.96000000000001
2023,6,17,5,30,0,0,0,26.700000000000003,1.4000000000000001,16.080000000000002,116.49000000000001
2023,6,17,6,30,0,0,0,26,1.3,17.72,121.45
2023,6,17,7,30,0,0,0,25.200000000000003,1.3,19.740000000000002,123.17
2023,6,17,8,30,0,0,0,24.200000000000003,1.2000000000000002,22.09,121.35000000000001
2023,6,17,9,30,0,0,0,23.1,1.2000000000000002,24.5,116.3
2023,6,17,10,30,0,0,0,22.200000000000003,1.1,26.580000000000002,108.71000000000001
2023,6,17,11,30,0,0,0,21.6,1.1,28.13,99.31
2023,6,17,12,30,67,12,14,23.200000000000003,1.6,26.03,88.37
2023,6,17,13,30,459,64,166,26.5,2,21.59,77.14
2023,6,17,14,30,664,93,372,29.900000000000002,1.8,17.71,65.16
2023,6,17,15,30,773,111,578,33.1,1.4000000000000001,16.05,52.83
2023,6,17,16,30,839,123,762,35.6,1.3,15.65,40.34
2023,6,17,17,30,886,125,908,37.300000000000004,1.5,14.47,27.95
2023,6,17,18,30,917,123,1003,38.5,1.8,13.38,16.43
2023,6,17,19,30,923,124,1033,39.300000000000004,2.1,12.66,10.07
2023,6,17,20,30,914,125,1000,39.800000000000004,2.3000000000000003,12.22,16.69
2023,6,17,21,30,891,122,907,39.900000000000006,2.4000000000000004,12.120000000000001,28.26
2023,6,17,22,30,850,116,761,39.7,2.5,12.13,40.65
2023,6,17,23,30,786,105,576,38.900000000000006,2.3000000000000003,12.5,53.14
2023,6,18,0,30,651,96,366,37.7,1.8,13.14,65.46000000000001
2023,6,18,1,30,449,64,162,35.1,1,15.040000000000001,77.43
2023,6,18,2,30,73,12,14,32.6,0.6000000000000001,17.830000000000002,88.62
2023,6,18,3,30,0,0,0,31.700000000000003,0.5,18.44,99.55
2023,6,18,4,30,0,0,0,31.3,0.5,18.52,108.91
2023,6,18,5,30,0,0,0,30.700000000000003,0.6000000000000001,18.68,116.44
2023,6,18,6,30,0,0,0,29.400000000000002,0.9,19.47,121.41
2023,6,18,7,30,0,0,0,27.700000000000003,1.2000000000000002,20.55,123.14
2023,6,18,8,30,0,0,0,26.1,1.2000000000000002,21.41,121.34
2023,6,18,9,30,0,0,0,24.8,1.2000000000000002,22.06,116.3
2023,6,18,10,30,0,0,0,23.900000000000002,1.1,22.41,108.72
2023,6,18,11,30,0,0,0,23.3,1.1,22.47,99.33
2023,6,18,12,30,82,13,15,24.8,1.4000000000000001,20.06,88.39
2023,6,18,13,30,496,60,170,28.200000000000003,2,16.240000000000002,77.17
2023,6,18,14,30,705,85,381,31.700000000000003,2.4000000000000004,13.18,65.19
2023,6,18,15,30,817,99,592,34.800000000000004,2.7,12.15,52.86
2023,6,18,16,30,881,109,780,37,3.2,10.98,40.37
2023,6,18,17,30,918,114,925,38.7,3.7,9.78,27.990000000000002
2023,6,18,18,30,936,119,1017,40.1,4.4,8.74,16.45
2023,6,18,19,30,939,122,1047,41,5,7.88,10.05
2023,6,18,20,30,896,142,1000,41.400000000000006,5.6000000000000005,7.29,16.64
2023,6,18,21,30,904,122,919,41.400000000000006,6,7.07,28.2
2023,6,18,22,30,860,119,772,41,6,7.18,40.59
2023,6,18,23,30,790,109,584,40.1,5.800000000000001,7.61,53.08
2023,6,19,0,30,682,91,375,38.6,5.2,8.35,65.41
2023,6,19,1,30,482,62,167,35.5,3.6,9.98,77.38
2023,6,19,2,30,73,12,14,31.900000000000002,2.2,12.4,88.58
2023,6,19,3,30,0,0,0,29.8,1.9000000000000001,13.72,99.5
2023,6,19,4,30,0,0,0,28.400000000000002,1.7000000000000002,14.42,108.86
2023,6,19,5,30,0,0,0,27.1,1.5,15.09,116.4
2023,6,19,6,30,0,0,0,26.1,1.4000000000000001,15.69,121.38
2023,6,19,7,30,0,0,0,25.400000000000002,1.3,16.14,123.12
2023,6,19,8,30,0,0,0,24.700000000000003,1.3,16.56,121.33
2023,6,19,9,30,0,0,0,24.1,1.3,17.11,116.31
2023,6,19,10,30,0,0,0,23.400000000000002,1.2000000000000002,18.23,108.74000000000001
2023,6,19,11,30,0,0,0,22.900000000000002,1.2000000000000002,19.88,99.35000000000001
2023,6,19,12,30,80,13,15,24.3,1.1,19.8,88.42
2023,6,19,13,30,488,61,169,27.5,1.2000000000000002,18.03,77.2
2023,6,19,14,30,686,87,374,30.900000000000002,1.6,14.6,65.23
2023,6,19,15,30,791,104,581,33.6,2.3000000000000003,11.51,52.9
2023,6,19,16,30,853,115,764,35.6,3,9.77,40.410000000000004
2023,6,19,17,30,892,121,908,37.300000000000004,3.4000000000000004,8.63,28.02
2023,6,19,18,30,837,172,975,38.6,3.6,7.84,16.48
2023,6,19,19,30,912,129,1027,39.5,3.8000000000000003,7.3100000000000005,10.03
2023,6,19,20,30,905,129,996,40,4.1000000000000005,6.98,16.59
2023,6,19,21,30,660,236,818,40,4.5,6.8500000000000005,28.150000000000002
2023,6,19,22,30,452,264,607,39.300000000000004,4.7,7.08,40.54
2023,6,19,23,30,154,260,353,38.2,4.7,7.5600000000000005,53.03
2023,6,20,0,30,244,189,291,37,4.2,8.21,65.36
2023,6,20,1,30,150,87,120,35,3.2,9.33,77.33
2023,6,20,2,30,0,9,9,32.800000000000004,2.4000000000000004,10.77,88.53
2023,6,20,3,30,0,0,0,31,2.1,11.76,99.45
2023,6,20,4,30,0,0,0,29.3,1.8,12.59,108.82000000000001
2023,6,20,5,30,0,0,0,27.700000000000003,1.5,13.6,116.36
2023,6,20,6,30,0,0,0,26.6,1.3,14.48,121.36
2023,6,20,7,30,0,0,0,26.1,1.2000000000000002,14.950000000000001,123.11
2023,6,20,8,30,0,0,0,25.700000000000003,1.1,15.290000000000001,121.33
2023,6,20,9,30,0,0,0,25.200000000000003,1.1,15.63,116.32000000000001
2023,6,20,10,30,0,0,0,24.6,1.2000000000000002,16.15,108.76
2023,6,20,11,30,0,0,0,23.900000000000002,1.2000000000000002,17.19,99.38
2023,6,20,12,30,85,14,16,24.900000000000002,1.3,17.45,88.45
2023,6,20,13,30,517,58,172,27.900000000000002,2,16.95,77.24
2023,6,20,14,30,719,81,382,30.900000000000002,2.6,16.91,65.27
2023,6,20,15,30,824,96,593,33.300000000000004,2.7,15.32,52.94
2023,6,20,16,30,886,107,781,35.2,2.9000000000000004,13.4,40.45
2023,6,20,17,30,929,108,928,36.9,3.2,11.73,28.060000000000002
2023,6,20,18,30,957,105,1023,38.300000000000004,3.4000000000000004,10.23,16.51
2023,6,20,19,30,965,106,1056,39.300000000000004,3.6,9.1,10.02
2023,6,20,20,30,958,106,1024,39.900000000000006,3.8000000000000003,8.370000000000001,16.54
2023,6,20,21,30,937,103,930,40,4.1000000000000005,8.01,28.1
2023,6,20,22,30,904,97,785,39.6,4.3,8.05,40.49
2023,6,20,23,30,846,89,598,38.7,4.3,8.41,52.980000000000004
2023,6,21,0,30,750,74,387,37.300000000000004,3.9000000000000004,9.05,65.31
2023,6,21,1,30,560,53,176,34,2.5,10.91,77.28
2023,6,21,2,30,109,13,16,30.5,1.5,13.92,88.49
2023,6,21,3,30,0,0,0,28.8,1.4000000000000001,15.49,99.41
2023,6,21,4,30,0,0,0,28.1,1.3,16.16,108.78
2023,6,21,5,30,0,0,0,27.8,1.2000000000000002,16.4,116.34
2023,6,21,6,30,0,0,0,27.900000000000002,1.1,16.22,121.34
2023,6,21,7,30,0,0,0,28,0.9,16,123.10000000000001
2023,6,21,8,30,0,0,0,27.900000000000002,0.6000000000000001,15.99,121.34
2023,6,21,9,30,0,0,0,27,0.4,16.88,116.34
2023,6,21,10,30,0,0,0,25.5,0.8,18.650000000000002,108.79
2023,6,21,11,30,0,0,0,24,1,20.66,99.42
2023,6,21,12,30,113,13,16,24.700000000000003,1.3,20.29,88.49
2023,6,21,13,30,567,51,176,27.700000000000003,1.9000000000000001,17.64,77.28
2023,6,21,14,30,755,72,387,31.3,2.4000000000000004,14.11,65.31
2023,6,21,15,30,850,85,597,34.300000000000004,2.8000000000000003,11.35,52.99
2023,6,21,16,30,904,96,783,36,3.1,9.99,40.5
2023,6,21,17,30,937,102,928,37.1,3.1,9.47,28.11
2023,6,21,18,30,953,104,1018,37.7,3.1,9.44,16.55
2023,6,21,19,30,960,105,1050,38.2,3.1,9.43,10.02
2023,6,21,20,30,945,110,1016,39,3.1,9.16,16.51
2023,6,21,21,30,376,363,695,39.800000000000004,3.2,8.74,28.060000000000002
2023,6,21,22,30,634,226,709,39.900000000000006,3.4000000000000004,8.48,40.44
2023,6,21,23,30,818,99,592,39.2,3.4000000000000004,8.55,52.93
2023,6,22,0,30,725,81,384,37.800000000000004,3,8.96,65.26
2023,6,22,1,30,536,56,174,34.4,2,10.6,77.24
2023,6,22,2,30,73,13,15,30.900000000000002,1.5,12.950000000000001,88.45
2023,6,22,3,30,0,0,0,29.200000000000003,1.7000000000000002,13.280000000000001,99.37
2023,6,22,4,30,0,0,0,28.1,1.7000000000000002,12.790000000000001,108.75
2023,6,22,5,30,0,0,0,26.8,1.6,12.13,116.31
2023,6,22,6,30,0,0,0,25.8,1.4000000000000001,11.25,121.33
2023,6,22,7,30,0,0,0,25.200000000000003,1.3,10.55,123.11
2023,6,22,8,30,0,0,0,24.6,1.2000000000000002,10.25,121.35000000000001
2023,6,22,9,30,0,0,0,23.8,1.2000000000000002,10.200000000000001,116.36
2023,6,22,10,30,0,0,0,23,1.2000000000000002,10.36,108.82000000000001
2023,6,22,11,30,0,0,0,22.400000000000002,1.1,10.790000000000001,99.45
2023,6,22,12,30,100,13,16,23.700000000000003,1.2000000000000002,10.34,88.52
2023,6,22,13,30,556,54,176,26.8,1.5,9.48,77.33
2023,6,22,14,30,754,76,390,30.6,2,7.5200000000000005,65.36
2023,6,22,15,30,855,89,603,33.800000000000004,2.4000000000000004,6.61,53.03
2023,6,22,16,30,911,97,789,35.9,2.7,6.03,40.54
2023,6,22,17,30,944,102,934,37.5,2.8000000000000003,5.86,28.150000000000002
2023,6,22,18,30,961,103,1024,38.800000000000004,2.9000000000000004,5.76,16.59
2023,6,22,19,30,965,104,1054,39.7,3,5.72,10.02
2023,6,22,20,30,961,103,1025,40.300000000000004,3,5.67,16.47
2023,6,22,21,30,947,100,936,40.5,3.1,5.66,28.01
2023,6,22,22,30,919,94,794,40.300000000000004,3.2,5.66,40.4
2023,6,22,23,30,868,84,608,39.5,3.4000000000000004,5.72,52.89
2023,6,23,0,30,778,72,398,38,3.1,5.9,65.22
2023,6,23,1,30,592,52,183,34.300000000000004,2.1,6.890000000000001,77.2
2023,6,23,2,30,125,15,18,30.400000000000002,1.7000000000000002,8.620000000000001,88.42
2023,6,23,3,30,0,0,0,28.6,1.8,8.71,99.34
2023,6,23,4,30,0,0,0,27.3,1.9000000000000001,8.68,108.73
2023,6,23,5,30,0,0,0,26,2,9.05,116.3
2023,6,23,6,30,0,0,0,24.700000000000003,2,9.870000000000001,121.32000000000001
2023,6,23,7,30,0,0,0,23.400000000000002,1.8,11.32,123.11
2023,6,23,8,30,0,0,0,22.200000000000003,1.5,13.42,121.37
2023,6,23,9,30,0,0,0,21.5,1.2000000000000002,15.280000000000001,116.39
2023,6,23,10,30,0,0,0,21.3,1,16.2,108.86
2023,6,23,11,30,0,0,0,21,0.9,17.04,99.5
2023,6,23,12,30,71,13,15,21.900000000000002,1.1,16.72,88.56
2023,6,23,13,30,519,61,174,24.6,1.7000000000000002,15.18,77.37
2023,6,23,14,30,738,85,392,27.900000000000002,2.2,12.93,65.41
2023,6,23,15,30,847,100,609,30.900000000000002,2.5,9.99,53.08
2023,6,23,16,30,916,109,805,33.1,2.7,7.76,40.59
2023,6,23,17,30,955,115,957,34.800000000000004,2.9000000000000004,6.47,28.2
2023,6,23,18,30,981,118,1058,36.2,2.9000000000000004,5.26,16.63
2023,6,23,19,30,993,116,1094,37.300000000000004,2.9000000000000004,4.25,10.040000000000001
2023,6,23,20,30,991,118,1068,37.9,2.9000000000000004,3.42,16.44
2023,6,23,21,30,970,117,974,38.1,2.8000000000000003,2.86,27.98
2023,6,23,22,30,939,110,826,37.7,2.6,2.52,40.36
2023,6,23,23,30,889,101,638,36.9,2.3000000000000003,2.29,52.85
2023,6,24,0,30,788,84,415,35.1,1.6,2.25,65.18
2023,6,24,1,30,595,60,192,31.8,1.1,3.29,77.16
2023,6,24,2,30,127,14,18,28.900000000000002,1.1,4.17,88.39
2023,6,24,3,30,0,0,0,27.5,1.2000000000000002,4.1,99.32000000000001
2023,6,24,4,30,0,0,0,26.400000000000002,1.3,4.16,108.71000000000001
2023,6,24,5,30,0,0,0,25.3,1.3,4.43,116.29
2023,6,24,6,30,0,0,0,24.400000000000002,1.3,4.8100000000000005,121.32000000000001
2023,6,24,7,30,0,0,0,23.8,1.1,5.17,123.13000000000001
2023,6,24,8,30,0,0,0,23.200000000000003,0.9,5.53,121.4
2023,6,24,9,30,0,0,0,22.200000000000003,0.8,6.07,116.43
2023,6,24,10,30,0,0,0,20.900000000000002,1,6.92,108.9
2023,6,24,11,30,0,0,0,19.8,1.1,7.930000000000001,99.54
2023,6,24,12,30,128,14,17,20.8,1.2000000000000002,8.07,88.61
2023,6,24,13,30,605,54,186,24.6,1.7000000000000002,7.19,77.42
2023,6,24,14,30,790,76,404,28.8,2,5.13,65.46000000000001
2023,6,24,15,30,888,90,623,32.300000000000004,2,3.5500000000000003,53.13
2023,6,24,16,30,946,99,817,34.9,2.3000000000000003,2.58,40.65
2023,6,24,17,30,980,104,967,36.7,2.5,2.22,28.25
2023,6,24,18,30,995,108,1061,38.1,2.6,2.1,16.68
2023,6,24,19,30,994,109,1088,39.2,2.6,2.05,10.06
2023,6,24,20,30,988,108,1056,40,2.6,2.05,16.42
2023,6,24,21,30,964,105,957,40.300000000000004,2.5,2.11,27.94
2023,6,24,22,30,925,100,805,40.1,2.3000000000000003,2.2600000000000002,40.32
2023,6,24,23,30,861,90,610,39.400000000000006,2.2,2.45,52.82
2023,6,25,0,30,755,76,393,37.7,1.6,2.81,65.15
2023,6,25,1,30,557,54,178,34.800000000000004,1,4.19,77.13
2023,6,25,2,30,114,14,17,32.5,0.9,5.37,88.36
2023,6,25,3,30,0,0,0,31.6,0.9,5.46,99.29
2023,6,25,4,30,0,0,0,30.700000000000003,1,5.72,108.69
2023,6,25,5,30,0,0,0,29.700000000000003,1,6.05,116.28
2023,6,25,6,30,0,0,0,28.900000000000002,1.1,6.25,121.33
2023,6,25,7,30,0,0,0,28.200000000000003,1,6.48,123.15
2023,6,25,8,30,0,0,0,27.900000000000002,0.8,6.61,121.43
2023,6,25,9,30,0,0,0,27.5,0.5,6.78,116.47
2023,6,25,10,30,0,0,0,26.6,0.5,7.08,108.95
2023,6,25,11,30,0,0,0,25.700000000000003,0.8,7.33,99.60000000000001
2023,6,25,12,30,93,12,14,26.200000000000003,1,7.17,88.66
2023,6,25,13,30,512,56,167,29,1.5,6.61,77.48
2023,6,25,14,30,702,81,372,32.7,2.1,4.71,65.52
2023,6,25,15,30,799,98,577,35.800000000000004,2.3000000000000003,3.99,53.19
2023,6,25,16,30,858,111,761,38.1,2.6,3.84,40.7
2023,6,25,17,30,903,112,907,39.800000000000004,2.7,4.23,28.310000000000002
2023,6,25,18,30,934,110,1004,41.400000000000006,3,4.66,16.740000000000002
2023,6,25,19,30,941,109,1035,42.5,3.3000000000000003,5.09,10.08
2023,6,25,20,30,925,115,1002,43.1,3.5,5.42,16.4
2023,6,25,21,30,888,121,906,43.2,3.7,5.74,27.91
2023,6,25,22,30,845,117,762,42.800000000000004,3.9000000000000004,6.16,40.29
2023,6,25,23,30,781,107,579,41.900000000000006,3.9000000000000004,6.55,52.78
2023,6,26,0,30,679,87,373,40.300000000000004,3.2,7.01,65.12
2023,6,26,1,30,489,60,169,36.800000000000004,1.9000000000000001,8.15,77.10000000000001
2023,6,26,2,30,89,13,16,33.4,1.2000000000000002,9.700000000000001,88.34
2023,6,26,3,30,0,0,0,32,1.3,9.65,99.28
2023,6,26,4,30,0,0,0,31.1,1.3,9.27,108.69
2023,6,26,5,30,0,0,0,30.6,1.3,8.78,116.28
2023,6,26,6,30,0,0,0,30.200000000000003,1.1,8.36,121.35000000000001
2023,6,26,7,30,0,0,0,30.1,0.9,7.88,123.18
2023,6,26,8,30,0,0,0,29.8,0.6000000000000001,7.74,121.48
2023,6,26,9,30,0,0,0,29,0.5,8.1,116.52
2023,6,26,10,30,0,0,0,28,0.6000000000000001,8.77,109
2023,6,26,11,30,0,0,0,26.900000000000002,0.8,9.68,99.65
2023,6,26,12,30,82,12,14,27.400000000000002,1.1,9.83,88.72
2023,6,26,13,30,486,58,163,30.1,1.7000000000000002,9.01,77.54
2023,6,26,14,30,685,85,368,33.4,2.2,6.53,65.57000000000001
2023,6,26,15,30,792,102,576,36.7,2.5,4.94,53.25
2023,6,26,16,30,854,114,761,39.2,2.9000000000000004,4.48,40.76
2023,6,26,17,30,885,125,904,40.800000000000004,3.3000000000000003,4.61,28.37
2023,6,26,18,30,894,137,993,42.2,3.5,4.65,16.8
2023,6,26,19,30,895,143,1024,43.1,3.7,4.67,10.120000000000001
2023,6,26,20,30,883,146,993,43.7,3.9000000000000004,4.76,16.38
2023,6,26,21,30,855,145,901,43.800000000000004,4.1000000000000005,4.95,27.88
2023,6,26,22,30,814,137,758,43.400000000000006,4.3,5.21,40.26
2023,6,26,23,30,746,122,574,42.5,4.3,5.53,52.75
2023,6,27,0,30,633,101,368,40.900000000000006,3.8000000000000003,5.97,65.09
2023,6,27,1,30,429,69,165,37.4,2.5,7,77.08
2023,6,27,2,30,64,13,15,33.7,1.7000000000000002,8.47,88.33
2023,6,27,3,30,0,0,0,31.900000000000002,1.7000000000000002,8.8,99.26
2023,6,27,4,30,0,0,0,30.700000000000003,1.6,8.870000000000001,108.68
2023,6,27,5,30,0,0,0,29.6,1.4000000000000001,9.13,116.29
2023,6,27,6,30,0,0,0,29.1,1.2000000000000002,9.27,121.37
2023,6,27,7,30,0,0,0,29.1,0.9,9.23,123.21000000000001
2023,6,27,8,30,0,0,0,28.900000000000002,0.7000000000000001,9.5,121.52
2023,6,27,9,30,0,0,0,27.900000000000002,0.7000000000000001,10.13,116.58
2023,6,27,10,30,0,0,0,26.900000000000002,0.8,10.76,109.06
2023,6,27,11,30,0,0,0,26.200000000000003,0.8,11.24,99.71000000000001
2023,6,27,12,30,73,11,13,26.8,0.9,11.08,88.77
2023,6,27,13,30,492,58,164,29.1,1.3,10.370000000000001,77.60000000000001
2023,6,27,14,30,700,83,372,32.5,1.8,8.32,65.63
2023,6,27,15,30,812,98,583,35.7,2.5,7.23,53.31
2023,6,27,16,30,879,107,772,38,3.2,6.54,40.82
2023,6,27,17,30,924,109,922,39.6,3.7,5.95,28.43
2023,6,27,18,30,951,107,1017,40.800000000000004,4.2,5.49,16.86
2023,6,27,19,30,958,108,1051,41.7,4.5,5.17,10.16
2023,6,27,20,30,949,109,1020,42.1,4.800000000000001,5.0600000000000005,16.37
2023,6,27,21,30,927,110,930,42.2,4.9,5.13,27.86
2023,6,27,22,30,897,101,786,41.800000000000004,4.9,5.39,40.24
2023,6,27,23,30,849,89,603,40.900000000000006,4.7,5.8100000000000005,52.730000000000004
2023,6,28,0,30,759,74,394,39.300000000000004,4.2,6.44,65.07000000000001
2023,6,28,1,30,578,53,182,35.800000000000004,2.7,7.8100000000000005,77.06
2023,6,28,2,30,119,14,18,32,1.7000000000000002,9.77,88.31
2023,6,28,3,30,0,0,0,30.1,1.5,10.5,99.26
2023,6,28,4,30,0,0,0,28.900000000000002,1.4000000000000001,10.78,108.69
2023,6,28,5,30,0,0,0,28.400000000000002,1.3,10.8,116.31
2023,6,28,6,30,0,0,0,28.5,1,10.55,121.4
2023,6,28,7,30,0,0,0,28,0.9,10.75,123.26
2023,6,28,8,30,0,0,0,26.700000000000003,1.1,11.67,121.58
2023,6,28,9,30,0,0,0,25.3,1.3,13.01,116.64
2023,6,28,10,30,0,0,0,24.200000000000003,1.3,14.370000000000001,109.13
2023,6,28,11,30,0,0,0,23.6,1.3,15.540000000000001,99.78
2023,6,28,12,30,101,12,14,25.1,1.3,14.92,88.83
2023,6,28,13,30,563,51,171,28.6,2,12.870000000000001,77.66
2023,6,28,14,30,760,71,384,31.900000000000002,2.8000000000000003,13.07,65.69
2023,6,28,15,30,860,83,596,34.7,3.4000000000000004,12.3,53.370000000000005
2023,6,28,16,30,912,92,782,36.9,3.9000000000000004,10.18,40.88
2023,6,28,17,30,940,101,927,38.6,4.2,8.84,28.490000000000002
2023,6,28,18,30,950,110,1019,39.900000000000006,4.4,8.09,16.92
2023,6,28,19,30,954,112,1051,40.800000000000004,4.5,7.71,10.200000000000001
2023,6,28,20,30,947,112,1021,41.300000000000004,4.7,7.5,16.37
2023,6,28,21,30,927,110,930,41.300000000000004,4.7,7.43,27.84
2023,6,28,22,30,899,101,788,41,4.6000000000000005,7.37,40.21
2023,6,28,23,30,846,90,603,40.1,4.3,7.46,52.71
2023,6,29,0,30,751,76,393,38.7,3.7,7.66,65.05
2023,6,29,1,30,562,55,181,35.2,2.4000000000000004,8.700000000000001,77.04
2023,6,29,2,30,108,14,17,31.400000000000002,1.5,10.13,88.3
2023,6,29,3,30,0,0,0,29.5,1.5,10.01,99.26
2023,6,29,4,30,0,0,0,28.3,1.5,9.6,108.69
2023,6,29,5,30,0,0,0,27.200000000000003,1.4000000000000001,9.55,116.33
2023,6,29,6,30,0,0,0,26.6,1.3,9.57,121.43
2023,6,29,7,30,0,0,0,26.200000000000003,1.2000000000000002,9.6,123.31
2023,6,29,8,30,0,0,0,25.700000000000003,1,9.950000000000001,121.63
2023,6,29,9,30,0,0,0,25.1,0.9,10.65,116.7
2023,6,29,10,30,0,0,0,24.3,1,11.56,109.19
2023,6,29,11,30,0,0,0,23.6,1,12.68,99.84
2023,6,29,12,30,82,11,13,24.5,1.1,12.89,88.89
2023,6,29,13,30,539,54,169,27.5,1.6,11.950000000000001,77.72
2023,6,29,14,30,739,77,380,31.1,1.9000000000000001,9.77,65.76
2023,6,29,15,30,842,92,594,34,2.1,8.4,53.43
2023,6,29,16,30,898,102,780,36.1,2.4000000000000004,7.46,40.94
2023,6,29,17,30,933,109,928,37.800000000000004,2.6,6.74,28.560000000000002
2023,6,29,18,30,952,113,1023,39.1,2.7,6.16,16.990000000000002
2023,6,29,19,30,957,114,1056,40,2.7,5.74,10.26
2023,6,29,20,30,953,115,1029,40.7,2.7,5.46,16.37
2023,6,29,21,30,934,112,938,40.900000000000006,2.6,5.43,27.82
2023,6,29,22,30,901,105,793,40.6,2.5,5.61,40.19
2023,6,29,23,30,844,94,606,40.400000000000006,2.5,5.7700000000000005,52.69
2023,6,30,0,30,745,79,393,38.400000000000006,2,6.53,65.03
2023,6,30,1,30,551,56,180,35.5,1.3,7.95,77.03
2023,6,30,2,30,105,14,17,32.800000000000004,1.1,9.790000000000001,88.3
2023,6,30,3,30,0,0,0,31.8,1.1,10.18,99.26
2023,6,30,4,30,0,0,0,31.200000000000003,1,10.450000000000001,108.71000000000001
2023,6,30,5,30,0,0,0,30.8,0.9,10.57,116.36
2023,6,30,6,30,0,0,0,30.200000000000003,0.9,10.870000000000001,121.47
2023,6,30,7,30,0,0,0,29.3,0.7000000000000001,11.4,123.36
2023,6,30,8,30,0,0,0,28.3,0.5,12.16,121.7
2023,6,30,9,30,0,0,0,27.200000000000003,0.30000000000000004,13.17,116.77
2023,6,30,10,30,0,0,0,25.900000000000002,0.4,14.47,109.27
2023,6,30,11,30,0,0,0,24.8,0.7000000000000001,16.11,99.92
2023,6,30,12,30,78,12,13,25.5,0.9,16.39,88.95
2023,6,30,13,30,517,55,164,28.400000000000002,1.4000000000000001,14.71,77.79
2023,6,30,14,30,723,79,375,31.8,1.7000000000000002,11.94,65.83
2023,6,30,15,30,828,94,587,34.9,1.8,9.35,53.5
2023,6,30,16,30,890,105,777,37.6,2,7.72,41.01
2023,6,30,17,30,929,113,928,39.5,2.2,6.73,28.62
2023,6,30,18,30,951,114,1023,41,2.4000000000000004,6.03,17.06
2023,6,30,19,30,958,115,1058,42,2.5,5.5600000000000005,10.32
2023,6,30,20,30,954,113,1028,42.6,2.4000000000000004,5.25,16.37
2023,6,30,21,30,936,110,938,42.900000000000006,2.3000000000000003,5.05,27.810000000000002
2023,6,30,22,30,904,102,793,42.6,2.2,5.07,40.18
2023,6,30,23,30,846,92,605,41.900000000000006,2.2,5.22,52.67
2023,7,1,0,30,744,78,392,40.5,2,5.59,65.02
2023,7,1,1,30,550,55,178,37.2,1.5,6.79,77.03
2023,7,1,2,30,106,14,17,33.9,1.4000000000000001,8.040000000000001,88.3
2023,7,1,3,30,0,0,0,32.4,1.4000000000000001,8.24,99.27
2023,7,1,4,30,0,0,0,31.5,1.4000000000000001,8.47,108.73
2023,7,1,5,30,0,0,0,30.900000000000002,1.3,8.85,116.39
2023,7,1,6,30,0,0,0,30.8,1,9.200000000000001,121.52
2023,7,1,7,30,0,0,0,30.200000000000003,0.5,9.99,123.42
2023,7,1,8,30,0,0,0,28.8,0.6000000000000001,11.32,121.77
2023,7,1,9,30,0,0,0,27.400000000000002,0.8,13.18,116.85000000000001
2023,7,1,10,30,0,0,0,26.400000000000002,0.9,15.75,109.35000000000001
2023,7,1,11,30,0,0,0,25.6,1.1,18.31,99.99000000000001
2023,7,1,12,30,69,10,11,26.8,1.4000000000000001,18.45,89.02
2023,7,1,13,30,514,52,160,30,1.9000000000000001,16.23,77.87
2023,7,1,14,30,716,76,368,33.6,1.8,12.93,65.9
2023,7,1,15,30,820,90,577,37,1.5,9.74,53.56
2023,7,1,16,30,880,101,764,39.7,1.5,8.49,41.08
2023,7,1,17,30,912,109,909,41.800000000000004,2.1,8,28.69
2023,7,1,18,30,928,115,1002,43.300000000000004,2.9000000000000004,7.68,17.14
2023,7,1,19,30,934,117,1036,44.1,3.5,7.49,10.39
2023,7,1,20,30,928,117,1007,44.6,3.9000000000000004,7.38,16.39
2023,7,1,21,30,910,112,917,44.800000000000004,4.1000000000000005,7.3100000000000005,27.810000000000002
2023,7,1,22,30,877,105,775,44.400000000000006,4.1000000000000005,7.34,40.17
2023,7,1,23,30,821,95,593,43.7,3.9000000000000004,7.390000000000001,52.660000000000004
2023,7,2,0,30,722,79,384,42.2,3.3000000000000003,7.71,65.01
2023,7,2,1,30,529,56,175,38.7,2.2,9.05,77.02
2023,7,2,2,30,99,13,16,35.2,1.6,11,88.31
2023,7,2,3,30,0,0,0,33.5,1.6,12.030000000000001,99.28
2023,7,2,4,30,0,0,0,32.4,1.6,12.94,108.75
2023,7,2,5,30,0,0,0,31.400000000000002,1.5,14.01,116.43
2023,7,2,6,30,0,0,0,30.8,1.4000000000000001,14.75,121.58
2023,7,2,7,30,0,0,0,30.6,1.1,15,123.49000000000001
2023,7,2,8,30,0,0,0,30.5,0.6000000000000001,15.030000000000001,121.85000000000001
2023,7,2,9,30,0,0,0,29.8,0.4,15.41,116.93
2023,7,2,10,30,0,0,0,28.700000000000003,0.6000000000000001,15.9,109.43
2023,7,2,11,30,0,0,0,27.900000000000002,0.8,16.25,100.07000000000001
2023,7,2,12,30,60,9,10,28.8,1,15.23,89.09
2023,7,2,13,30,492,54,157,31.8,1.4000000000000001,12.86,77.94
2023,7,2,14,30,701,80,365,35.1,1.8,10.55,65.97
2023,7,2,15,30,807,96,574,38.2,2.1,9.290000000000001,53.64
2023,7,2,16,30,869,106,760,40.800000000000004,2.6,8.620000000000001,41.15
2023,7,2,17,30,911,109,908,42.6,3.2,7.98,28.77
2023,7,2,18,30,938,109,1005,44,3.7,7.4,17.22
2023,7,2,19,30,946,109,1039,45.1,4.1000000000000005,6.94,10.46
2023,7,2,20,30,938,111,1011,45.6,4.5,6.73,16.4
2023,7,2,21,30,910,114,919,45.800000000000004,4.9,6.6000000000000005,27.8
2023,7,2,22,30,872,109,775,45.400000000000006,5.1000000000000005,6.65,40.160000000000004
2023,7,2,23,30,804,100,588,44.5,5.1000000000000005,6.83,52.65
2023,7,3,0,30,687,88,378,43,4.5,7.28,65.01
2023,7,3,1,30,473,63,169,39.7,3.1,8.67,77.03
2023,7,3,2,30,69,13,15,36.2,2.1,10.71,88.32000000000001
2023,7,3,3,30,0,0,0,34.6,2.2,12,99.3
2023,7,3,4,30,0,0,0,33.5,2.3000000000000003,13.33,108.79
2023,7,3,5,30,0,0,0,32.300000000000004,2.1,15.17,116.48
2023,7,3,6,30,0,0,0,31,1.6,16.95,121.64
2023,7,3,7,30,0,0,0,30.3,1.2000000000000002,17.82,123.57000000000001
2023,7,3,8,30,0,0,0,30.1,0.7000000000000001,17.94,121.94
2023,7,3,9,30,0,0,0,29.6,0.5,18.21,117.02
2023,7,3,10,30,0,0,0,28.5,0.7000000000000001,19.22,109.51
2023,7,3,11,30,0,0,0,27.400000000000002,1,20.5,100.16
2023,7,3,12,30,47,9,10,28.400000000000002,1.5,19.68,89.16
2023,7,3,13,30,453,58,152,31.400000000000002,2.2,17.07,78.02
2023,7,3,14,30,668,86,357,34.7,2.7,14.38,66.04
2023,7,3,15,30,780,102,564,37.800000000000004,3,12.01,53.71
2023,7,3,16,30,844,115,750,40.400000000000006,3.3000000000000003,10.26,41.22
2023,7,3,17,30,888,120,898,42.6,3.6,9.1,28.84
2023,7,3,18,30,914,121,994,44.2,4,8.31,17.3
2023,7,3,19,30,926,122,1032,45.2,4.5,7.76,10.540000000000001
2023,7,3,20,30,921,122,1005,45.800000000000004,5,7.34,16.43
2023,7,3,21,30,899,121,916,45.900000000000006,5.4,7.0600000000000005,27.8
2023,7,3,22,30,863,113,773,45.6,5.6000000000000005,6.78,40.15
2023,7,3,23,30,801,104,590,44.900000000000006,5.6000000000000005,6.59,52.65
2023,7,4,0,30,687,89,379,43.5,4.9,6.69,65.01
2023,7,4,1,30,479,62,170,40.1,3.3000000000000003,7.7700000000000005,77.03
2023,7,4,2,30,72,13,15,36.5,2.3000000000000003,9.59,88.33
2023,7,4,3,30,0,0,0,34.9,2.4000000000000004,10.76,99.33
2023,7,4,4,30,0,0,0,33.800000000000004,2.4000000000000004,11.83,108.82000000000001
2023,7,4,5,30,0,0,0,32.5,2.2,13.22,116.53
2023,7,4,6,30,0,0,0,31.3,2,14.64,121.71000000000001
2023,7,4,7,30,0,0,0,30,1.8,16.26,123.65
2023,7,4,8,30,0,0,0,28.8,1.6,17.97,122.03
2023,7,4,9,30,0,0,0,28,1.4000000000000001,19.47,117.11
2023,7,4,10,30,0,0,0,27.6,1.3,20.62,109.61
2023,7,4,11,30,0,0,0,27,1.2000000000000002,22.21,100.25
2023,7,4,12,30,47,9,10,27.8,1.6,22.25,89.24
2023,7,4,13,30,461,59,154,30.6,2.3000000000000003,20.04,78.09
2023,7,4,14,30,677,86,360,33.800000000000004,2.6,16.9,66.12
2023,7,4,15,30,787,103,568,36.7,2.5,13.790000000000001,53.78
2023,7,4,16,30,853,114,755,39.400000000000006,2.5,10.9,41.29
2023,7,4,17,30,902,115,905,41.5,3,8.59,28.92
2023,7,4,18,30,933,110,1000,42.900000000000006,3.5,7.48,17.39
2023,7,4,19,30,937,113,1034,43.7,4,7.0200000000000005,10.63
2023,7,4,20,30,927,115,1004,44.2,4.4,6.94,16.46
2023,7,4,21,30,903,115,914,44.2,4.7,7.17,27.810000000000002
2023,7,4,22,30,867,108,771,43.800000000000004,4.800000000000001,7.5600000000000005,40.160000000000004
2023,7,4,23,30,810,98,589,42.900000000000006,4.800000000000001,8.05,52.65
2023,7,5,0,30,712,81,382,41.6,4.2,8.55,65.02
2023,7,5,1,30,521,57,174,38.300000000000004,2.6,9.94,77.04
2023,7,5,2,30,91,13,16,34.800000000000004,1.5,11.91,88.34
2023,7,5,3,30,0,0,0,33.1,1.5,13,99.36
2023,7,5,4,30,0,0,0,32.1,1.6,13.780000000000001,108.87
2023,7,5,5,30,0,0,0,31.200000000000003,1.7000000000000002,14.66,116.59
2023,7,5,6,30,0,0,0,30.200000000000003,1.7000000000000002,15.540000000000001,121.78
2023,7,5,7,30,0,0,0,29.200000000000003,1.6,15.89,123.74000000000001
2023,7,5,8,30,0,0,0,28.400000000000002,1.3,15.52,122.12
2023,7,5,9,30,0,0,0,28.3,1.1,14.77,117.21000000000001
2023,7,5,10,30,0,0,0,28.5,0.8,14.34,109.7
2023,7,5,11,30,0,0,0,28.400000000000002,0.7000000000000001,14.870000000000001,100.34
2023,7,5,12,30,63,9,10,28.900000000000002,0.9,15.72,89.31
2023,7,5,13,30,518,52,158,31,1.4000000000000001,16.04,78.18
2023,7,5,14,30,728,75,369,34.4,2,11.73,66.2
2023,7,5,15,30,830,89,579,37.4,2.5,6.57,53.86
2023,7,5,16,30,887,100,766,39.5,3,5.64,41.37
2023,7,5,17,30,923,107,914,41.1,3.2,5.25,29
2023,7,5,18,30,942,109,1008,42.300000000000004,3.4000000000000004,5.03,17.48
2023,7,5,19,30,948,110,1041,43.300000000000004,3.5,4.99,10.73
2023,7,5,20,30,939,112,1012,43.800000000000004,3.7,5.17,16.490000000000002
2023,7,5,21,30,916,111,921,43.900000000000006,3.9000000000000004,5.45,27.82
2023,7,5,22,30,882,104,778,43.400000000000006,4,5.89,40.160000000000004
2023,7,5,23,30,826,93,594,42.5,3.8000000000000003,6.49,52.660000000000004
2023,7,6,0,30,730,78,386,41.1,3.2,7.3,65.02
2023,7,6,1,30,539,55,176,37.7,2,9.06,77.06
2023,7,6,2,30,103,13,16,34.300000000000004,1.2000000000000002,11.27,88.37
2023,7,6,3,30,0,0,0,32.9,1.3,12.1,99.39
2023,7,6,4,30,0,0,0,32,1.3,12.370000000000001,108.92
2023,7,6,5,30,0,0,0,31.1,1.3,12.41,116.65
2023,7,6,6,30,0,0,0,30.400000000000002,1.3,12.13,121.87
2023,7,6,7,30,0,0,0,30.1,1.2000000000000002,11.48,123.84
2023,7,6,8,30,0,0,0,29.900000000000002,1,10.86,122.23
2023,7,6,9,30,0,0,0,29.700000000000003,0.8,10.59,117.32000000000001
2023,7,6,10,30,0,0,0,29.400000000000002,0.5,10.73,109.8
2023,7,6,11,30,0,0,0,28.8,0.4,11.5,100.43
2023,7,6,12,30,55,8,9,29.3,0.6000000000000001,12.27,89.39
2023,7,6,13,30,481,54,152,31.900000000000002,1.3,12.19,78.26
2023,7,6,14,30,688,80,357,35.4,2,10.200000000000001,66.28
2023,7,6,15,30,795,96,564,38.5,2.6,8.09,53.93
2023,7,6,16,30,857,108,750,40.6,3.1,8.21,41.44
2023,7,6,17,30,898,112,897,42.2,3.3000000000000003,8.18,29.080000000000002
2023,7,6,18,30,919,114,990,43.7,3.5,7.97,17.580000000000002
2023,7,6,19,30,925,116,1025,44.800000000000004,3.5,7.83,10.83
2023,7,6,20,30,900,127,990,45.400000000000006,3.6,7.74,16.53
2023,7,6,21,30,902,109,907,45.6,3.8000000000000003,7.66,27.84
2023,7,6,22,30,867,103,766,45.300000000000004,4,7.75,40.17
2023,7,6,23,30,807,95,584,44.300000000000004,4.2,8.2,52.67
2023,7,7,0,30,701,81,377,42.800000000000004,3.9000000000000004,9.01,65.04
2023,7,7,1,30,501,58,170,39.7,2.8000000000000003,10.9,77.08
2023,7,7,2,30,79,13,15,36.300000000000004,2,13.68,88.4
2023,7,7,3,30,0,0,0,34.6,1.9000000000000001,15.41,99.43
2023,7,7,4,30,0,0,0,33.4,1.8,16.4,108.97
2023,7,7,5,30,0,0,0,32.300000000000004,1.6,16.87,116.72
2023,7,7,6,30,0,0,0,31.200000000000003,1.4000000000000001,16.88,121.95
2023,7,7,7,30,0,0,0,30.200000000000003,1.3,16.5,123.94
2023,7,7,8,30,0,0,0,29.3,1.2000000000000002,16.04,122.34
2023,7,7,9,30,0,0,0,28.5,1.1,15.72,117.43
2023,7,7,10,30,0,0,0,27.700000000000003,1,15.780000000000001,109.91
2023,7,7,11,30,0,0,0,26.900000000000002,1,16.54,100.53
2023,7,7,12,30,58,8,9,27.900000000000002,1.6,16.26,89.47
2023,7,7,13,30,504,51,153,30.8,2.4000000000000004,14.91,78.35000000000001
2023,7,7,14,30,714,74,360,34.300000000000004,2.6,11.55,66.36
2023,7,7,15,30,819,88,569,37.300000000000004,2.7,9.09,54.01
2023,7,7,16,30,881,96,756,39.400000000000006,2.9000000000000004,8.24,41.52
2023,7,7,17,30,920,101,904,41.1,3,7.76,29.16
2023,7,7,18,30,941,100,997,42.5,3.2,7.43,17.68
2023,7,7,19,30,949,100,1032,43.5,3.4000000000000004,7.3100000000000005,10.94
2023,7,7,20,30,942,101,1004,44.2,3.6,7.3500000000000005,16.580000000000002
2023,7,7,21,30,920,101,914,44.400000000000006,3.8000000000000003,7.6000000000000005,27.86
2023,7,7,22,30,887,95,773,44.1,3.9000000000000004,8.09,40.18
2023,7,7,23,30,831,86,590,43.300000000000004,3.9000000000000004,8.71,52.68
2023,7,8,0,30,736,73,383,41.900000000000006,3.5,9.55,65.05
2023,7,8,1,30,550,52,175,38.7,2.3000000000000003,11.32,77.10000000000001
2023,7,8,2,30,111,13,16,35.4,1.5,13.02,88.43
2023,7,8,3,30,0,0,0,33.800000000000004,1.5,12.96,99.48
2023,7,8,4,30,0,0,0,32.6,1.4000000000000001,12.36,109.03
2023,7,8,5,30,0,0,0,31.6,1.3,11.71,116.8
2023,7,8,6,30,0,0,0,30.6,1.3,11.36,122.05
2023,7,8,7,30,0,0,0,29.8,1.2000000000000002,11.18,124.05
2023,7,8,8,30,0,0,0,28.8,1.2000000000000002,11.5,122.45
2023,7,8,9,30,0,0,0,27.8,1.2000000000000002,12.19,117.54
2023,7,8,10,30,0,0,0,26.700000000000003,1.2000000000000002,13.33,110.02
2023,7,8,11,30,0,0,0,26,1.2000000000000002,14.57,100.63
2023,7,8,12,30,64,9,9,27.400000000000002,1.6,14.46,89.56
2023,7,8,13,30,514,49,152,30.8,2.3000000000000003,12.780000000000001,78.44
2023,7,8,14,30,718,71,358,34.2,2.5,10.09,66.44
2023,7,8,15,30,822,85,567,37.1,2.6,7.86,54.1
2023,7,8,16,30,881,94,753,39.300000000000004,2.8000000000000003,7.2,41.6
2023,7,8,17,30,913,101,898,41,3,7.2700000000000005,29.25
2023,7,8,18,30,926,109,991,42.5,3.1,7.51,17.78
2023,7,8,19,30,933,110,1026,43.5,3.3000000000000003,7.82,11.05
2023,7,8,20,30,927,110,998,44.2,3.4000000000000004,7.99,16.63
2023,7,8,21,30,907,107,909,44.400000000000006,3.6,8.14,27.88
2023,7,8,22,30,872,100,766,44.2,3.6,8.38,40.2
2023,7,8,23,30,814,91,584,43.400000000000006,3.6,8.83,52.7
2023,7,9,0,30,715,77,378,42,3.2,9.6,65.08
2023,7,9,1,30,521,54,170,38.900000000000006,2.1,11.41,77.13
2023,7,9,2,30,90,13,15,35.7,1.3,13.47,88.46000000000001
2023,7,9,3,30,0,0,0,34.300000000000004,1.4000000000000001,13.94,99.53
2023,7,9,4,30,0,0,0,33.300000000000004,1.4000000000000001,13.97,109.10000000000001
2023,7,9,5,30,0,0,0,32.4,1.3,13.93,116.89
2023,7,9,6,30,0,0,0,31.6,1.2000000000000002,13.83,122.15
2023,7,9,7,30,0,0,0,30.8,1.1,13.82,124.16
2023,7,9,8,30,0,0,0,30.1,1.1,13.870000000000001,122.57000000000001
2023,7,9,9,30,0,0,0,29.6,1.1,13.99,117.66
2023,7,9,10,30,0,0,0,29.3,1,14.17,110.13
2023,7,9,11,30,0,0,0,29.1,0.9,14.34,100.74000000000001
2023,7,9,12,30,56,8,8,29.8,1.1,13.72,89.64
2023,7,9,13,30,494,51,149,32.2,2.1,12.01,78.53
2023,7,9,14,30,696,75,352,35.300000000000004,3.2,8.57,66.53
2023,7,9,15,30,796,93,559,37.7,3.6,5.95,54.18
2023,7,9,16,30,854,104,742,39.2,3.6,5.0200000000000005,41.69
2023,7,9,17,30,898,106,889,40.7,3.4000000000000004,5.11,29.330000000000002
2023,7,9,18,30,925,102,982,42,3.4000000000000004,5.84,17.88
2023,7,9,19,30,927,103,1012,42.800000000000004,3.5,7.140000000000001,11.17
2023,7,9,20,30,913,104,979,42.800000000000004,3.5,8.84,16.69
2023,7,9,21,30,888,103,888,42.5,3,10.620000000000001,27.91
2023,7,9,22,30,858,95,750,42.2,2.2,12.11,40.22
2023,7,9,23,30,808,85,574,41.900000000000006,1.5,13.26,52.72
2023,7,10,0,30,719,70,373,41.1,1.1,14.44,65.1
2023,7,10,1,30,539,50,170,39.1,0.7000000000000001,16.42,77.16
2023,7,10,2,30,107,13,16,37.1,0.5,18.62,88.5
2023,7,10,3,30,0,0,0,36.2,0.5,19.57,99.59
2023,7,10,4,30,0,0,0,35,0.9,20.66,109.17
2023,7,10,5,30,0,0,0,33.2,1.3,22.150000000000002,116.98
2023,7,10,6,30,0,0,0,31.8,1.5,23.03,122.26
2023,7,10,7,30,0,0,0,30.900000000000002,1.8,23.490000000000002,124.28
2023,7,10,8,30,0,0,0,29.900000000000002,1.8,24.55,122.7
2023,7,10,9,30,0,0,0,28.900000000000002,1.4000000000000001,26.22,117.78
2023,7,10,10,30,0,0,0,28.3,1.1,27.5,110.25
2023,7,10,11,30,0,0,0,28.3,0.9,27.48,100.85000000000001
2023,7,10,12,30,50,8,8,29.900000000000002,0.6000000000000001,24.8,89.73
2023,7,10,13,30,485,49,145,32.6,0.8,21.45,78.62
2023,7,10,14,30,691,72,346,35.1,1.6,19.98,66.62
2023,7,10,15,30,794,86,550,37.300000000000004,1.7000000000000002,17.080000000000002,54.26
2023,7,10,16,30,853,95,731,39.2,1.5,15.33,41.77
2023,7,10,17,30,874,111,872,40.800000000000004,1.5,14.98,29.42
2023,7,10,18,30,657,269,894,42.2,1.8,14.99,17.990000000000002
2023,7,10,19,30,216,431,643,43.2,2.1,15.01,11.3
2023,7,10,20,30,483,387,849,43.800000000000004,2.6,15.06,16.76
2023,7,10,21,30,874,109,881,44,3,15.26,27.95
2023,7,10,22,30,846,100,746,43.7,3.2,15.65,40.25
2023,7,10,23,30,793,88,568,43,3.3000000000000003,16.22,52.74
2023,7,11,0,30,698,73,367,41.800000000000004,3.3000000000000003,17.19,65.13
2023,7,11,1,30,508,52,165,39.5,2.6,19.400000000000002,77.2
2023,7,11,2,30,88,13,15,37.1,2.1,22.32,88.55
2023,7,11,3,30,0,0,0,35.9,2.6,23.900000000000002,99.65
2023,7,11,4,30,0,0,0,34.9,3,25.13,109.25
2023,7,11,5,30,0,0,0,33.800000000000004,2.7,26.87,117.07000000000001
2023,7,11,6,30,0,0,0,32.7,2,28.75,122.37
2023,7,11,7,30,0,0,0,32.1,1.3,29.67,124.41
2023,7,11,8,30,0,0,0,31.700000000000003,0.9,29.96,122.83
2023,7,11,9,30,0,0,0,31.400000000000002,0.8,30.830000000000002,117.91
2023,7,11,10,30,0,0,0,31.1,0.7000000000000001,32.49,110.37
2023,7,11,11,30,0,0,0,31.1,0.5,33.55,100.96000000000001
2023,7,11,12,30,32,6,6,31.8,0.30000000000000004,33.24,89.82000000000001
2023,7,11,13,30,432,52,137,33.800000000000004,0.8,31.07,78.71000000000001
2023,7,11,14,30,13,158,163,36.2,1.4000000000000001,27.16,66.71000000000001
2023,7,11,15,30,118,287,356,38.300000000000004,1.5,23.03,54.35
2023,7,11,16,30,179,371,504,40,1.6,20.92,41.86
2023,7,11,17,30,296,415,673,41.6,2,19.63,29.51
2023,7,11,18,30,375,422,778,42.800000000000004,2.4000000000000004,18.91,18.1
2023,7,11,19,30,570,329,888,43.6,2.8000000000000003,18.5,11.43
2023,7,11,20,30,744,201,913,44.1,3.2,18.27,16.830000000000002
2023,7,11,21,30,837,126,865,44.2,3.6,18.13,27.98
2023,7,11,22,30,807,114,730,43.900000000000006,3.9000000000000004,18.17,40.28
2023,7,11,23,30,751,101,555,43.1,4,18.73,52.77
2023,7,12,0,30,651,83,356,41.900000000000006,4,19.71,65.17
2023,7,12,1,30,456,57,158,40,3.4000000000000004,21.580000000000002,77.24
2023,7,12,2,30,66,12,14,38,2.7,23.94,88.60000000000001
2023,7,12,3,30,0,0,0,36.800000000000004,2.9000000000000004,25.48,99.71000000000001
2023,7,12,4,30,0,0,0,35.800000000000004,3.1,26.67,109.33
2023,7,12,5,30,0,0,0,34.7,2.9000000000000004,28.14,117.18
2023,7,12,6,30,0,0,0,33.6,2.4000000000000004,29.86,122.49000000000001
2023,7,12,7,30,0,0,0,32.6,2,31.52,124.55
2023,7,12,8,30,0,0,0,31.6,1.6,33.22,122.97
2023,7,12,9,30,0,0,0,30.8,1.3,34.6,118.05
2023,7,12,10,30,0,0,0,30.200000000000003,1,35.59,110.49000000000001
2023,7,12,11,30,0,0,0,30,0.8,35.72,101.07000000000001
2023,7,12,12,30,22,5,5,31.200000000000003,1.2000000000000002,33.18,89.91
2023,7,12,13,30,268,68,120,33.800000000000004,2,28.810000000000002,78.81
2023,7,12,14,30,131,167,219,36.5,2.2,24.27,66.8
2023,7,12,15,30,6,154,157,38.7,2.2,20.21,54.44
2023,7,12,16,30,51,260,298,40.5,2.5,17.98,41.94
2023,7,12,17,30,210,402,585,42,2.9000000000000004,16.73,29.61
2023,7,12,18,30,35,244,277,43.1,3.2,16.17,18.22
2023,7,12,19,30,120,462,580,43.800000000000004,3.4000000000000004,16.21,11.57
2023,7,12,20,30,886,111,959,44.2,3.6,16.55,16.91
2023,7,12,21,30,868,107,873,44.2,3.6,17.13,28.03
2023,7,12,22,30,836,100,737,43.800000000000004,3.5,17.6,40.31
2023,7,12,23,30,780,90,561,43.1,3.4000000000000004,18.05,52.81
2023,7,13,0,30,680,75,360,41.900000000000006,3.1,18.79,65.21000000000001
2023,7,13,1,30,482,54,160,39.900000000000006,2.2,20.39,77.29
2023,7,13,2,30,74,12,14,37.7,1.4000000000000001,22.740000000000002,88.65
2023,7,13,3,30,0,0,0,36.6,1.5,23.82,99.79
2023,7,13,4,30,0,0,0,35.9,1.8,23.95,109.42
2023,7,13,5,30,0,0,0,35.2,2,24.1,117.28
2023,7,13,6,30,0,0,0,34.300000000000004,2,24.73,122.62
2023,7,13,7,30,0,0,0,33.4,1.8,25.84,124.69
2023,7,13,8,30,0,0,0,32.4,1.6,27.59,123.11
2023,7,13,9,30,0,0,0,31.5,1.3,29.88,118.19
2023,7,13,10,30,0,0,0,30.700000000000003,1.1,32.28,110.62
2023,7,13,11,30,0,0,0,30.400000000000002,0.9,33.59,101.19
2023,7,13,12,30,19,5,5,31.3,1,32.45,90
2023,7,13,13,30,379,57,130,33.800000000000004,1.4000000000000001,28.580000000000002,78.91
2023,7,13,14,30,507,117,316,36.800000000000004,1.9000000000000001,23.330000000000002,66.89
2023,7,13,15,30,734,103,529,39.5,2.3000000000000003,19.11,54.52
2023,7,13,16,30,626,215,680,41.5,2.7,16.34,42.03
2023,7,13,17,30,846,123,858,43,3,14.72,29.7
2023,7,13,18,30,867,129,952,44.1,3.1,13.69,18.34
2023,7,13,19,30,872,133,987,44.800000000000004,2.9000000000000004,13.07,11.72
2023,7,13,20,30,875,126,963,45.300000000000004,2.7,12.69,17
2023,7,13,21,30,869,113,880,45.400000000000006,2.4000000000000004,12.73,28.080000000000002
2023,7,13,22,30,834,106,742,45.1,2.2,12.96,40.35
2023,7,13,23,30,775,96,564,44.400000000000006,2.3000000000000003,13.39,52.85
2023,7,14,0,30,671,80,361,43.300000000000004,2.3000000000000003,14.09,65.25
2023,7,14,1,30,470,56,159,40.800000000000004,1.7000000000000002,16.01,77.34
2023,7,14,2,30,71,11,13,38.1,1.2000000000000002,18.69,88.71000000000001
2023,7,14,3,30,0,0,0,36.7,1.4000000000000001,20.16,99.86
2023,7,14,4,30,0,0,0,35.800000000000004,1.5,20.75,109.52
2023,7,14,5,30,0,0,0,34.9,1.6,21.34,117.4
2023,7,14,6,30,0,0,0,34,1.6,21.97,122.76
2023,7,14,7,30,0,0,0,33.1,1.7000000000000002,22.82,124.83
2023,7,14,8,30,0,0,0,32.2,1.6,24.02,123.26
2023,7,14,9,30,0,0,0,31.3,1.3,25.75,118.33
2023,7,14,10,30,0,0,0,30.6,1.1,27.61,110.76
2023,7,14,11,30,0,0,0,30.3,1,29.16,101.31
2023,7,14,12,30,21,5,5,31.400000000000002,1.3,28.51,90.10000000000001
2023,7,14,13,30,308,63,122,34.1,1.9000000000000001,25.44,79.01
2023,7,14,14,30,391,150,303,37,2.5,20.63,66.98
2023,7,14,15,30,741,103,532,39.6,2.8000000000000003,16.86,54.61
2023,7,14,16,30,808,116,715,41.7,3.3000000000000003,14.82,42.12
2023,7,14,17,30,770,176,844,43.300000000000004,4.2,13.58,29.8
2023,7,14,18,30,846,142,944,44.300000000000004,5,13.040000000000001,18.46
2023,7,14,19,30,854,145,981,44.7,5.4,13.23,11.870000000000001
2023,7,14,20,30,844,148,955,44.800000000000004,5.5,14.1,17.09
2023,7,14,21,30,870,114,881,44.7,5.300000000000001,15.09,28.14
2023,7,14,22,30,776,138,729,44.5,4.9,15.67,40.4
2023,7,14,23,30,718,119,552,44,4.6000000000000005,16.11,52.89
2023,7,15,0,30,674,80,362,43.1,4.2,16.63,65.3
2023,7,15,1,30,472,56,159,40.900000000000006,3.1,18.400000000000002,77.4
2023,7,15,2,30,66,12,13,38.6,2.5,21.05,88.77
2023,7,15,3,30,0,0,0,37.4,2.8000000000000003,22.96,99.95
2023,7,15,4,30,0,0,0,36.5,2.9000000000000004,24.310000000000002,109.62
2023,7,15,5,30,0,0,0,35.5,2.6,25.39,117.52
2023,7,15,6,30,0,0,0,34.5,2.2,25.94,122.9
2023,7,15,7,30,0,0,0,33.7,1.9000000000000001,25.41,124.99000000000001
2023,7,15,8,30,0,0,0,33.1,1.6,24.490000000000002,123.42
2023,7,15,9,30,0,0,0,32.7,1.4000000000000001,23.87,118.48
2023,7,15,10,30,0,0,0,32.300000000000004,1.2000000000000002,23.79,110.89
2023,7,15,11,30,0,0,0,31.200000000000003,1.6,25.22,101.44
2023,7,15,12,30,12,4,4,31.200000000000003,2.8000000000000003,26.97,90.19
2023,7,15,13,30,343,62,127,32.6,3.5,28.88,79.11
2023,7,15,14,30,580,100,326,34.300000000000004,3.4000000000000004,27.94,67.08
2023,7,15,15,30,709,121,531,36.5,3.4000000000000004,23.35,54.71
2023,7,15,16,30,785,135,716,39,3.7,18.72,42.21
2023,7,15,17,30,831,143,863,41.1,4.1000000000000005,15.76,29.900000000000002
2023,7,15,18,30,855,148,958,42.7,4.4,14.01,18.580000000000002
2023,7,15,19,30,867,146,994,43.900000000000006,4.6000000000000005,12.9,12.030000000000001
2023,7,15,20,30,864,143,968,44.7,4.7,12.19,17.18
2023,7,15,21,30,848,137,884,45.2,4.7,11.75,28.2
2023,7,15,22,30,812,128,746,45.2,4.7,11.49,40.44
2023,7,15,23,30,746,116,566,44.800000000000004,4.7,11.44,52.94
2023,7,16,0,30,624,99,359,43.5,4.2,12.11,65.35
2023,7,16,1,30,388,70,154,40.900000000000006,3.1,14.030000000000001,77.46000000000001
2023,7,16,2,30,29,10,11,38.300000000000004,2.5,16.59,88.84
2023,7,16,3,30,0,0,0,37,2.4000000000000004,18.3,100.04
2023,7,16,4,30,0,0,0,36.1,2.4000000000000004,19.77,109.73
2023,7,16,5,30,0,0,0,35.2,2.3000000000000003,21.35,117.65
2023,7,16,6,30,0,0,0,34.4,2.2,22.66,123.04
2023,7,16,7,30,0,0,0,33.6,2,23.95,125.15
2023,7,16,8,30,0,0,0,32.6,1.8,25.810000000000002,123.58
2023,7,16,9,30,0,0,0,31.700000000000003,1.4000000000000001,28.36,118.63
2023,7,16,10,30,0,0,0,31.200000000000003,0.9,30.46,111.03
2023,7,16,11,30,0,0,0,31,0.7000000000000001,31.12,101.56
2023,7,16,12,30,4,3,3,31.700000000000003,1.2000000000000002,29.900000000000002,90.84
2023,7,16,13,30,299,65,121,33.7,2.1,27.18,79.22
2023,7,16,14,30,558,102,318,36.300000000000004,2.4000000000000004,25.36,67.18
2023,7,16,15,30,382,234,454,38.900000000000006,2.3000000000000003,22.71,54.800000000000004
2023,7,16,16,30,328,313,556,41,2.4000000000000004,20.44,42.31
2023,7,16,17,30,523,281,734,42.5,2.5,19.25,30
2023,7,16,18,30,472,329,776,43.7,2.8000000000000003,18.35,18.71
2023,7,16,19,30,689,225,898,44.7,3.1,17.56,12.19
2023,7,16,20,30,642,268,881,45.300000000000004,3.3000000000000003,17.11,17.29
2023,7,16,21,30,814,150,867,45.7,3.3000000000000003,16.73,28.26
2023,7,16,22,30,834,115,749,45.7,3.2,16.14,40.5
2023,7,16,23,30,773,104,569,45.1,3.3000000000000003,15.77,52.99
2023,7,17,0,30,665,87,364,43.800000000000004,3,16.09,65.41
2023,7,17,1,30,452,60,158,41,2,18.36,77.53
2023,7,17,2,30,2,11,11,38.300000000000004,1.5,21.7,88.91
2023,7,17,3,30,0,0,0,37,1.7000000000000002,23.830000000000002,100.13
2023,7,17,4,30,0,0,0,36.2,2.1,25.55,109.84
2023,7,17,5,30,0,0,0,35.300000000000004,2.4000000000000004,27.86,117.78
2023,7,17,6,30,0,0,0,34.300000000000004,2.2,30.46,123.2
2023,7,17,7,30,0,0,0,33.2,1.6,33.06,125.31
2023,7,17,8,30,0,0,0,32.5,1,34.53,123.75
2023,7,17,9,30,0,0,0,32.300000000000004,0.6000000000000001,34.86,118.79
2023,7,17,10,30,0,0,0,32.300000000000004,0.30000000000000004,34.74,111.18
2023,7,17,11,30,0,0,0,32,0.4,35.2,101.69
2023,7,17,12,30,13,4,4,32.4,0.7000000000000001,34.34,90.96000000000001
2023,7,17,13,30,106,77,97,34.4,0.9,30.68,79.32000000000001
2023,7,17,14,30,610,87,323,37,1.4000000000000001,26.22,67.27
2023,7,17,15,30,734,106,528,39.300000000000004,1.9000000000000001,21.990000000000002,54.89
2023,7,17,16,30,806,118,713,41.5,2,18.96,42.4
2023,7,17,17,30,860,118,862,43.300000000000004,2,17.14,30.11
2023,7,17,18,30,898,112,962,44.900000000000006,2.1,15.73,18.84
2023,7,17,19,30,906,113,998,46.1,2.2,14.49,12.36
2023,7,17,20,30,898,115,972,46.800000000000004,2.4000000000000004,13.46,17.400000000000002
2023,7,17,21,30,877,112,884,47,2.8000000000000003,12.790000000000001,28.330000000000002
2023,7,17,22,30,844,105,746,46.7,3.1,12.530000000000001,40.56
2023,7,17,23,30,787,93,566,45.900000000000006,3.2,12.76,53.050000000000004
2023,7,18,0,30,685,78,362,44.6,3,13.57,65.47
2023,7,18,1,30,485,54,158,41.7,2.1,16.14,77.60000000000001
2023,7,18,2,30,32,9,10,38.900000000000006,1.5,20.18,88.99
2023,7,18,3,30,0,0,0,37.4,1.6,24.13,100.23
2023,7,18,4,30,0,0,0,36.2,1.5,28.57,109.96000000000001
2023,7,18,5,30,0,0,0,35,1.3,32.33,117.92
2023,7,18,6,30,0,0,0,34,1,35.550000000000004,123.36
2023,7,18,7,30,0,0,0,33.5,0.6000000000000001,37.550000000000004,125.48
2023,7,18,8,30,0,0,0,32.9,0.4,40.26,123.92
2023,7,18,9,30,0,0,0,32.1,0.6000000000000001,44.36,118.95
2023,7,18,10,30,0,0,0,31.400000000000002,0.7000000000000001,47.19,111.32000000000001
2023,7,18,11,30,0,0,0,31,0.9,48.370000000000005,101.83
2023,7,18,12,30,20,4,4,32,1.2000000000000002,44.84,91.08
2023,7,18,13,30,384,54,124,34.9,1.3,36.65,79.43
2023,7,18,14,30,604,88,320,38.300000000000004,0.9,24.810000000000002,67.37
2023,7,18,15,30,717,108,519,41,1.2000000000000002,20.52,54.99
2023,7,18,16,30,665,187,677,43,2,19.41,42.5
2023,7,18,17,30,855,113,852,44.6,2.6,18.07,30.21
2023,7,18,18,30,881,115,948,45.800000000000004,3,16.71,18.98
2023,7,18,19,30,890,115,984,46.6,3.3000000000000003,15.46,12.540000000000001
2023,7,18,20,30,881,119,959,47,3.4000000000000004,14.39,17.52
2023,7,18,21,30,858,119,874,47.1,3.5,13.46,28.41
2023,7,18,22,30,829,109,738,46.800000000000004,3.6,12.85,40.62
2023,7,18,23,30,777,96,562,46.1,3.7,12.47,53.11
2023,7,19,0,30,629,93,353,44.800000000000004,3.6,12.46,65.54
2023,7,19,1,30,197,86,128,41.900000000000006,2.5,13.72,77.67
2023,7,19,2,30,1,9,9,38.900000000000006,1.7000000000000002,15.99,89.07000000000001
2023,7,19,3,30,0,0,0,37.5,1.7000000000000002,17.44,100.34
2023,7,19,4,30,0,0,0,36.6,1.7000000000000002,18.93,110.08
2023,7,19,5,30,0,0,0,35.7,1.7000000000000002,20.95,118.07000000000001
2023,7,19,6,30,0,0,0,34.9,1.8,23.31,123.52
2023,7,19,7,30,0,0,0,34.1,1.7000000000000002,25.75,125.66
2023,7,19,8,30,0,0,0,33.4,1.6,27.740000000000002,124.10000000000001
2023,7,19,9,30,0,0,0,32.6,1.3,29.650000000000002,119.12
2023,7,19,10,30,0,0,0,32.1,1,30.85,111.47
2023,7,19,11,30,0,0,0,32.1,0.7000000000000001,30.98,101.96000000000001
2023,7,19,12,30,13,3,3,33,0.6000000000000001,29.650000000000002,91.2
2023,7,19,13,30,388,54,124,35.300000000000004,1,26.45,79.54
2023,7,19,14,30,626,82,322,38.6,1.5,21.47,67.48
2023,7,19,15,30,748,100,528,41.800000000000004,2,16.490000000000002,55.08
2023,7,19,16,30,820,111,715,43.900000000000006,2.5,14.55,42.59
2023,7,19,17,30,875,111,866,45.400000000000006,2.8000000000000003,13.280000000000001,30.32
2023,7,19,18,30,914,104,968,46.6,3,12.09,19.12
2023,7,19,19,30,925,105,1007,47.5,3.1,11.040000000000001,12.72
2023,7,19,20,30,922,103,982,48,3.2,10.3,17.64
2023,7,19,21,30,904,102,896,48,3.5,10.05,28.5
2023,7,19,22,30,873,94,756,47.6,3.8000000000000003,10.21,40.69
2023,7,19,23,30,786,102,573,46.7,4,10.620000000000001,53.18
2023,7,20,0,30,719,71,368,45.2,3.8000000000000003,11.36,65.61
2023,7,20,1,30,521,51,161,42.300000000000004,2.7,13.1,77.76
2023,7,20,2,30,2,9,9,39.400000000000006,1.9000000000000001,15.370000000000001,89.15
2023,7,20,3,30,0,0,0,38,1.9000000000000001,16.38,100.45
2023,7,20,4,30,0,0,0,36.9,1.8,17.01,110.21000000000001
2023,7,20,5,30,0,0,0,35.9,1.5,17.73,118.22
2023,7,20,6,30,0,0,0,34.9,1.2000000000000002,18.55,123.69
2023,7,20,7,30,0,0,0,34.4,1.1,18.830000000000002,125.84
2023,7,20,8,30,0,0,0,34.2,1,18.68,124.28
2023,7,20,9,30,0,0,0,33.9,0.9,19.19,119.29
2023,7,20,10,30,0,0,0,33.4,0.7000000000000001,20.580000000000002,111.63
2023,7,20,11,30,0,0,0,32.9,0.5,22.06,102.10000000000001
2023,7,20,12,30,13,2,2,33.4,0.30000000000000004,22.400000000000002,91.32000000000001
2023,7,20,13,30,423,49,125,35.6,0.7000000000000001,20.740000000000002,79.65
2023,7,20,14,30,656,76,326,38.7,1.9000000000000001,18.21,67.58
2023,7,20,15,30,775,91,534,41.6,2.5,15.08,55.18
2023,7,20,16,30,844,102,722,43.7,2.9000000000000004,12.63,42.69
2023,7,20,17,30,886,108,872,45.400000000000006,3.2,11.06,30.43
2023,7,20,18,30,911,112,972,46.6,3.5,9.93,19.26
2023,7,20,19,30,925,110,1012,47.5,3.9000000000000004,9.08,12.91
2023,7,20,20,30,927,107,990,48,4.2,8.55,17.78
2023,7,20,21,30,915,102,906,48.1,4.5,8.34,28.580000000000002
2023,7,20,22,30,887,94,766,47.7,4.7,8.43,40.77
2023,7,20,23,30,834,84,583,46.7,4.7,8.74,53.26
2023,7,21,0,30,735,70,373,45.2,4.2,9.3,65.69
2023,7,21,1,30,536,50,163,42.1,2.8000000000000003,11.08,77.84
2023,7,21,2,30,74,9,10,38.900000000000006,1.9000000000000001,14.02,89.24
2023,7,21,3,30,0,0,0,37.6,1.9000000000000001,15.64,100.56
2023,7,21,4,30,0,0,0,36.7,1.8,16.48,110.35000000000001
2023,7,21,5,30,0,0,0,35.800000000000004,1.7000000000000002,17.13,118.38
2023,7,21,6,30,0,0,0,34.9,1.5,17.62,123.87
2023,7,21,7,30,0,0,0,34.1,1.4000000000000001,17.900000000000002,126.03
2023,7,21,8,30,0,0,0,33.5,1.2000000000000002,17.990000000000002,124.46000000000001
2023,7,21,9,30,0,0,0,32.7,1.1,19.29,119.46000000000001
2023,7,21,10,30,0,0,0,31.700000000000003,0.9,21.98,111.79
2023,7,21,11,30,0,0,0,30.900000000000002,0.6000000000000001,24.79,102.24000000000001
2023,7,21,12,30,14,2,2,31.400000000000002,0.7000000000000001,25.85,91.44
2023,7,21,13,30,431,47,124,33.5,2.1,24.55,79.76
2023,7,21,14,30,647,77,323,35.6,3.8000000000000003,24.060000000000002,67.68
2023,7,21,15,30,754,98,527,37.6,4.3,22.44,55.28
2023,7,21,16,30,817,111,711,39.6,4,20.04,42.79
2023,7,21,17,30,859,118,858,41.6,3.7,17.75,30.54
2023,7,21,18,30,886,118,954,43.5,3.7,15.57,19.400000000000002
2023,7,21,19,30,892,121,990,45.1,3.9000000000000004,13.65,13.1
2023,7,21,20,30,877,127,961,46.300000000000004,4.1000000000000005,12.06,17.92
2023,7,21,21,30,857,123,875,46.800000000000004,4.3,10.96,28.68
2023,7,21,22,30,825,114,738,46.800000000000004,4.4,10.3,40.85
2023,7,21,23,30,769,100,559,46.300000000000004,4.3,10.05,53.33
2023,7,22,0,30,664,82,355,44.900000000000006,3.3000000000000003,10.35,65.77
2023,7,22,1,30,99,63,84,42.1,1.7000000000000002,11.59,77.93
2023,7,22,2,30,1,7,7,39.300000000000004,1.2000000000000002,13.3,89.33
2023,7,22,3,30,0,0,0,38.1,3.1,14.56,100.68
2023,7,22,4,30,0,0,0,36.9,4.800000000000001,19.43,110.49000000000001
2023,7,22,5,30,0,0,0,35.5,4.1000000000000005,25.82,118.54
2023,7,22,6,30,0,0,0,34.7,2.5,29.04,124.06
2023,7,22,7,30,0,0,0,34.1,1.5,31.17,126.23
2023,7,22,8,30,0,0,0,33.6,1.4000000000000001,33.36,124.66
2023,7,22,9,30,0,0,0,33,1.7000000000000002,35.09,119.64
2023,7,22,10,30,0,0,0,32.5,1.7000000000000002,35.51,111.94
2023,7,22,11,30,0,0,0,32,1.4000000000000001,35.7,102.38
2023,7,22,12,30,0,1,1,32.300000000000004,1.1,34.01,91.57000000000001
2023,7,22,13,30,293,61,113,33.5,1.2000000000000002,30.67,79.87
2023,7,22,14,30,333,153,279,35.300000000000004,1.3,25.57,67.78
2023,7,22,15,30,289,230,394,37.300000000000004,1.3,20.06,55.38
2023,7,22,16,30,438,260,581,39.1,1.7000000000000002,16.54,42.89
2023,7,22,17,30,567,285,773,40.800000000000004,2.6,14.700000000000001,30.650000000000002
2023,7,22,18,30,482,325,779,42.300000000000004,3.6,13.24,19.55
2023,7,22,19,30,662,246,890,43.400000000000006,4.1000000000000005,12.16,13.3
2023,7,22,20,30,838,157,954,44.2,4.1000000000000005,11.25,18.06
2023,7,22,21,30,872,116,880,44.7,4,10.65,28.78
2023,7,22,22,30,841,107,742,44.6,3.8000000000000003,10.52,40.93
2023,7,22,23,30,785,94,562,44.1,3.6,10.65,53.42
2023,7,23,0,30,685,78,358,43,3.1,11.14,65.86
2023,7,23,1,30,331,75,144,40.2,2,12.8,78.03
2023,7,23,2,30,8,8,8,37.4,1.5,14.97,89.43
2023,7,23,3,30,0,0,0,36,1.4000000000000001,16.35,100.81
2023,7,23,4,30,0,0,0,35.6,1,17.2,110.64
2023,7,23,5,30,0,0,0,34.9,1.1,18.37,118.71000000000001
2023,7,23,6,30,0,0,0,33.9,3,21.28,124.25
2023,7,23,7,30,0,0,0,33.2,4.800000000000001,27.92,126.43
2023,7,23,8,30,0,0,0,32.300000000000004,4.5,37.94,124.85000000000001
2023,7,23,9,30,0,0,0,31.400000000000002,3.3000000000000003,42.74,119.82000000000001
2023,7,23,10,30,0,0,0,30.6,2.4000000000000004,44.81,112.11
2023,7,23,11,30,0,0,0,30.1,2.1,45.38,102.52
2023,7,23,12,30,8,2,2,30.700000000000003,2.8000000000000003,43.28,91.7
2023,7,23,13,30,123,71,92,33,3.4000000000000004,37.160000000000004,79.98
2023,7,23,14,30,143,169,223,36,3.1,28.42,67.89
2023,7,23,15,30,456,207,465,38.7,2.6,21.580000000000002,55.480000000000004
2023,7,23,16,30,656,199,679,40.7,2.4000000000000004,18.23,42.99
2023,7,23,17,30,714,212,825,42.2,1.9000000000000001,16.28,30.77
2023,7,23,18,30,687,255,902,43.2,1,15.15,19.7
2023,7,23,19,30,517,336,839,43.800000000000004,1.1,14.63,13.5
2023,7,23,20,30,493,386,854,44.300000000000004,2.1,14.33,18.21
2023,7,23,21,30,470,361,773,44.5,2.7,14.15,28.89
2023,7,23,22,30,721,167,711,44.300000000000004,2.9000000000000004,13.99,41.02
2023,7,23,23,30,707,124,545,43.6,3,14.21,53.5
2023,7,24,0,30,569,107,339,42.400000000000006,2.7,14.85,65.95
2023,7,24,1,30,380,63,141,40,1.8,16.56,78.13
2023,7,24,2,30,38,8,8,37.5,1.1,18.95,89.53
2023,7,24,3,30,0,0,0,36.4,1.1,19.96,100.94
2023,7,24,4,30,0,0,0,35.6,1.2000000000000002,21,110.79
2023,7,24,5,30,0,0,0,34.7,1.3,22.53,118.89
2023,7,24,6,30,0,0,0,33.9,1.5,24.01,124.44
2023,7,24,7,30,0,0,0,33,1.5,25.560000000000002,126.63000000000001
2023,7,24,8,30,0,0,0,32.1,1.2000000000000002,26.95,125.06
2023,7,24,9,30,0,0,0,31.700000000000003,0.9,27.39,120.01
2023,7,24,10,30,0,0,0,31.5,0.8,27.48,112.27
2023,7,24,11,30,0,0,0,31,0.9,28,102.67
2023,7,24,12,30,0,1,1,31.700000000000003,1.4000000000000001,26.650000000000002,91.83
2023,7,24,13,30,161,58,86,34.2,2.3000000000000003,23,80.10000000000001
2023,7,24,14,30,144,181,235,36.5,2.9000000000000004,20.5,67.99
2023,7,24,15,30,688,119,508,38.300000000000004,3.2,19.53,55.58
2023,7,24,16,30,762,136,692,39.900000000000006,3.2,18.41,43.1
2023,7,24,17,30,825,135,843,41.7,3,16.76,30.88
2023,7,24,18,30,871,125,944,43.400000000000006,2.7,14.85,19.86
2023,7,24,19,30,887,122,984,44.800000000000004,2.6,13.18,13.71
2023,7,24,20,30,879,124,958,45.7,2.7,12.25,18.37
2023,7,24,21,30,853,124,870,46,3,12.18,29
2023,7,24,22,30,630,217,692,45.800000000000004,3.3000000000000003,12.59,41.12
2023,7,24,23,30,690,134,543,45,3.5,13.33,53.6
2023,7,25,0,30,604,99,344,43.7,3.4000000000000004,14.32,66.05
2023,7,25,1,30,99,60,80,41.2,2.6,16.26,78.23
2023,7,25,2,30,1,7,7,38.6,2,18.63,89.63
2023,7,25,3,30,0,0,0,37.300000000000004,2.1,19.68,101.08
2023,7,25,4,30,0,0,0,36.300000000000004,2,20.48,110.95
2023,7,25,5,30,0,0,0,35.2,1.8,21.67,119.07000000000001
2023,7,25,6,30,0,0,0,34.1,1.5,23.35,124.64
2023,7,25,7,30,0,0,0,33.2,1.2000000000000002,25.27,126.85000000000001
2023,7,25,8,30,0,0,0,32.5,0.9,27.63,125.26
2023,7,25,9,30,0,0,0,32.2,0.7000000000000001,30.79,120.2
2023,7,25,10,30,0,0,0,31.900000000000002,0.4,33.13,112.44
2023,7,25,11,30,0,0,0,31.200000000000003,0.5,35.99,102.82000000000001
2023,7,25,12,30,7,1,1,31.400000000000002,1,37.11,91.96000000000001
2023,7,25,13,30,362,50,112,33.7,1.6,33.97,80.21000000000001
2023,7,25,14,30,605,83,309,36.7,1.7000000000000002,25.96,68.1
2023,7,25,15,30,730,103,515,39.7,1.4000000000000001,19.490000000000002,55.68
2023,7,25,16,30,805,116,703,42.2,1.4000000000000001,15.75,43.2
2023,7,25,17,30,860,119,856,44.2,1.9000000000000001,13.52,31
2023,7,25,18,30,898,114,958,45.6,2.5,12.11,20.02
2023,7,25,19,30,909,115,997,46.6,3,11.17,13.92
2023,7,25,20,30,901,117,971,47.2,3.3000000000000003,10.57,18.54
2023,7,25,21,30,879,116,884,47.300000000000004,3.4000000000000004,10.3,29.12
2023,7,25,22,30,846,107,743,47,3.5,10.38,41.22
2023,7,25,23,30,787,95,561,46.2,3.4000000000000004,10.8,53.69
2023,7,26,0,30,680,79,354,44.7,2.9000000000000004,11.71,66.15
2023,7,26,1,30,402,62,143,41.6,1.9000000000000001,13.92,78.35000000000001
2023,7,26,2,30,1,6,6,38.7,1.5,16.72,89.74
2023,7,26,3,30,0,0,0,37.5,1.7000000000000002,17.84,101.22
2023,7,26,4,30,0,0,0,36.800000000000004,1.9000000000000001,18.36,111.12
2023,7,26,5,30,0,0,0,36,2,19.04,119.26
2023,7,26,6,30,0,0,0,35.2,1.9000000000000001,19.88,124.85000000000001
2023,7,26,7,30,0,0,0,34.300000000000004,1.7000000000000002,21.16,127.06
2023,7,26,8,30,0,0,0,33.5,1.4000000000000001,22.69,125.47
2023,7,26,9,30,0,0,0,32.9,1.2000000000000002,24.19,120.39
2023,7,26,10,30,0,0,0,32.800000000000004,0.8,24.990000000000002,112.61
2023,7,26,11,30,0,0,0,32.2,0.6000000000000001,26.48,102.97
2023,7,26,12,30,4,1,1,32.5,1.4000000000000001,26.62,92.09
2023,7,26,13,30,320,55,109,35.1,2.4000000000000004,23.19,80.33
2023,7,26,14,30,556,96,302,37.9,2.9000000000000004,19.45,68.21000000000001
2023,7,26,15,30,674,125,504,39.900000000000006,3,17.7,55.78
2023,7,26,16,30,748,144,688,41.7,2.5,16.46,43.31
2023,7,26,17,30,818,141,841,43.800000000000004,1.4000000000000001,14.540000000000001,31.12
2023,7,26,18,30,863,132,942,45.7,1.3,12.6,20.18
2023,7,26,19,30,850,148,972,47.1,2.3000000000000003,11.11,14.14
2023,7,26,20,30,829,155,940,47.800000000000004,3.1,10.35,18.71
2023,7,26,21,30,802,153,853,47.900000000000006,3.7,10.200000000000001,29.240000000000002
2023,7,26,22,30,764,143,717,47.400000000000006,3.9000000000000004,10.46,41.33
2023,7,26,23,30,711,121,541,46.5,4,10.82,53.800000000000004
2023,7,27,0,30,617,93,341,45,3.8000000000000003,11.46,66.26
2023,7,27,1,30,419,58,142,42.1,3,13.280000000000001,78.46000000000001
2023,7,27,2,30,30,5,5,39.400000000000006,2.6,16.1,89.86
2023,7,27,3,30,0,0,0,38,2.9000000000000004,18.36,101.37
2023,7,27,4,30,0,0,0,36.9,2.9000000000000004,20.54,111.29
2023,7,27,5,30,0,0,0,35.7,2.6,23.22,119.45
2023,7,27,6,30,0,0,0,34.4,2.1,26.3,125.07000000000001
2023,7,27,7,30,0,0,0,33.300000000000004,1.6,29.17,127.29
2023,7,27,8,30,0,0,0,32.2,1.2000000000000002,33.22,125.69
2023,7,27,9,30,0,0,0,31.5,0.9,37.69,120.59
2023,7,27,10,30,0,0,0,31.3,0.6000000000000001,39.300000000000004,112.79
2023,7,27,11,30,0,0,0,31.200000000000003,0.5,38.43,103.12
2023,7,27,12,30,1,1,1,31.400000000000002,0.8,38.300000000000004,92.22
2023,7,27,13,30,135,75,97,33.4,1.5,35.78,80.45
2023,7,27,14,30,239,185,273,36.4,2,27.25,68.32000000000001
2023,7,27,15,30,471,217,481,39.1,2.1,22.17,55.89
2023,7,27,16,30,759,138,689,41.300000000000004,2.3000000000000003,18.93,43.410000000000004
2023,7,27,17,30,828,134,842,43.2,2.5,16.48,31.240000000000002
2023,7,27,18,30,879,121,945,44.7,2.9000000000000004,14.85,20.34
2023,7,27,19,30,769,196,941,45.7,3.3000000000000003,13.86,14.370000000000001
2023,7,27,20,30,482,301,757,46.300000000000004,3.8000000000000003,13.31,18.89
2023,7,27,21,30,512,293,739,46.400000000000006,4.1000000000000005,13.01,29.37
2023,7,27,22,30,778,142,725,46.1,4.4,12.83,41.44
2023,7,27,23,30,777,96,554,45.300000000000004,4.5,12.83,53.910000000000004
2023,7,28,0,30,689,74,350,43.900000000000006,4.4,13.120000000000001,66.37
2023,7,28,1,30,480,50,145,41.300000000000004,3.4000000000000004,14.57,78.58
2023,7,28,2,30,36,6,6,38.400000000000006,2.4000000000000004,17.6,89.97
2023,7,28,3,30,0,0,0,36.9,2.1,19.95,101.53
2023,7,28,4,30,0,0,0,35.7,1.8,22.6,111.46000000000001
2023,7,28,5,30,0,0,0,34.7,1.4000000000000001,25.240000000000002,119.65
2023,7,28,6,30,0,0,0,34.1,1.2000000000000002,27.060000000000002,125.29
2023,7,28,7,30,0,0,0,33.6,1,28.310000000000002,127.51
2023,7,28,8,30,0,0,0,33,0.9,29.67,125.91
2023,7,28,9,30,0,0,0,32.4,0.8,31.17,120.79
2023,7,28,10,30,0,0,0,32,0.8,32.230000000000004,112.96000000000001
2023,7,28,11,30,0,0,0,31.900000000000002,0.7000000000000001,32.69,103.27
2023,7,28,12,30,0,0,0,32.7,0.8,31.82,92.35000000000001
2023,7,28,13,30,43,74,81,34.6,1.4000000000000001,29.61,80.57000000000001
2023,7,28,14,30,370,140,276,36.9,2.2,24.71,68.43
2023,7,28,15,30,371,216,424,38.900000000000006,3.2,21.09,55.99
2023,7,28,16,30,605,207,646,40.400000000000006,4.1000000000000005,18.69,43.52
2023,7,28,17,30,394,321,657,41.5,4.800000000000001,17.2,31.37
2023,7,28,18,30,745,207,905,42.1,5.6000000000000005,16.64,20.51
2023,7,28,19,30,864,134,970,42,6.4,17.39,14.6
2023,7,28,20,30,662,271,897,41.800000000000004,6.4,18.82,19.07
2023,7,28,21,30,589,278,791,42.400000000000006,5.300000000000001,19.31,29.51
2023,7,28,22,30,795,126,721,43.2,4,18.44,41.56
2023,7,28,23,30,747,106,545,43.400000000000006,3.4000000000000004,17.34,54.02
2023,7,29,0,30,651,84,344,42.5,2.7,16.990000000000002,66.49
2023,7,29,1,30,442,54,141,39.6,1.8,19.26,78.71000000000001
2023,7,29,2,30,0,4,4,36.800000000000004,1.3,23.27,90.09
2023,7,29,3,30,0,0,0,35.800000000000004,1.1,25.19,101.69
2023,7,29,4,30,0,0,0,35.1,0.8,26.55,111.64
2023,7,29,5,30,0,0,0,34.1,0.8,29.71,119.86
2023,7,29,6,30,0,0,0,33.300000000000004,1.1,32.47,125.51
2023,7,29,7,30,0,0,0,32.7,1.3,34.65,127.75
2023,7,29,8,30,0,0,0,32.300000000000004,1,36.37,126.14
2023,7,29,9,30,0,0,0,32.2,0.8,37.25,120.99000000000001
2023,7,29,10,30,0,0,0,31.900000000000002,0.9,36.54,113.14
2023,7,29,11,30,0,0,0,31.400000000000002,1.1,38.08,103.42
2023,7,29,12,30,0,0,0,31.3,1.5,38.28,92.49
2023,7,29,13,30,8,58,59,31.900000000000002,1.7000000000000002,37.4,80.68
2023,7,29,14,30,34,134,146,33.300000000000004,1.7000000000000002,33.33,68.53
2023,7,29,15,30,117,246,311,35.2,1.5,27.41,56.1
2023,7,29,16,30,309,294,518,37.7,1.3,22.22,43.63
2023,7,29,17,30,762,172,822,40.6,1.4000000000000001,17.42,31.490000000000002
2023,7,29,18,30,778,191,919,43.1,2,14.68,20.69
2023,7,29,19,30,870,135,976,44.6,2.6,13.27,14.83
2023,7,29,20,30,874,128,953,45.400000000000006,2.9000000000000004,12.43,19.27
2023,7,29,21,30,866,116,869,45.7,3.2,11.86,29.66
2023,7,29,22,30,833,108,730,45.5,3.3000000000000003,11.55,41.68
2023,7,29,23,30,773,95,548,44.900000000000006,3.2,11.52,54.14
2023,7,30,0,30,575,93,321,43.300000000000004,2,12.19,66.61
2023,7,30,1,30,72,87,101,40.300000000000004,1.1,16.88,78.84
2023,7,30,2,30,0,3,3,37.6,2,21.73,90.21000000000001
2023,7,30,3,30,0,0,0,36.1,2.8000000000000003,25.28,101.85000000000001
2023,7,30,4,30,0,0,0,34.800000000000004,2.1,28.28,111.83
2023,7,30,5,30,0,0,0,34,1.1,29.32,120.07000000000001
2023,7,30,6,30,0,0,0,33.4,0.4,29.16,125.74000000000001
2023,7,30,7,30,0,0,0,32.9,0.30000000000000004,27.93,127.99000000000001
2023,7,30,8,30,0,0,0,32.4,0.4,25.64,126.36
2023,7,30,9,30,0,0,0,31.700000000000003,0.4,25.45,121.2
2023,7,30,10,30,0,0,0,30.900000000000002,0.5,28.04,113.32000000000001
2023,7,30,11,30,0,0,0,30.6,0.6000000000000001,31.82,103.58
2023,7,30,12,30,0,0,0,30.900000000000002,0.6000000000000001,35.230000000000004,92.62
2023,7,30,13,30,74,71,83,32,1.1,37.06,80.8
2023,7,30,14,30,17,134,140,33.800000000000004,2,33.34,68.64
2023,7,30,15,30,45,208,233,35.9,2.6,28.18,56.2
2023,7,30,16,30,349,309,561,38,2.6,23.63,43.74
2023,7,30,17,30,513,318,755,40,2.4000000000000004,20.63,31.62
2023,7,30,18,30,14,364,377,41.7,2.6,18.59,20.86
2023,7,30,19,30,187,425,606,42.900000000000006,3.1,17.16,15.07
2023,7,30,20,30,461,385,820,43.6,3.3000000000000003,16.18,19.46
2023,7,30,21,30,449,364,754,43.800000000000004,3.3000000000000003,15.39,29.8
2023,7,30,22,30,715,163,696,43.6,3.2,14.73,41.81
2023,7,30,23,30,721,113,534,42.900000000000006,3.2,14.39,54.26
2023,7,31,0,30,371,131,278,41.6,2.5,14.530000000000001,66.73
2023,7,31,1,30,129,42,67,39,1.4000000000000001,16.54,78.97
2023,7,31,2,30,0,3,3,36.9,0.8,19.89,90.89
2023,7,31,3,30,0,0,0,36.300000000000004,0.6000000000000001,20.3,102.02
2023,7,31,4,30,0,0,0,35.1,0.5,22.97,112.02
2023,7,31,5,30,0,0,0,33.7,0.5,26.67,120.28
2023,7,31,6,30,0,0,0,32.7,0.9,30.16,125.98
2023,7,31,7,30,0,0,0,31.400000000000002,1.8,34.62,128.23
2023,7,31,8,30,0,0,0,29.900000000000002,2.7,41.11,126.60000000000001
2023,7,31,9,30,0,0,0,28.700000000000003,2.5,46.910000000000004,121.41
2023,7,31,10,30,0,0,0,27.8,1.3,51.94,113.5
2023,7,31,11,30,0,0,0,27.1,0.7000000000000001,56.46,103.74000000000001
2023,7,31,12,30,0,0,0,27.400000000000002,1.4000000000000001,57.43,92.76
2023,7,31,13,30,298,53,100,29,1.8,53.14,80.92
2023,7,31,14,30,569,90,296,31.3,1.2000000000000002,44.85,68.75
2023,7,31,15,30,707,111,503,33.7,0.9,35.71,56.31
2023,7,31,16,30,782,125,689,36,1.1,28.88,43.85
2023,7,31,17,30,839,126,839,37.800000000000004,1.5,24.79,31.75
2023,7,31,18,30,879,119,939,39.300000000000004,1.8,22.11,21.04
2023,7,31,19,30,889,119,976,40.400000000000006,2.1,20.400000000000002,15.32
2023,7,31,20,30,887,116,951,41.1,2.3000000000000003,19.41,19.67
2023,7,31,21,30,874,109,866,41.300000000000004,2.4000000000000004,18.93,29.96
2023,7,31,22,30,843,100,727,41.2,2.4000000000000004,18.55,41.94
2023,7,31,23,30,736,111,540,40.5,2.3000000000000003,18.68,54.39
2023,8,1,0,30,682,73,341,39.300000000000004,1.9000000000000001,19.29,66.87
2023,8,1,1,30,444,51,135,36.9,1.2000000000000002,23.05,79.11
2023,8,1,2,30,29,5,4,34.9,1,30.34,91.05
2023,8,1,3,30,0,0,0,33.9,1.1,30.75,102.19
2023,8,1,4,30,0,0,0,32.800000000000004,1.3,32.14,112.22
2023,8,1,5,30,0,0,0,31.700000000000003,1.5,33.9,120.5
2023,8,1,6,30,0,0,0,30.8,1.6,35.84,126.22
2023,8,1,7,30,0,0,0,29.900000000000002,1.4000000000000001,38.5,128.48
2023,8,1,8,30,0,0,0,29.1,1.1,41.480000000000004,126.83
2023,8,1,9,30,0,0,0,28.700000000000003,0.8,43.72,121.62
2023,8,1,10,30,0,0,0,28.6,0.5,44.51,113.69
2023,8,1,11,30,0,0,0,28.200000000000003,0.4,45.9,103.9
2023,8,1,12,30,0,0,0,28.400000000000002,1.1,46.31,92.9
2023,8,1,13,30,370,45,103,30.400000000000002,1.7000000000000002,42.4,81.04
2023,8,1,14,30,628,75,301,33.300000000000004,1.6,35.39,68.87
2023,8,1,15,30,755,91,509,35.9,1.6,28.76,56.42
2023,8,1,16,30,828,101,697,38.1,1.8,23.81,43.96
2023,8,1,17,30,872,108,848,39.7,2.1,21.06,31.88
2023,8,1,18,30,896,111,946,41,2.3000000000000003,19.3,21.22
2023,8,1,19,30,906,111,984,41.800000000000004,2.4000000000000004,18.14,15.57
2023,8,1,20,30,827,148,926,42.300000000000004,2.4000000000000004,17.28,19.88
2023,8,1,21,30,604,250,772,42.400000000000006,2.4000000000000004,16.85,30.12
2023,8,1,22,30,762,144,710,42.1,2.3000000000000003,16.85,42.08
2023,8,1,23,30,689,131,531,41.300000000000004,2.1,17.39,54.52
2023,8,2,0,30,663,77,336,40.1,1.7000000000000002,18.42,67
2023,8,2,1,30,430,52,132,38,1.1,21.650000000000002,79.26
2023,8,2,2,30,22,4,4,36.300000000000004,0.9,28.060000000000002,91.21000000000001
2023,8,2,3,30,0,0,0,35.300000000000004,1.1,28.79,102.37
2023,8,2,4,30,0,0,0,34.2,1.4000000000000001,29.240000000000002,112.42
2023,8,2,5,30,0,0,0,33.2,1.6,29.88,120.73
2023,8,2,6,30,0,0,0,32.300000000000004,1.6,31.07,126.46000000000001
2023,8,2,7,30,0,0,0,31.5,1.4000000000000001,32.71,128.73
2023,8,2,8,30,0,0,0,30.900000000000002,1.2000000000000002,34.08,127.08
2023,8,2,9,30,0,0,0,30.6,1,34.87,121.84
2023,8,2,10,30,0,0,0,30.5,0.8,35.34,113.87
2023,8,2,11,30,0,0,0,30.400000000000002,0.7000000000000001,35.62,104.06
2023,8,2,12,30,0,0,0,31.200000000000003,0.6000000000000001,33.78,93.04
2023,8,2,13,30,22,73,76,33.300000000000004,1.3,31.16,81.17
2023,8,2,14,30,350,138,264,35.6,2.1,25.94,68.98
2023,8,2,15,30,616,136,476,37.5,2.6,23.07,56.53
2023,8,2,16,30,337,307,549,39.2,2.9000000000000004,20.57,44.07
2023,8,2,17,30,287,382,625,40.7,3.1,18.75,32.02
2023,8,2,18,30,676,238,867,42,3.1,17.57,21.41
2023,8,2,19,30,579,263,820,42.900000000000006,3,16.990000000000002,15.82
2023,8,2,20,30,483,355,809,43.300000000000004,3,16.59,20.1
2023,8,2,21,30,899,96,872,43.300000000000004,3.1,16.29,30.29
2023,8,2,22,30,870,89,733,43,3.2,16.03,42.230000000000004
2023,8,2,23,30,817,78,551,42.1,3.2,16.11,54.660000000000004
2023,8,3,0,30,718,65,344,40.800000000000004,2.8000000000000003,16.5,67.14
2023,8,3,1,30,506,44,137,37.9,1.8,18.8,79.41
2023,8,3,2,30,22,4,3,35.300000000000004,1.2000000000000002,23.41,91.37
2023,8,3,3,30,0,0,0,34.2,1.2000000000000002,24.37,102.55
2023,8,3,4,30,0,0,0,33.4,1.3,25.19,112.62
2023,8,3,5,30,0,0,0,32.6,1.3,26.45,120.96000000000001
2023,8,3,6,30,0,0,0,31.8,1.4000000000000001,28.080000000000002,126.72
2023,8,3,7,30,0,0,0,31,1.4000000000000001,29.8,128.99
2023,8,3,8,30,0,0,0,30.3,1.3,31.310000000000002,127.32000000000001
2023,8,3,9,30,0,0,0,29.700000000000003,1.1,32.2,122.06
2023,8,3,10,30,0,0,0,29.5,0.9,32.07,114.06
2023,8,3,11,30,0,0,0,29.5,0.5,31.8,104.22
2023,8,3,12,30,0,0,0,30,0.5,31.02,93.18
2023,8,3,13,30,395,44,104,32.2,0.9,27.97,81.29
2023,8,3,14,30,654,72,305,35.5,1.3,21.18,69.09
2023,8,3,15,30,618,152,492,38.5,1.7000000000000002,15.540000000000001,56.63
2023,8,3,16,30,851,99,709,40.400000000000006,2.2,14.36,44.19
2023,8,3,17,30,891,106,860,41.800000000000004,2.7,13.81,32.15
2023,8,3,18,30,913,110,959,42.900000000000006,3,13.3,21.6
2023,8,3,19,30,924,109,997,43.6,3.2,12.92,16.080000000000002
2023,8,3,20,30,710,219,885,44,3.2,12.71,20.32
2023,8,3,21,30,910,101,885,44,3.1,12.72,30.46
2023,8,3,22,30,881,92,743,43.6,3.1,12.72,42.38
2023,8,3,23,30,826,82,558,42.7,2.9000000000000004,12.870000000000001,54.81
2023,8,4,0,30,723,67,346,41.2,2.4000000000000004,13.34,67.29
2023,8,4,1,30,506,44,136,38.1,1.5,15.69,79.56
2023,8,4,2,30,20,3,2,35.300000000000004,1.2000000000000002,19.330000000000002,91.54
2023,8,4,3,30,0,0,0,34.1,1.4000000000000001,19.23,102.74000000000001
2023,8,4,4,30,0,0,0,33,1.5,18.79,112.84
2023,8,4,5,30,0,0,0,31.900000000000002,1.6,18.29,121.2
2023,8,4,6,30,0,0,0,30.8,1.5,18.16,126.97
2023,8,4,7,30,0,0,0,29.900000000000002,1.4000000000000001,18.41,129.25
2023,8,4,8,30,0,0,0,29.200000000000003,1.3,19.03,127.57000000000001
2023,8,4,9,30,0,0,0,28.900000000000002,1.2000000000000002,19.580000000000002,122.28
2023,8,4,10,30,0,0,0,28.700000000000003,0.9,20.19,114.25
2023,8,4,11,30,0,0,0,28.6,0.5,20.89,104.38
2023,8,4,12,30,0,0,0,29.200000000000003,0.30000000000000004,21.330000000000002,93.32000000000001
2023,8,4,13,30,472,40,110,31.400000000000002,0.7000000000000001,20.13,81.41
2023,8,4,14,30,729,62,321,35.2,1.1,14.99,69.2
2023,8,4,15,30,844,76,539,38.800000000000004,1.5,10.89,56.74
2023,8,4,16,30,907,85,734,41.2,2,9.09,44.300000000000004
2023,8,4,17,30,943,91,888,42.6,2.3000000000000003,8.63,32.29
2023,8,4,18,30,960,95,986,43.800000000000004,2.3000000000000003,8.26,21.79
2023,8,4,19,30,965,96,1022,44.6,2.3000000000000003,8.07,16.34
2023,8,4,20,30,958,96,993,45.1,2.2,8.08,20.55
2023,8,4,21,30,938,93,900,45.2,2,8.3,30.64
2023,8,4,22,30,903,88,753,44.800000000000004,1.6,8.64,42.54
2023,8,4,23,30,845,79,564,44,1.2000000000000002,9.06,54.96
2023,8,5,0,30,741,65,349,42.5,0.6000000000000001,9.790000000000001,67.44
2023,8,5,1,30,520,43,136,40.1,0.4,13.52,79.72
2023,8,5,2,30,21,3,2,38,0.7000000000000001,14.950000000000001,91.71000000000001
2023,8,5,3,30,0,0,0,36.9,0.7000000000000001,15.21,102.94
2023,8,5,4,30,0,0,0,36.1,0.6000000000000001,15.370000000000001,113.05
2023,8,5,5,30,0,0,0,35.1,0.6000000000000001,15.69,121.44
2023,8,5,6,30,0,0,0,33.800000000000004,0.8,16.43,127.24000000000001
2023,8,5,7,30,0,0,0,32.7,0.9,16.73,129.52
2023,8,5,8,30,0,0,0,32,0.8,16.94,127.82000000000001
2023,8,5,9,30,0,0,0,31.6,0.4,17.240000000000002,122.5
2023,8,5,10,30,0,0,0,30.8,0.30000000000000004,18.26,114.45
2023,8,5,11,30,0,0,0,30,0.6000000000000001,18.62,104.54
2023,8,5,12,30,0,0,0,30.200000000000003,0.9,18.39,93.46000000000001
2023,8,5,13,30,433,39,103,32.4,1.5,16.78,81.54
2023,8,5,14,30,690,64,308,35.7,2.1,12.200000000000001,69.32000000000001
2023,8,5,15,30,809,80,522,38.6,2.4000000000000004,9.31,56.85
2023,8,5,16,30,876,88,714,41.1,2.8000000000000003,8.15,44.42
2023,8,5,17,30,916,92,865,43.1,3.2,7.7700000000000005,32.43
2023,8,5,18,30,941,91,964,44.6,3.3000000000000003,7.8100000000000005,21.990000000000002
2023,8,5,19,30,948,92,1000,45.800000000000004,3.3000000000000003,8.02,16.61
2023,8,5,20,30,943,90,972,46.400000000000006,3.4000000000000004,8.31,20.79
2023,8,5,21,30,925,90,884,46.5,3.6,8.57,30.830000000000002
2023,8,5,22,30,892,84,740,46.1,3.8000000000000003,8.700000000000001,42.7
2023,8,5,23,30,834,76,553,45.1,3.8000000000000003,8.9,55.11
2023,8,6,0,30,727,64,341,43.2,3.2,9.5,67.6
2023,8,6,1,30,496,44,131,39.7,2,11.48,79.89
2023,8,6,2,30,16,3,2,36.6,1.5,14.200000000000001,91.89
2023,8,6,3,30,0,0,0,35.300000000000004,1.5,15,103.14
2023,8,6,4,30,0,0,0,34.2,1.5,15.67,113.28
2023,8,6,5,30,0,0,0,33.1,1.4000000000000001,16.47,121.69
2023,8,6,6,30,0,0,0,32.1,1.3,17.31,127.5
2023,8,6,7,30,0,0,0,31.6,1.1,17.75,129.79
2023,8,6,8,30,0,0,0,31.400000000000002,1.1,17.77,128.08
2023,8,6,9,30,0,0,0,31.3,0.9,17.73,122.73
2023,8,6,10,30,0,0,0,31.3,0.7000000000000001,17.68,114.64
2023,8,6,11,30,0,0,0,31,0.5,18.19,104.71000000000001
2023,8,6,12,30,0,0,0,30.900000000000002,0.7000000000000001,18.37,93.60000000000001
2023,8,6,13,30,407,42,101,32.6,1.8,18.01,81.66
2023,8,6,14,30,672,69,305,35.300000000000004,3,16.67,69.43
2023,8,6,15,30,792,84,516,37.7,3.3000000000000003,17.490000000000002,56.97
2023,8,6,16,30,856,95,705,39.800000000000004,3,16.42,44.54
2023,8,6,17,30,891,102,853,41.6,2.9000000000000004,15.21,32.58
2023,8,6,18,30,909,105,947,43,3.1,14.52,22.19
2023,8,6,19,30,912,107,980,44.1,3.4000000000000004,14.290000000000001,16.88
2023,8,6,20,30,651,268,876,44.7,3.7,14.6,21.03
2023,8,6,21,30,756,184,832,44.800000000000004,3.9000000000000004,15.31,31.02
2023,8,6,22,30,368,335,605,44.300000000000004,4.2,16.47,42.86
2023,8,6,23,30,590,169,505,43.400000000000006,4.3,17.91,55.27
2023,8,7,0,30,314,154,273,42,4.1000000000000005,19.84,67.76
2023,8,7,1,30,79,79,93,40,3.3000000000000003,22.7,80.05
2023,8,7,2,30,0,1,1,38.2,2.7,25.97,92.08
2023,8,7,3,30,0,0,0,37.1,2.7,28.240000000000002,103.34
2023,8,7,4,30,0,0,0,36.2,2.7,29.7,113.5
2023,8,7,5,30,0,0,0,35.2,2.5,30.86,121.94
2023,8,7,6,30,0,0,0,34.1,2,31.41,127.78
2023,8,7,7,30,0,0,0,33.2,1.4000000000000001,30.91,130.07
2023,8,7,8,30,0,0,0,32.4,1.1,30.25,128.34
2023,8,7,9,30,0,0,0,31.8,0.8,30.57,122.96000000000001
2023,8,7,10,30,0,0,0,31.3,0.7000000000000001,31.98,114.84
2023,8,7,11,30,0,0,0,31.200000000000003,0.5,33.230000000000004,104.88
2023,8,7,12,30,0,0,0,31.6,0.4,33.93,93.74
2023,8,7,13,30,352,44,94,33,1.2000000000000002,33.59,81.78
2023,8,7,14,30,626,72,291,35.1,2.5,35.27,69.55
2023,8,7,15,30,753,90,499,37.300000000000004,3,31.14,57.08
2023,8,7,16,30,821,103,687,39.400000000000006,3.3000000000000003,26.13,44.660000000000004
2023,8,7,17,30,864,109,836,41.2,3.7,22.68,32.72
2023,8,7,18,30,891,109,933,42.5,4,20.6,22.39
2023,8,7,19,30,898,111,969,43.400000000000006,4.2,19.31,17.16
2023,8,7,20,30,893,109,941,43.900000000000006,4.3,18.69,21.28
2023,8,7,21,30,875,105,853,44,4.5,18.57,31.21
2023,8,7,22,30,836,99,710,43.6,4.6000000000000005,18.93,43.03
2023,8,7,23,30,768,89,525,42.800000000000004,4.5,19.650000000000002,55.43
2023,8,8,0,30,647,75,318,41.5,4.1000000000000005,20.84,67.92
2023,8,8,1,30,397,49,116,39.300000000000004,2.8000000000000003,23.09,80.23
2023,8,8,2,30,4,1,1,37.300000000000004,1.8,25.27,92.26
2023,8,8,3,30,0,0,0,36.4,2,26.13,103.55
2023,8,8,4,30,0,0,0,35.6,2.5,27.25,113.73
2023,8,8,5,30,0,0,0,34.800000000000004,2.7,28.810000000000002,122.2
2023,8,8,6,30,0,0,0,33.800000000000004,2.4000000000000004,31.05,128.05
2023,8,8,7,30,0,0,0,32.7,1.7000000000000002,33.75,130.35
2023,8,8,8,30,0,0,0,31.900000000000002,1.3,36.7,128.61
2023,8,8,9,30,0,0,0,31.400000000000002,1.1,40.29,123.19
2023,8,8,10,30,0,0,0,31,1,43.29,115.03
2023,8,8,11,30,0,0,0,30.6,1,46.07,105.04
2023,8,8,12,30,0,0,0,31,1.4000000000000001,46.28,93.89
2023,8,8,13,30,60,54,62,32.5,2,43.63,81.91
2023,8,8,14,30,181,131,194,34.6,2.5,36.62,69.66
2023,8,8,15,30,412,187,410,36.5,3,29.580000000000002,57.19
2023,8,8,16,30,756,131,668,37.9,3.3000000000000003,26.400000000000002,44.78
2023,8,8,17,30,815,133,818,39.400000000000006,3.5,23.740000000000002,32.87
2023,8,8,18,30,856,129,919,40.800000000000004,3.7,21.57,22.6
2023,8,8,19,30,864,131,955,41.800000000000004,3.9000000000000004,20.22,17.44
2023,8,8,20,30,867,124,931,42.400000000000006,4.1000000000000005,19.45,21.53
2023,8,8,21,30,861,112,847,42.6,4.3,19.06,31.42
2023,8,8,22,30,828,103,706,42.300000000000004,4.4,18.87,43.21
2023,8,8,23,30,764,91,523,41.5,4.3,19.080000000000002,55.6
2023,8,9,0,30,643,76,316,40.2,3.8000000000000003,19.89,68.09
2023,8,9,1,30,389,48,113,37.800000000000004,2.5,22.26,80.4
2023,8,9,2,30,0,0,0,35.5,1.5,25.71,92.46000000000001
2023,8,9,3,30,0,0,0,34.300000000000004,1.4000000000000001,28.18,103.76
2023,8,9,4,30,0,0,0,33.300000000000004,1.4000000000000001,30.91,113.97
2023,8,9,5,30,0,0,0,32.4,1.4000000000000001,33.65,122.46000000000001
2023,8,9,6,30,0,0,0,31.5,1.3,36.37,128.34
2023,8,9,7,30,0,0,0,31,1.2000000000000002,38.13,130.64000000000001
2023,8,9,8,30,0,0,0,30.6,1.2000000000000002,40.06,128.87
2023,8,9,9,30,0,0,0,30.400000000000002,1.1,42.08,123.43
2023,8,9,10,30,0,0,0,30,0.9,45.62,115.23
2023,8,9,11,30,0,0,0,29.6,0.8,49.54,105.21000000000001
2023,8,9,12,30,0,0,0,29.700000000000003,1,51.06,94.03
2023,8,9,13,30,185,51,77,31.3,1.2000000000000002,46.480000000000004,82.03
2023,8,9,14,30,580,81,281,34,0.9,35.56,69.78
2023,8,9,15,30,720,100,489,36.5,1.1,27.94,57.31
2023,8,9,16,30,794,114,676,38.5,1.9000000000000001,24.25,44.9
2023,8,9,17,30,857,111,830,40,2.7,22.23,33.02
2023,8,9,18,30,904,99,932,41.2,3.2,20.95,22.81
2023,8,9,19,30,910,100,967,42,3.5,20.27,17.72
2023,8,9,20,30,905,99,939,42.5,3.8000000000000003,19.93,21.79
2023,8,9,21,30,889,94,851,42.6,4,19.76,31.62
2023,8,9,22,30,825,96,696,42.300000000000004,4.2,19.580000000000002,43.39
2023,8,9,23,30,792,79,525,41.5,4.3,19.68,55.77
2023,8,10,0,30,675,67,317,40.2,3.9000000000000004,20.16,68.27
2023,8,10,1,30,426,43,113,38.1,2.7,21.56,80.58
2023,8,10,2,30,0,0,0,36.1,1.6,23.68,92.65
2023,8,10,3,30,0,0,0,35,1.4000000000000001,24.57,103.97
2023,8,10,4,30,0,0,0,34.1,1.3,25.26,114.21000000000001
2023,8,10,5,30,0,0,0,33.2,1.3,26.01,122.73
2023,8,10,6,30,0,0,0,32.4,1.4000000000000001,26.68,128.62
2023,8,10,7,30,0,0,0,31.6,1.4000000000000001,27.57,130.93
2023,8,10,8,30,0,0,0,30.700000000000003,1.3,29.310000000000002,129.14000000000001
2023,8,10,9,30,0,0,0,29.900000000000002,1.2000000000000002,31.900000000000002,123.66
2023,8,10,10,30,0,0,0,29.200000000000003,1.1,34.59,115.43
2023,8,10,11,30,0,0,0,28.6,1.1,37.43,105.38
2023,8,10,12,30,0,0,0,29.3,1.6,37.300000000000004,94.17
2023,8,10,13,30,48,57,64,31.6,2.3000000000000003,33.79,82.16
2023,8,10,14,30,539,90,275,34.2,2.6,30.86,69.9
2023,8,10,15,30,733,94,489,36.4,2.5,26.68,57.42
2023,8,10,16,30,479,223,562,38.1,2.7,24.19,45.03
2023,8,10,17,30,537,273,722,39.400000000000006,2.9000000000000004,22.62,33.17
2023,8,10,18,30,601,253,806,40.5,3.1,21.25,23.02
2023,8,10,19,30,714,191,870,41.300000000000004,3.1,20,18.01
2023,8,10,20,30,539,314,814,41.7,2.9000000000000004,19.18,22.05
2023,8,10,21,30,882,100,849,41.900000000000006,2.6,18.580000000000002,31.84
2023,8,10,22,30,845,93,705,41.800000000000004,2.4000000000000004,18.32,43.58
2023,8,10,23,30,779,84,520,41.1,2.2,18.76,55.95
2023,8,11,0,30,660,69,311,40,1.8,19.76,68.45
2023,8,11,1,30,170,63,90,38.1,1.1,22.240000000000002,80.77
2023,8,11,2,30,0,0,0,36.5,0.9,25.12,92.86
2023,8,11,3,30,0,0,0,35.5,1.1,26.37,104.19
2023,8,11,4,30,0,0,0,34.5,1.6,27.830000000000002,114.45
2023,8,11,5,30,0,0,0,33.5,2.1,29.7,123
2023,8,11,6,30,0,0,0,32.5,2.3000000000000003,32.42,128.91
2023,8,11,7,30,0,0,0,31.5,2,35.75,131.22
2023,8,11,8,30,0,0,0,30.700000000000003,1.3,38.78,129.42000000000002
2023,8,11,9,30,0,0,0,30,0.8,41.25,123.9
2023,8,11,10,30,0,0,0,29.400000000000002,0.7000000000000001,43.19,115.63
2023,8,11,11,30,0,0,0,28.8,0.8,45.480000000000004,105.55
2023,8,11,12,30,0,0,0,29.1,1.1,45.88,94.32000000000001
2023,8,11,13,30,292,45,84,30.8,1.6,42.81,82.29
2023,8,11,14,30,622,74,287,33,2,34.6,70.01
2023,8,11,15,30,440,188,424,35.1,2.2,27.86,57.54
2023,8,11,16,30,275,295,489,36.9,2.6,23.650000000000002,45.15
2023,8,11,17,30,364,329,633,38.5,2.9000000000000004,20.88,33.33
2023,8,11,18,30,905,105,937,39.7,3,19.22,23.240000000000002
2023,8,11,19,30,911,107,972,40.6,3.1,18.35,18.31
2023,8,11,20,30,694,219,861,41.1,3.1,18.11,22.32
2023,8,11,21,30,734,177,799,41.2,3.1,18.22,32.06
2023,8,11,22,30,597,222,653,40.900000000000006,3.1,18.51,43.77
2023,8,11,23,30,632,154,506,40.2,3.1,19.25,56.13
2023,8,12,0,30,432,120,277,39,3,20.61,68.63
2023,8,12,1,30,389,46,107,36.9,2.2,23.26,80.96000000000001
2023,8,12,2,30,0,0,0,35.1,1.6,26.42,93.06
2023,8,12,3,30,0,0,0,34.300000000000004,1.7000000000000002,28.02,104.42
2023,8,12,4,30,0,0,0,33.6,1.6,29.44,114.7
2023,8,12,5,30,0,0,0,32.800000000000004,1.5,31.14,123.27
2023,8,12,6,30,0,0,0,32.2,1.7000000000000002,32.67,129.21
2023,8,12,7,30,0,0,0,31.400000000000002,1.6,35.12,131.52
2023,8,12,8,30,0,0,0,30.3,1.2000000000000002,39.36,129.69
2023,8,12,9,30,0,0,0,29.3,0.9,43.7,124.14
2023,8,12,10,30,0,0,0,28.5,0.8,46.54,115.84
2023,8,12,11,30,0,0,0,28.3,0.7000000000000001,46.57,105.72
2023,8,12,12,30,0,0,0,28.6,0.6000000000000001,44.59,94.46000000000001
2023,8,12,13,30,363,40,88,30.1,0.9,41.64,82.41
2023,8,12,14,30,450,107,260,32.6,1.1,31.62,70.13
2023,8,12,15,30,722,106,492,35,1.3,22.76,57.65
2023,8,12,16,30,849,94,691,37,1.9000000000000001,18.740000000000002,45.28
2023,8,12,17,30,898,96,845,38.6,2.6,16.87,33.480000000000004
2023,8,12,18,30,930,94,947,40,3.1,15.47,23.46
2023,8,12,19,30,943,91,985,41,3.3000000000000003,14.290000000000001,18.61
2023,8,12,20,30,940,91,959,41.7,3.3000000000000003,13.22,22.6
2023,8,12,21,30,923,89,869,41.800000000000004,3,12.52,32.28
2023,8,12,22,30,893,81,724,41.5,2.6,12.14,43.97
2023,8,12,23,30,836,72,536,40.800000000000004,2.2,12.08,56.32
2023,8,13,0,30,729,60,323,39.2,1.5,12.700000000000001,68.82000000000001
2023,8,13,1,30,488,38,113,36.7,1,16.02,81.15
2023,8,13,2,30,0,0,0,34.800000000000004,0.9,18.18,93.27
2023,8,13,3,30,0,0,0,33.6,0.9,18.900000000000002,104.65
2023,8,13,4,30,0,0,0,32.300000000000004,1,20.43,114.96000000000001
2023,8,13,5,30,0,0,0,31.200000000000003,1,22.73,123.55
2023,8,13,6,30,0,0,0,30.3,1,26.47,129.51
2023,8,13,7,30,0,0,0,29.400000000000002,0.9,31.62,131.82
2023,8,13,8,30,0,0,0,28.700000000000003,0.7000000000000001,36.37,129.97
2023,8,13,9,30,0,0,0,28.200000000000003,0.5,39.59,124.38000000000001
2023,8,13,10,30,0,0,0,27.8,0.5,41.85,116.04
2023,8,13,11,30,0,0,0,27.3,0.6000000000000001,44.52,105.89
2023,8,13,12,30,0,0,0,27.900000000000002,1.2000000000000002,44.61,94.61
2023,8,13,13,30,370,39,87,30.3,1.6,40.45,82.54
2023,8,13,14,30,654,67,288,33.5,0.9,30.89,70.25
2023,8,13,15,30,762,90,496,36.300000000000004,0.4,22.55,57.77
2023,8,13,16,30,696,168,657,38.400000000000006,0.8,19,45.410000000000004
2023,8,13,17,30,878,108,839,40.1,1.4000000000000001,16.740000000000002,33.64
2023,8,13,18,30,916,101,940,41.300000000000004,2,15.31,23.69
2023,8,13,19,30,925,102,977,42.2,2.5,14.42,18.91
2023,8,13,20,30,920,100,948,42.6,2.8000000000000003,14.07,22.88
2023,8,13,21,30,581,255,745,42.6,3.1,13.98,32.51
2023,8,13,22,30,687,195,688,42.1,3.2,14.16,44.17
2023,8,13,23,30,247,214,350,41.2,3.1,14.56,56.51
2023,8,14,0,30,370,109,242,39.5,2.4000000000000004,15.55,69.01
2023,8,14,1,30,344,49,101,36.7,1.4000000000000001,18.36,81.35000000000001
2023,8,14,2,30,0,0,0,34.5,1,21.56,93.48
2023,8,14,3,30,0,0,0,33.7,1,22.12,104.88
2023,8,14,4,30,0,0,0,33,1,22.8,115.22
2023,8,14,5,30,0,0,0,32.2,1,23.86,123.84
2023,8,14,6,30,0,0,0,31.5,0.9,25.150000000000002,129.82
2023,8,14,7,30,0,0,0,30.8,0.8,26.89,132.13
2023,8,14,8,30,0,0,0,30.3,0.8,28.900000000000002,130.26
2023,8,14,9,30,0,0,0,29.6,0.7000000000000001,31.580000000000002,124.63000000000001
2023,8,14,10,30,0,0,0,28.900000000000002,0.7000000000000001,34.07,116.24000000000001
2023,8,14,11,30,0,0,0,28.400000000000002,0.8,36.050000000000004,106.06
2023,8,14,12,30,0,0,0,28.900000000000002,1.1,35.83,94.76
2023,8,14,13,30,0,17,17,31.200000000000003,1.4000000000000001,32.3,82.67
2023,8,14,14,30,0,27,27,34.2,1.3,26.93,70.37
2023,8,14,15,30,13,124,131,36.800000000000004,1.3,23.35,57.89
2023,8,14,16,30,40,254,282,38.800000000000004,1.8,21.09,45.54
2023,8,14,17,30,47,262,301,40.400000000000006,2.3000000000000003,18.96,33.81
2023,8,14,18,30,486,304,748,41.6,2.7,17.27,23.92
2023,8,14,19,30,36,382,416,42.400000000000006,2.8000000000000003,15.98,19.21
2023,8,14,20,30,61,405,461,42.800000000000004,2.6,15.11,23.16
2023,8,14,21,30,219,407,591,42.800000000000004,2.1,14.74,32.75
2023,8,14,22,30,194,331,470,42.400000000000006,1.5,15.02,44.38
2023,8,14,23,30,452,193,441,41.6,0.9,15.780000000000001,56.71
2023,8,15,0,30,639,71,298,40.2,0.4,17.19,69.21000000000001
2023,8,15,1,30,381,43,99,38,0.5,20.8,81.55
2023,8,15,2,30,0,0,0,35.9,0.8,23.990000000000002,93.7
2023,8,15,3,30,0,0,0,34.6,1,25.6,105.12
2023,8,15,4,30,0,0,0,33.800000000000004,1.1,27.3,115.48
2023,8,15,5,30,0,0,0,33.1,1.2000000000000002,29.400000000000002,124.13000000000001
2023,8,15,6,30,0,0,0,32.7,1.3,31.21,130.12
2023,8,15,7,30,0,0,0,32.300000000000004,1.6,32.980000000000004,132.44
2023,8,15,8,30,0,0,0,32.1,2.1,34.56,130.54
2023,8,15,9,30,0,0,0,31.700000000000003,2.4000000000000004,36.94,124.87
2023,8,15,10,30,0,0,0,31.200000000000003,2.5,40.51,116.45
2023,8,15,11,30,0,0,0,30.6,2.5,44.6,106.23
2023,8,15,12,30,0,0,0,30.900000000000002,3.1,45.56,94.9
2023,8,15,13,30,191,43,67,32.7,4.2,41.63,82.79
2023,8,15,14,30,260,147,234,35.300000000000004,5,34.94,70.49
2023,8,15,15,30,345,222,405,37.7,5.2,28.48,58.01
2023,8,15,16,30,307,332,547,39.7,4.800000000000001,24.16,45.67
2023,8,15,17,30,435,331,692,41.2,4.4,21.37,33.97
2023,8,15,18,30,483,363,804,42.400000000000006,3.8000000000000003,19.38,24.150000000000002
2023,8,15,19,30,774,184,914,43.300000000000004,3.4000000000000004,17.97,19.52
2023,8,15,20,30,401,371,739,43.7,3,17.18,23.46
2023,8,15,21,30,533,282,729,43.7,2.7,16.78,32.99
2023,8,15,22,30,616,174,613,43.400000000000006,2.4000000000000004,16.71,44.6
2023,8,15,23,30,518,151,434,42.5,2.1,17.23,56.910000000000004
2023,8,16,0,30,429,113,264,41.2,1.5,18.2,69.41
2023,8,16,1,30,89,61,74,39.300000000000004,0.9,20.85,81.76
2023,8,16,2,30,0,0,0,38,0.7000000000000001,22.95,93.92
2023,8,16,3,30,0,0,0,37.1,0.7000000000000001,23.88,105.36
2023,8,16,4,30,0,0,0,35.800000000000004,0.8,25.72,115.74000000000001
2023,8,16,5,30,0,0,0,34.5,0.9,28.12,124.42
2023,8,16,6,30,0,0,0,33.6,1.1,30.12,130.44
2023,8,16,7,30,0,0,0,32.800000000000004,1.2000000000000002,32.17,132.75
2023,8,16,8,30,0,0,0,32,1.3,35.4,130.83
2023,8,16,9,30,0,0,0,31.3,1.4000000000000001,39.35,125.12
2023,8,16,10,30,0,0,0,30.5,1.6,42.97,116.66
2023,8,16,11,30,0,0,0,30,1.9000000000000001,44.94,106.41
2023,8,16,12,30,0,0,0,30.400000000000002,2.6,43.72,95.05
2023,8,16,13,30,357,36,80,32.6,3.3000000000000003,38.480000000000004,82.92
2023,8,16,14,30,642,64,277,36.2,3.1,29.77,70.61
2023,8,16,15,30,773,79,487,39.5,2.5,21.09,58.13
2023,8,16,16,30,842,90,677,41.800000000000004,2.2,17.04,45.800000000000004
2023,8,16,17,30,676,190,750,43.2,2.1,15.46,34.14
2023,8,16,18,30,903,101,923,44.300000000000004,2.2,14.63,24.39
2023,8,16,19,30,832,154,937,44.900000000000006,2.4000000000000004,14.290000000000001,19.84
2023,8,16,20,30,887,113,925,45.2,2.5,14.13,23.75
2023,8,16,21,30,862,112,833,45.1,2.5,14.17,33.230000000000004
2023,8,16,22,30,648,194,654,44.5,2.5,14.39,44.81
2023,8,16,23,30,535,163,453,43.6,2.4000000000000004,14.790000000000001,57.120000000000005
2023,8,17,0,30,85,67,97,41.900000000000006,1.8,15.84,69.61
2023,8,17,1,30,140,54,74,39.400000000000006,1.1,18.94,81.97
2023,8,17,2,30,0,0,0,37.4,0.9,21.93,94.15
2023,8,17,3,30,0,0,0,36.4,0.9,23.11,105.61
2023,8,17,4,30,0,0,0,35.300000000000004,0.9,24.86,116.01
2023,8,17,5,30,0,0,0,34.300000000000004,0.8,26.96,124.72
2023,8,17,6,30,0,0,0,33.5,0.7000000000000001,29.490000000000002,130.76
2023,8,17,7,30,0,0,0,32.9,0.6000000000000001,32.89,133.07
2023,8,17,8,30,0,0,0,32.4,0.4,36.71,131.12
2023,8,17,9,30,0,0,0,31.900000000000002,0.4,39,125.37
2023,8,17,10,30,0,0,0,31.200000000000003,0.7000000000000001,40.71,116.86
2023,8,17,11,30,0,0,0,30.6,0.8,42.31,106.58
2023,8,17,12,30,0,0,0,30.8,0.5,41.68,95.2
2023,8,17,13,30,4,47,47,32.5,0.8,38.43,83.05
2023,8,17,14,30,565,80,266,35.5,1.6,30.01,70.73
2023,8,17,15,30,351,240,425,38.6,1.4000000000000001,22.04,58.25
2023,8,17,16,30,549,231,613,41.1,1.1,17.830000000000002,45.94
2023,8,17,17,30,868,106,823,43,1.6,15.24,34.31
2023,8,17,18,30,908,99,924,44.2,2.2,13.91,24.63
2023,8,17,19,30,914,100,958,44.800000000000004,2.7,13.24,20.16
2023,8,17,20,30,905,102,928,45,2.9000000000000004,12.99,24.05
2023,8,17,21,30,883,100,836,45,3,12.82,33.49
2023,8,17,22,30,850,91,692,44.6,2.9000000000000004,12.75,45.04
2023,8,17,23,30,692,122,496,43.7,2.6,13.040000000000001,57.33
2023,8,18,0,30,518,100,279,41.800000000000004,1.8,14.11,69.82000000000001
2023,8,18,1,30,11,41,42,39.2,1.1,19.1,82.18
2023,8,18,2,30,0,0,0,37.6,0.9,21.63,94.38
2023,8,18,3,30,0,0,0,37,0.8,21.38,105.86
2023,8,18,4,30,0,0,0,35.800000000000004,0.8,22.03,116.29
2023,8,18,5,30,0,0,0,34.2,1.1,23.79,125.02
2023,8,18,6,30,0,0,0,32.6,1.4000000000000001,26.560000000000002,131.08
2023,8,18,7,30,0,0,0,31.3,1.6,29.8,133.39000000000001
2023,8,18,8,30,0,0,0,30.3,1.6,33.22,131.42000000000002
2023,8,18,9,30,0,0,0,29.700000000000003,1.4000000000000001,37.11,125.62
2023,8,18,10,30,0,0,0,29.3,1.2000000000000002,40.26,117.07000000000001
2023,8,18,11,30,0,0,0,29,1.4000000000000001,42.03,106.75
2023,8,18,12,30,0,0,0,29.5,2.2,40.160000000000004,95.34
2023,8,18,13,30,0,24,24,31.3,2.8000000000000003,35.35,83.18
2023,8,18,14,30,4,81,82,33.7,2.4000000000000004,30.37,70.85000000000001
2023,8,18,15,30,6,157,160,36,1.7000000000000002,25.94,58.370000000000005
2023,8,18,16,30,4,131,134,38.2,1.6,21.53,46.08
2023,8,18,17,30,5,185,189,40.1,1.9000000000000001,17.71,34.480000000000004
2023,8,18,18,30,49,293,337,41.300000000000004,2.4000000000000004,15.71,24.87
2023,8,18,19,30,482,315,767,41.800000000000004,2.6,15.25,20.48
2023,8,18,20,30,695,192,825,41.900000000000006,2.7,15.450000000000001,24.36
2023,8,18,21,30,366,324,628,41.6,2.6,15.81,33.74
2023,8,18,22,30,672,178,651,41.1,2.5,16.42,45.26
2023,8,18,23,30,387,175,383,40.1,2.5,17.740000000000002,57.54
2023,8,19,0,30,318,67,176,38.7,2.4000000000000004,19.73,70.03
2023,8,19,1,30,10,45,46,36.6,1.8,23.42,82.4
2023,8,19,2,30,0,0,0,34.9,1.3,27.73,94.61
2023,8,19,3,30,0,0,0,34,1.1,30.21,106.11
2023,8,19,4,30,0,0,0,33.300000000000004,0.8,32.54,116.57000000000001
2023,8,19,5,30,0,0,0,32.800000000000004,0.6000000000000001,34.08,125.32000000000001
2023,8,19,6,30,0,0,0,32.1,1.2000000000000002,36.06,131.4
2023,8,19,7,30,0,0,0,31.6,2.3000000000000003,37.85,133.72
2023,8,19,8,30,0,0,0,31.1,2.4000000000000004,41.17,131.71
2023,8,19,9,30,0,0,0,30.400000000000002,1.8,45.78,125.87
2023,8,19,10,30,0,0,0,29.700000000000003,1.8,50.04,117.28
2023,8,19,11,30,0,0,0,29,2,52.71,106.92
2023,8,19,12,30,0,0,0,28.8,2.1,52.54,95.49
2023,8,19,13,30,6,42,43,29.5,2,49.1,83.3
2023,8,19,14,30,49,147,163,31,1.8,41.92,70.97
2023,8,19,15,30,278,226,371,32.5,2.1,37.01,58.5
2023,8,19,16,30,111,319,396,33.6,2.5,35.65,46.21
2023,8,19,17,30,320,349,612,34.6,2.5,33.74,34.660000000000004
2023,8,19,18,30,508,307,767,35.7,2.9000000000000004,31.23,25.12
2023,8,19,19,30,190,459,637,36.4,3.5,29.48,20.8
2023,8,19,20,30,66,378,438,36.300000000000004,4.2,29.21,24.67
2023,8,19,21,30,0,198,198,35.4,4.7,30.69,34
2023,8,19,22,30,0,91,91,33.9,4.800000000000001,33.18,45.49
2023,8,19,23,30,5,105,108,32.5,4.5,35.67,57.76
2023,8,20,0,30,144,86,135,31.400000000000002,4.1000000000000005,37.61,70.25
2023,8,20,1,30,14,25,27,30.400000000000002,3.6,39.52,82.62
2023,8,20,2,30,0,0,0,29.6,3,41.82,94.85000000000001
2023,8,20,3,30,0,0,0,29,2.6,43.93,106.36
2023,8,20,4,30,0,0,0,28.5,2.5,45.77,116.85000000000001
2023,8,20,5,30,0,0,0,28.1,2.5,47.5,125.63000000000001
2023,8,20,6,30,0,0,0,27.8,2.4000000000000004,49.02,131.73
2023,8,20,7,30,0,0,0,27.5,2.2,50.730000000000004,134.04
2023,8,20,8,30,0,0,0,27.200000000000003,1.7000000000000002,52.69,132.01
2023,8,20,9,30,0,0,0,26.900000000000002,1,55.22,126.13000000000001
2023,8,20,10,30,0,0,0,26.700000000000003,0.6000000000000001,57.61,117.49000000000001
2023,8,20,11,30,0,0,0,26.6,0.6000000000000001,59.39,107.10000000000001
2023,8,20,12,30,0,0,0,26.8,1,60.38,95.64
2023,8,20,13,30,0,8,8,28,1.8,58,83.43
2023,8,20,14,30,83,75,102,30.400000000000002,2.7,49.84,71.09
2023,8,20,15,30,114,203,262,33.4,3.6,39.26,58.620000000000005
2023,8,20,16,30,5,171,174,35.7,4.6000000000000005,33.67,46.35
2023,8,20,17,30,149,265,387,37.1,5.5,31.48,34.83
2023,8,20,18,30,31,297,325,37.800000000000004,6.300000000000001,30.64,25.37
2023,8,20,19,30,93,353,440,37.9,6.7,30.900000000000002,21.13
2023,8,20,20,30,203,368,552,38,7,31.18,24.98
2023,8,20,21,30,63,272,324,37.800000000000004,7.4,31.69,34.27
2023,8,20,22,30,36,242,267,37,7.9,33.33,45.730000000000004
2023,8,20,23,30,174,209,301,35.6,8.1,36.31,57.980000000000004
2023,8,21,0,30,264,70,158,33.9,7.800000000000001,39.77,70.47
2023,8,21,1,30,13,29,31,32.2,7,43.12,82.85000000000001
2023,8,21,2,30,0,0,0,30.700000000000003,6,46.2,95.09
2023,8,21,3,30,0,0,0,29.400000000000002,5.1000000000000005,49.93,106.63
2023,8,21,4,30,0,0,0,28.200000000000003,4.2,54.54,117.13
2023,8,21,5,30,0,0,0,27.400000000000002,3.2,58.22,125.94
2023,8,21,6,30,0,0,0,26.8,2.6,61.13,132.06
2023,8,21,7,30,0,0,0,26.3,2.2,63.690000000000005,134.38
2023,8,21,8,30,0,0,0,25.900000000000002,2.1,65.91,132.31
2023,8,21,9,30,0,0,0,25.5,2,68.06,126.38000000000001
2023,8,21,10,30,0,0,0,25.200000000000003,1.9000000000000001,69.63,117.7
2023,8,21,11,30,0,0,0,25,1.7000000000000002,70.86,107.27
2023,8,21,12,30,0,0,0,25,1.5,71.34,95.79
2023,8,21,13,30,0,17,17,25.700000000000003,1.6,68.9,83.56
2023,8,21,14,30,0,57,57,27.200000000000003,1.6,62.83,71.22
2023,8,21,15,30,0,37,37,29.400000000000002,0.9,55.01,58.74
2023,8,21,16,30,5,78,81,31.8,0.8,45.86,46.49
2023,8,21,17,30,0,162,162,33.800000000000004,1.4000000000000001,38.52,35.01
2023,8,21,18,30,18,253,269,35,1.7000000000000002,35.15,25.62
2023,8,21,19,30,93,405,492,35.6,1.7000000000000002,33.7,21.46
2023,8,21,20,30,78,360,431,35.7,1.4000000000000001,33.59,25.3
2023,8,21,21,30,8,242,249,35.5,0.9,33.77,34.54
2023,8,21,22,30,128,283,372,35.2,0.5,33.53,45.97
2023,8,21,23,30,170,189,279,34.6,0.8,33.730000000000004,58.21
2023,8,22,0,30,27,106,115,33.5,1.2000000000000002,35.11,70.69
2023,8,22,1,30,17,38,40,31.900000000000002,1.1,41.54,83.07000000000001
2023,8,22,2,30,0,0,0,30.5,1.1,47.39,95.33
2023,8,22,3,30,0,0,0,29.8,1,49.46,106.89
2023,8,22,4,30,0,0,0,29.200000000000003,0.9,52.28,117.42
2023,8,22,5,30,0,0,0,28.400000000000002,1,56.58,126.26
2023,8,22,6,30,0,0,0,27.8,1.3,59.09,132.4
2023,8,22,7,30,0,0,0,27.3,1.5,62.25,134.71
2023,8,22,8,30,0,0,0,27,1.3,65.55,132.62
2023,8,22,9,30,0,0,0,26.8,1,67.65,126.64
2023,8,22,10,30,0,0,0,26.700000000000003,0.8,68.48,117.91
2023,8,22,11,30,0,0,0,26.6,0.7000000000000001,69.13,107.44
2023,8,22,12,30,0,0,0,26.8,0.6000000000000001,68.56,95.93
2023,8,22,13,30,0,18,18,27.900000000000002,1,64.82000000000001,83.69
2023,8,22,14,30,13,51,55,30.200000000000003,1.7000000000000002,52.230000000000004,71.34
2023,8,22,15,30,589,144,449,32.9,2.1,38.58,58.870000000000005
2023,8,22,16,30,692,157,632,35.1,2.4000000000000004,31.86,46.64
2023,8,22,17,30,837,123,807,36.9,2.7,28.13,35.2
2023,8,22,18,30,802,164,886,38.2,2.8000000000000003,25.52,25.88
2023,8,22,19,30,837,153,930,39.2,2.8000000000000003,23.42,21.79
2023,8,22,20,30,871,123,908,39.900000000000006,2.8000000000000003,21.64,25.62
2023,8,22,21,30,845,119,813,40.1,2.8000000000000003,20.34,34.82
2023,8,22,22,30,802,110,665,39.7,2.8000000000000003,20.06,46.22
2023,8,22,23,30,725,97,476,38.900000000000006,2.7,20.37,58.44
2023,8,23,0,30,578,76,265,36.800000000000004,2,22.490000000000002,70.92
2023,8,23,1,30,254,40,70,33.800000000000004,1.3,32.65,83.31
2023,8,23,2,30,0,0,0,31.900000000000002,1.3,37.08,95.58
2023,8,23,3,30,0,0,0,31,1.3,37.76,107.16
2023,8,23,4,30,0,0,0,30.3,1.1,39.32,117.71000000000001
2023,8,23,5,30,0,0,0,29.700000000000003,1,41.29,126.58
2023,8,23,6,30,0,0,0,29.400000000000002,0.9,42.38,132.74
2023,8,23,7,30,0,0,0,29.1,0.8,42.82,135.05
2023,8,23,8,30,0,0,0,28.8,0.8,44.22,132.92000000000002
2023,8,23,9,30,0,0,0,28.400000000000002,1,46.18,126.89
2023,8,23,10,30,0,0,0,28.1,1.2000000000000002,47.15,118.12
2023,8,23,11,30,0,0,0,27.900000000000002,1.5,47.9,107.62
2023,8,23,12,30,0,0,0,28.400000000000002,1.7000000000000002,46.63,96.08
2023,8,23,13,30,187,42,62,30.200000000000003,2.4000000000000004,42.13,83.82000000000001
2023,8,23,14,30,486,95,250,32.6,3.1,34.89,71.46000000000001
2023,8,23,15,30,649,124,458,34.9,3.7,28.96,59
2023,8,23,16,30,748,136,648,37.1,4.1000000000000005,24.77,46.78
2023,8,23,17,30,812,140,802,39,4.3,21.56,35.38
2023,8,23,18,30,850,137,900,40.300000000000004,4.3,19.18,26.14
2023,8,23,19,30,862,137,935,40.6,4.2,17.97,22.13
2023,8,23,20,30,738,209,873,40.1,3.9000000000000004,17.75,25.95
2023,8,23,21,30,512,269,688,39.400000000000006,3.4000000000000004,17.94,35.1
2023,8,23,22,30,321,289,510,38.7,2.6,18.400000000000002,46.47
2023,8,23,23,30,234,160,282,37.9,1.7000000000000002,19.16,58.68
2023,8,24,0,30,443,60,203,36.1,1.1,23.48,71.16
2023,8,24,1,30,54,48,54,33.800000000000004,1.4000000000000001,34.29,83.54
2023,8,24,2,30,0,0,0,32.5,2.6,34.13,95.83
2023,8,24,3,30,0,0,0,31.900000000000002,3.6,35.56,107.43
2023,8,24,4,30,0,0,0,31.200000000000003,3.7,39.59,118.01
2023,8,24,5,30,0,0,0,30.5,3.3000000000000003,42.800000000000004,126.9
2023,8,24,6,30,0,0,0,30,2.8000000000000003,44.36,133.09
2023,8,24,7,30,0,0,0,29.5,2.4000000000000004,45.27,135.39000000000001
2023,8,24,8,30,0,0,0,29.200000000000003,2.2,45.38,133.23
2023,8,24,9,30,0,0,0,29,2.2,45.37,127.15
2023,8,24,10,30,0,0,0,28.700000000000003,2.2,46.17,118.33
2023,8,24,11,30,0,0,0,28.3,2.1,48.02,107.79
2023,8,24,12,30,0,0,0,28.3,2.2,48.96,96.23
2023,8,24,13,30,0,21,21,29.5,2.7,45.660000000000004,83.95
2023,8,24,14,30,1,84,84,31.700000000000003,3,38.22,71.59
2023,8,24,15,30,303,245,401,33.9,2.7,30.64,59.120000000000005
2023,8,24,16,30,279,345,536,35.9,2,26.400000000000002,46.93
2023,8,24,17,30,340,393,670,37.6,1.4000000000000001,23.79,35.57
2023,8,24,18,30,660,256,847,39,0.9,21.78,26.41
2023,8,24,19,30,877,123,933,40,0.9,20.31,22.47
2023,8,24,20,30,867,123,900,40.6,1.2000000000000002,19.37,26.28
2023,8,24,21,30,840,121,806,40.800000000000004,1.5,19.18,35.38
2023,8,24,22,30,801,109,658,40.6,1.5,19.63,46.72
2023,8,24,23,30,728,94,470,39.900000000000006,1.5,20.650000000000002,58.92
2023,8,25,0,30,588,72,260,38.400000000000006,1,22.830000000000002,71.39
2023,8,25,1,30,284,36,67,36.6,0.6000000000000001,29.66,83.78
2023,8,25,2,30,0,0,0,35.5,0.5,31.560000000000002,96.09
2023,8,25,3,30,0,0,0,34.9,0.4,32.11,107.7
2023,8,25,4,30,0,0,0,34.2,0.5,33.15,118.31
2023,8,25,5,30,0,0,0,33.300000000000004,0.6000000000000001,34.71,127.23
2023,8,25,6,30,0,0,0,32.4,0.7000000000000001,36.08,133.43
2023,8,25,7,30,0,0,0,31.5,0.7000000000000001,37.550000000000004,135.73
2023,8,25,8,30,0,0,0,30.900000000000002,0.7000000000000001,38.67,133.53
2023,8,25,9,30,0,0,0,30.400000000000002,0.7000000000000001,39.97,127.41
2023,8,25,10,30,0,0,0,30,0.7000000000000001,41.36,118.54
2023,8,25,11,30,0,0,0,29.5,0.8,43.65,107.96000000000001
2023,8,25,12,30,0,0,0,29.700000000000003,1.1,42.85,96.37
2023,8,25,13,30,284,34,63,31.700000000000003,1.6,38.57,84.08
2023,8,25,14,30,598,68,256,35.2,1.5,31.060000000000002,71.71000000000001
2023,8,25,15,30,742,88,467,38.300000000000004,0.8,26.19,59.25
2023,8,25,16,30,820,101,659,40.400000000000006,0.9,23.14,47.08
2023,8,25,17,30,869,106,811,41.800000000000004,1.4000000000000001,20.85,35.76
2023,8,25,18,30,897,108,909,42.900000000000006,1.9000000000000001,19.080000000000002,26.68
2023,8,25,19,30,907,108,944,43.6,2.1,17.830000000000002,22.82
2023,8,25,20,30,887,115,908,44,2.3000000000000003,17.02,26.61
2023,8,25,21,30,847,120,808,44,2.4000000000000004,16.62,35.67
2023,8,25,22,30,810,108,661,43.6,2.4000000000000004,16.43,46.980000000000004
2023,8,25,23,30,739,93,472,42.800000000000004,2.3000000000000003,16.43,59.160000000000004
2023,8,26,0,30,604,71,261,40.7,1.6,17.56,71.63
2023,8,26,1,30,298,34,65,37.6,1.1,23.71,84.02
2023,8,26,2,30,0,0,0,35.6,1.1,25.84,96.34
2023,8,26,3,30,0,0,0,34.5,1.2000000000000002,26.19,107.97
2023,8,26,4,30,0,0,0,33.6,1.3,26.39,118.61
2023,8,26,5,30,0,0,0,32.9,1.3,26.71,127.56
2023,8,26,6,30,0,0,0,32.5,1.1,26.85,133.78
2023,8,26,7,30,0,0,0,32.2,0.8,27.13,136.08
2023,8,26,8,30,0,0,0,31.6,0.6000000000000001,28.400000000000002,133.84
2023,8,26,9,30,0,0,0,30.8,1,30.37,127.67
2023,8,26,10,30,0,0,0,30.400000000000002,1.7000000000000002,31.38,118.75
2023,8,26,11,30,0,0,0,30.200000000000003,2.5,32.04,108.14
2023,8,26,12,30,0,0,0,30.3,3,33.53,96.52
2023,8,26,13,30,232,36,59,31.8,3.8000000000000003,34.5,84.21000000000001
2023,8,26,14,30,173,131,185,34.300000000000004,4.5,33.480000000000004,71.83
2023,8,26,15,30,211,254,361,36.9,4.5,30.63,59.38
2023,8,26,16,30,266,306,487,39.1,3.9000000000000004,26.61,47.230000000000004
2023,8,26,17,30,582,263,734,40.900000000000006,3.3000000000000003,23.13,35.96
2023,8,26,18,30,470,359,778,42.400000000000006,2.6,20.31,26.95
2023,8,26,19,30,589,268,810,43.400000000000006,1.8,18.22,23.16
2023,8,26,20,30,897,103,903,44,1.2000000000000002,16.77,26.95
2023,8,26,21,30,868,103,806,44.2,0.9,16.14,35.96
2023,8,26,22,30,830,93,657,44,0.7000000000000001,16.12,47.24
2023,8,26,23,30,756,82,467,43.2,0.8,16.62,59.410000000000004
2023,8,27,0,30,613,64,255,41.5,0.7000000000000001,18.06,71.87
2023,8,27,1,30,243,35,59,39.300000000000004,0.6000000000000001,23.57,84.27
2023,8,27,2,30,0,0,0,37.5,0.7000000000000001,25.54,96.60000000000001
2023,8,27,3,30,0,0,0,36.1,0.9,27.46,108.25
2023,8,27,4,30,0,0,0,35.1,2.1,29.54,118.91
2023,8,27,5,30,0,0,0,34.4,3.3000000000000003,32.7,127.89
2023,8,27,6,30,0,0,0,33.5,3.9000000000000004,38.550000000000004,134.14000000000001
2023,8,27,7,30,0,0,0,32.6,3.9000000000000004,44.79,136.43
2023,8,27,8,30,0,0,0,31.8,3.4000000000000004,50.07,134.16
2023,8,27,9,30,0,0,0,31.3,2.9000000000000004,52.68,127.93
2023,8,27,10,30,0,0,0,31,2.7,53.09,118.96000000000001
2023,8,27,11,30,0,0,0,30.8,2.7,52.660000000000004,108.31
2023,8,27,12,30,0,0,0,31,2.9000000000000004,50.81,96.67
2023,8,27,13,30,279,33,61,32.7,3.2,44.83,84.33
2023,8,27,14,30,603,66,253,35.7,3.1,35.32,71.96000000000001
2023,8,27,15,30,748,84,464,38.6,2.6,26.62,59.51
2023,8,27,16,30,825,95,654,40.800000000000004,2,21.96,47.38
2023,8,27,17,30,871,102,805,42.5,1.4000000000000001,19.23,36.15
2023,8,27,18,30,896,104,901,43.800000000000004,0.9,17.36,27.22
2023,8,27,19,30,861,134,924,44.7,0.8,16.19,23.51
2023,8,27,20,30,887,110,898,45.2,1.1,15.57,27.29
2023,8,27,21,30,853,111,799,45.300000000000004,1.3,15.38,36.26
2023,8,27,22,30,800,107,647,44.900000000000006,1.2000000000000002,15.75,47.51
2023,8,27,23,30,709,97,455,43.900000000000006,0.9,16.68,59.660000000000004
2023,8,28,0,30,543,77,244,42.400000000000006,0.5,18.21,72.12
2023,8,28,1,30,78,39,46,40.6,0.2,23.25,84.51
2023,8,28,2,30,0,0,0,39.2,0.2,25.61,96.87
2023,8,28,3,30,0,0,0,38.2,0.30000000000000004,27.47,108.54
2023,8,28,4,30,0,0,0,37.2,0.4,29.17,119.22
2023,8,28,5,30,0,0,0,36.2,0.6000000000000001,30.46,128.23
2023,8,28,6,30,0,0,0,35.1,0.8,32.04,134.49
2023,8,28,7,30,0,0,0,34,1.1,33.53,136.78
2023,8,28,8,30,0,0,0,33,1.2000000000000002,34.94,134.47
2023,8,28,9,30,0,0,0,32.2,1.2000000000000002,35.83,128.19
2023,8,28,10,30,0,0,0,31.700000000000003,1.3,35.86,119.17
2023,8,28,11,30,0,0,0,31.200000000000003,1.5,36.18,108.48
2023,8,28,12,30,0,0,0,31.5,1.9000000000000001,34.85,96.82000000000001
2023,8,28,13,30,280,32,59,33.7,2.8000000000000003,30.27,84.46000000000001
2023,8,28,14,30,574,73,250,37.2,3,23.95,72.09
2023,8,28,15,30,732,92,462,40.5,2.4000000000000004,18.31,59.65
2023,8,28,16,30,820,100,654,42.900000000000006,1.9000000000000001,15.58,47.53
2023,8,28,17,30,872,104,806,44.6,1.7000000000000002,14.26,36.35
2023,8,28,18,30,907,99,904,45.800000000000004,1.7000000000000002,13.56,27.5
2023,8,28,19,30,914,100,936,46.5,1.9000000000000001,13.22,23.87
2023,8,28,20,30,905,101,903,46.900000000000006,2,13.06,27.64
2023,8,28,21,30,879,101,807,46.800000000000004,2.1,13.17,36.56
2023,8,28,22,30,839,92,656,46.300000000000004,2.2,13.38,47.78
2023,8,28,23,30,763,81,464,45.300000000000004,2.2,13.82,59.910000000000004
2023,8,29,0,30,616,63,250,43.2,1.5,15.19,72.37
2023,8,29,1,30,244,33,55,40.300000000000004,0.9,20.19,84.76
2023,8,29,2,30,0,0,0,38.900000000000006,0.8,22.18,97.13
2023,8,29,3,30,0,0,0,38.7,0.7000000000000001,22.27,108.82000000000001
2023,8,29,4,30,0,0,0,38.300000000000004,0.5,22.38,119.53
2023,8,29,5,30,0,0,0,37.7,0.5,22.79,128.57
2023,8,29,6,30,0,0,0,36.7,0.6000000000000001,23.82,134.85
2023,8,29,7,30,0,0,0,35.5,0.8,25.35,137.13
2023,8,29,8,30,0,0,0,34.1,0.9,28.11,134.78
2023,8,29,9,30,0,0,0,32.7,1,32.64,128.45
2023,8,29,10,30,0,0,0,31.5,1.2000000000000002,36.87,119.38
2023,8,29,11,30,0,0,0,30.6,1.4000000000000001,39.410000000000004,108.66
2023,8,29,12,30,0,0,0,30.6,1.8,38.36,96.96000000000001
2023,8,29,13,30,290,32,59,32.5,2.9000000000000004,33.97,84.59
2023,8,29,14,30,620,66,255,35.800000000000004,3.7,27.09,72.21000000000001
2023,8,29,15,30,765,85,470,39,3.7,21.3,59.78
2023,8,29,16,30,841,98,664,41.6,3.7,17.92,47.69
2023,8,29,17,30,890,102,817,43.5,3.5,15.77,36.550000000000004
2023,8,29,18,30,921,100,915,44.900000000000006,3.2,14.040000000000001,27.78
2023,8,29,19,30,929,101,948,45.800000000000004,2.9000000000000004,12.73,24.22
2023,8,29,20,30,924,99,915,46.2,2.6,11.85,27.990000000000002
2023,8,29,21,30,905,95,819,46.300000000000004,2.4000000000000004,11.3,36.87
2023,8,29,22,30,865,88,666,45.900000000000006,2.3000000000000003,10.99,48.050000000000004
2023,8,29,23,30,793,77,471,44.900000000000006,2.2,11.01,60.17
2023,8,30,0,30,648,60,254,42.6,1.5,11.870000000000001,72.62
2023,8,30,1,30,305,29,56,39.7,1,16.11,85.01
2023,8,30,2,30,0,0,0,38.1,1.1,16.92,97.4
2023,8,30,3,30,0,0,0,37.2,1.1,17.16,109.11
2023,8,30,4,30,0,0,0,36,1.2000000000000002,18.150000000000002,119.84
2023,8,30,5,30,0,0,0,34.9,1.3,19.78,128.91
2023,8,30,6,30,0,0,0,34.1,1.1,21.7,135.21
2023,8,30,7,30,0,0,0,33.800000000000004,0.8,22.900000000000002,137.49
2023,8,30,8,30,0,0,0,33.300000000000004,0.7000000000000001,24.23,135.1
2023,8,30,9,30,0,0,0,32,0.9,26.490000000000002,128.71
2023,8,30,10,30,0,0,0,30.700000000000003,1.1,29.76,119.59
2023,8,30,11,30,0,0,0,30,1.2000000000000002,33.33,108.83
2023,8,30,12,30,0,0,0,30.200000000000003,1.3,35.59,97.11
2023,8,30,13,30,232,34,55,32.300000000000004,2,33.1,84.72
2023,8,30,14,30,561,75,245,35.4,2.7,27.87,72.34
2023,8,30,15,30,391,222,418,37.800000000000004,2.5,24.94,59.910000000000004
2023,8,30,16,30,808,107,649,39.800000000000004,2,22.79,47.84
2023,8,30,17,30,858,113,800,41.5,1.7000000000000002,20.75,36.76
2023,8,30,18,30,888,113,897,42.900000000000006,1.6,18.900000000000002,28.060000000000002
2023,8,30,19,30,895,114,928,43.900000000000006,1.7000000000000002,17.48,24.580000000000002
2023,8,30,20,30,890,112,895,44.5,1.9000000000000001,16.53,28.34
2023,8,30,21,30,874,104,800,44.7,2.2,15.950000000000001,37.18
2023,8,30,22,30,837,95,651,44.400000000000006,2.5,15.52,48.33
2023,8,30,23,30,766,81,459,43.6,2.7,15.32,60.43
2023,8,31,0,30,620,62,245,41.5,2.1,16.1,72.88
2023,8,31,1,30,266,29,51,38.300000000000004,1.3,19.14,85.27
2023,8,31,2,30,0,0,0,36.1,1.3,21.57,97.67
2023,8,31,3,30,0,0,0,35.2,1.5,22.59,109.4
2023,8,31,4,30,0,0,0,34.2,1.5,24.400000000000002,120.16
2023,8,31,5,30,0,0,0,33.300000000000004,1.5,26.86,129.25
2023,8,31,6,30,0,0,0,32.5,1.3,29.45,135.58
2023,8,31,7,30,0,0,0,32,1.1,31.8,137.84
2023,8,31,8,30,0,0,0,31.700000000000003,0.9,33.93,135.42000000000002
2023,8,31,9,30,0,0,0,31.400000000000002,0.8,35.94,128.97
2023,8,31,10,30,0,0,0,31,0.7000000000000001,37.87,119.8
2023,8,31,11,30,0,0,0,30.8,0.7000000000000001,39.38,109
2023,8,31,12,30,0,0,0,30.8,0.7000000000000001,39.96,97.25
2023,8,31,13,30,174,35,51,32.1,1.3,37.49,84.85000000000001
2023,8,31,14,30,516,82,237,34.7,2,30.830000000000002,72.47
2023,8,31,15,30,391,194,389,37.2,2.3000000000000003,23.93,60.050000000000004
2023,8,31,16,30,229,312,465,39.300000000000004,2.7,20.240000000000002,48
2023,8,31,17,30,607,229,714,40.900000000000006,3.5,18.53,36.97
2023,8,31,18,30,594,296,819,42.1,4.2,17.7,28.35
2023,8,31,19,30,356,361,684,42.800000000000004,4.7,17.48,24.94
2023,8,31,20,30,397,399,747,42.900000000000006,5.1000000000000005,17.78,28.69
2023,8,31,21,30,847,114,786,42.5,5.5,18.34,37.49
2023,8,31,22,30,800,105,634,41.6,5.9,19.240000000000002,48.61
2023,8,31,23,30,718,92,443,40.2,5.800000000000001,20.75,60.69
2023,9,1,0,30,564,68,232,38.2,5.1000000000000005,23.19,73.13
2023,9,1,1,30,211,30,46,35.9,3.5,27.03,85.52
2023,9,1,2,30,0,0,0,34.1,1.9000000000000001,30.810000000000002,97.95
2023,9,1,3,30,0,0,0,33,1.2000000000000002,33.93,109.69
2023,9,1,4,30,0,0,0,32.300000000000004,0.8,36.94,120.48
2023,9,1,5,30,0,0,0,31.700000000000003,1,41.58,129.6
2023,9,1,6,30,0,0,0,30.700000000000003,1.6,48.38,135.95
2023,9,1,7,30,0,0,0,29.1,2.1,57.74,138.20000000000002
2023,9,1,8,30,0,0,0,27.6,2.2,69.54,135.73
2023,9,1,9,30,0,0,0,27,1.6,76.08,129.23
2023,9,1,10,30,0,0,0,26.900000000000002,1.5,78.09,120.01
2023,9,1,11,30,0,0,0,26.900000000000002,2.1,78.08,109.17
2023,9,1,12,30,0,0,0,26.8,2.3000000000000003,76.51,97.4
2023,9,1,13,30,7,34,35,27.400000000000002,2.1,70.79,84.98
2023,9,1,14,30,62,131,150,28.400000000000002,2,64.18,72.59
2023,9,1,15,30,252,211,336,29.5,2.3000000000000003,60.61,60.18
2023,9,1,16,30,16,207,218,30.3,2.8000000000000003,57.32,48.160000000000004
2023,9,1,17,30,3,192,194,31,3.1,53.89,37.18
2023,9,1,18,30,0,109,109,31.900000000000002,3.2,50.370000000000005,28.64
2023,9,1,19,30,1,195,196,32.7,3.2,47.14,25.3
2023,9,1,20,30,22,352,371,33,2.7,44.34,29.05
2023,9,1,21,30,5,235,239,32.9,2.2,42.14,37.81
2023,9,1,22,30,274,270,450,32.6,2.1,40.99,48.89
2023,9,1,23,30,80,173,212,32,2,41.56,60.96
2023,9,2,0,30,129,123,160,30.900000000000002,1.4000000000000001,44.27,73.39
2023,9,2,1,30,0,25,25,29.6,0.6000000000000001,53.22,85.77
2023,9,2,2,30,0,0,0,28.8,0.30000000000000004,60.72,98.22
2023,9,2,3,30,0,0,0,28.400000000000002,0.30000000000000004,59.82,109.98
2023,9,2,4,30,0,0,0,27.8,0.5,61.92,120.8
2023,9,2,5,30,0,0,0,27.400000000000002,0.6000000000000001,62.910000000000004,129.95
2023,9,2,6,30,0,0,0,27.200000000000003,0.6000000000000001,64.52,136.32
2023,9,2,7,30,0,0,0,27.1,0.6000000000000001,64.17,138.57
2023,9,2,8,30,0,0,0,27,0.5,62.71,136.05
2023,9,2,9,30,0,0,0,26.8,0.4,64.1,129.49
2023,9,2,10,30,0,0,0,26.6,0.5,65.98,120.22
2023,9,2,11,30,0,0,0,26.3,0.5,67.7,109.34
2023,9,2,12,30,0,0,0,26.200000000000003,0.5,68.3,97.55
2023,9,2,13,30,232,30,50,27,0.7000000000000001,65.6,85.11
2023,9,2,14,30,577,65,236,28.8,1.3,57.410000000000004,72.72
2023,9,2,15,30,548,137,408,30.6,1.8,51.26,60.32
2023,9,2,16,30,810,95,634,32.2,2.1,47.84,48.33
2023,9,2,17,30,859,101,783,33.5,2.3000000000000003,45,37.39
2023,9,2,18,30,736,193,837,34.5,2.3000000000000003,42.47,28.93
2023,9,2,19,30,899,99,909,35.300000000000004,2.3000000000000003,40.26,25.67
2023,9,2,20,30,640,250,808,35.7,2.4000000000000004,39.01,29.41
2023,9,2,21,30,456,271,630,35.800000000000004,2.4000000000000004,38.36,38.13
2023,9,2,22,30,218,318,461,35.4,2.5,38.6,49.18
2023,9,2,23,30,723,82,430,34.7,2.4000000000000004,39.56,61.230000000000004
2023,9,3,0,30,497,75,215,33.4,1.9000000000000001,42.19,73.66
2023,9,3,1,30,4,29,29,31.6,1.3,49.89,86.03
2023,9,3,2,30,0,0,0,30.3,1.2000000000000002,56.13,98.5
2023,9,3,3,30,0,0,0,29.6,1.2000000000000002,57.88,110.28
2023,9,3,4,30,0,0,0,28.900000000000002,1.1,60.49,121.12
2023,9,3,5,30,0,0,0,28.3,0.9,62.95,130.3
2023,9,3,6,30,0,0,0,27.8,0.8,65,136.69
2023,9,3,7,30,0,0,0,27.5,0.6000000000000001,66.03,138.93
2023,9,3,8,30,0,0,0,27.200000000000003,0.30000000000000004,66.96000000000001,136.37
2023,9,3,9,30,0,0,0,26.700000000000003,0.30000000000000004,68.74,129.75
2023,9,3,10,30,0,0,0,26.200000000000003,0.30000000000000004,70.71000000000001,120.43
2023,9,3,11,30,0,0,0,25.700000000000003,0.4,72.81,109.51
2023,9,3,12,30,0,0,0,25.6,0.6000000000000001,73.26,97.69
2023,9,3,13,30,266,28,50,27.200000000000003,0.8,66.91,85.23
2023,9,3,14,30,607,61,240,30.1,0.8,54.92,72.85000000000001
2023,9,3,15,30,754,80,452,32.800000000000004,1.1,43.730000000000004,60.46
2023,9,3,16,30,833,92,644,34.7,1.7000000000000002,37.47,48.49
2023,9,3,17,30,879,99,795,36.2,2.1,33.45,37.6
2023,9,3,18,30,906,101,892,37.300000000000004,2.5,30.580000000000002,29.23
2023,9,3,19,30,919,100,926,38.2,2.7,28.27,26.04
2023,9,3,20,30,914,100,893,38.7,2.9000000000000004,26.55,29.77
2023,9,3,21,30,891,96,794,38.7,3.1,25.61,38.45
2023,9,3,22,30,853,88,642,38.300000000000004,3.2,25.16,49.47
2023,9,3,23,30,781,74,447,37.300000000000004,3.2,25.41,61.5
2023,9,4,0,30,633,57,232,35.2,2.4000000000000004,27.51,73.92
2023,9,4,1,30,246,24,40,32.300000000000004,1.4000000000000001,35.72,86.3
2023,9,4,2,30,0,0,0,30.400000000000002,1.3,41.96,98.78
2023,9,4,3,30,0,0,0,29.6,1.2000000000000002,43.77,110.58
2023,9,4,4,30,0,0,0,28.8,1.2000000000000002,45.9,121.44
2023,9,4,5,30,0,0,0,28.1,1.2000000000000002,48.300000000000004,130.65
2023,9,4,6,30,0,0,0,27.5,1.1,50.77,137.06
2023,9,4,7,30,0,0,0,27.1,1,52.49,139.3
2023,9,4,8,30,0,0,0,26.700000000000003,0.9,54.01,136.69
2023,9,4,9,30,0,0,0,26.3,0.8,55.53,130.01
2023,9,4,10,30,0,0,0,26,0.7000000000000001,56.800000000000004,120.64
2023,9,4,11,30,0,0,0,25.6,0.7000000000000001,58.26,109.68
2023,9,4,12,30,0,0,0,25.400000000000002,0.8,58.93,97.84
2023,9,4,13,30,270,28,50,26.8,1.4000000000000001,54.72,85.37
2023,9,4,14,30,632,61,246,29.700000000000003,2.2,43.94,72.98
2023,9,4,15,30,782,79,463,32.2,2.7,34.43,60.6
2023,9,4,16,30,859,91,658,34.1,3.2,30.03,48.660000000000004
2023,9,4,17,30,904,98,812,35.7,3.5,26.91,37.82
2023,9,4,18,30,929,101,909,37,3.5,24.11,29.53
2023,9,4,19,30,937,101,940,38,3.4000000000000004,21.5,26.41
2023,9,4,20,30,930,101,905,38.6,3.2,19.43,30.14
2023,9,4,21,30,905,97,803,38.7,3.3000000000000003,18.11,38.77
2023,9,4,22,30,859,91,646,38.300000000000004,3.3000000000000003,17.400000000000002,49.76
2023,9,4,23,30,775,80,446,37.2,3.2,17.54,61.78
2023,9,5,0,30,612,60,227,34.7,2.4000000000000004,19.44,74.19
2023,9,5,1,30,205,24,36,31.5,1.6,26.580000000000002,86.56
2023,9,5,2,30,0,0,0,29.400000000000002,1.5,29.77,99.06
2023,9,5,3,30,0,0,0,28.3,1.4000000000000001,30.400000000000002,110.88
2023,9,5,4,30,0,0,0,27.400000000000002,1.2000000000000002,31.62,121.77
2023,9,5,5,30,0,0,0,26.8,1.1,32.54,131.01
2023,9,5,6,30,0,0,0,26.5,1,32.52,137.44
2023,9,5,7,30,0,0,0,26.1,0.9,32.54,139.66
2023,9,5,8,30,0,0,0,25.1,1,33.63,137.01
2023,9,5,9,30,0,0,0,23.900000000000002,1.1,36.69,130.27
2023,9,5,10,30,0,0,0,22.700000000000003,1.1,40.08,120.85000000000001
2023,9,5,11,30,0,0,0,21.900000000000002,1.1,42.730000000000004,109.86
2023,9,5,12,30,0,0,0,21.8,1.1,43.42,97.99000000000001
2023,9,5,13,30,282,30,52,24.1,1.7000000000000002,38.53,85.49
2023,9,5,14,30,662,63,255,28,2.4000000000000004,29.69,73.11
2023,9,5,15,30,819,79,479,31.400000000000002,2.8000000000000003,22.37,60.74
2023,9,5,16,30,900,88,680,33.9,3.4000000000000004,18.14,48.83
2023,9,5,17,30,950,90,838,35.800000000000004,3.6,15.3,38.050000000000004
2023,9,5,18,30,979,88,937,37.300000000000004,3.5,13.09,29.830000000000002
2023,9,5,19,30,991,87,972,38.5,3.4000000000000004,11.31,26.78
2023,9,5,20,30,986,85,934,39.300000000000004,3.3000000000000003,10.08,30.51
2023,9,5,21,30,964,82,830,39.6,3,9.290000000000001,39.1
2023,9,5,22,30,920,75,666,39.300000000000004,2.7,9.13,50.06
2023,9,5,23,30,846,66,462,38.300000000000004,2.2,9.57,62.06
2023,9,6,0,30,691,51,236,35.6,1.4000000000000001,11.76,74.46000000000001
2023,9,6,1,30,264,22,37,32.6,1,21.28,86.82000000000001
2023,9,6,2,30,0,0,0,31,1.1,21.2,99.34
2023,9,6,3,30,0,0,0,29.6,1.3,23.080000000000002,111.18
2023,9,6,4,30,0,0,0,28,1.4000000000000001,26.07,122.09
2023,9,6,5,30,0,0,0,26.700000000000003,1.4000000000000001,29.330000000000002,131.36
2023,9,6,6,30,0,0,0,25.700000000000003,1.3,32.12,137.82
2023,9,6,7,30,0,0,0,25.200000000000003,1.1,33.65,140.03
2023,9,6,8,30,0,0,0,25.200000000000003,1,33.68,137.34
2023,9,6,9,30,0,0,0,25.6,0.7000000000000001,32.44,130.53
2023,9,6,10,30,0,0,0,26,0.30000000000000004,31.78,121.05
2023,9,6,11,30,0,0,0,25.900000000000002,0.2,31.71,110.03
2023,9,6,12,30,0,0,0,25.6,0.4,31.720000000000002,98.13
2023,9,6,13,30,308,27,51,26.8,0.6000000000000001,29.740000000000002,85.62
2023,9,6,14,30,682,56,253,29.900000000000002,0.8,24.12,73.24
2023,9,6,15,30,830,72,476,33.300000000000004,1.2000000000000002,17.97,60.89
2023,9,6,16,30,905,81,675,35.800000000000004,1.9000000000000001,14.91,49
2023,9,6,17,30,941,89,828,37.6,2.4000000000000004,13.39,38.27
2023,9,6,18,30,959,94,923,39,2.8000000000000003,12.21,30.13
2023,9,6,19,30,966,94,954,40,2.9000000000000004,11.3,27.150000000000002
2023,9,6,20,30,959,93,916,40.6,2.9000000000000004,10.66,30.88
2023,9,6,21,30,936,89,812,40.7,2.8000000000000003,10.18,39.43
2023,9,6,22,30,895,81,652,40.300000000000004,2.6,9.9,50.36
2023,9,6,23,30,821,70,451,39.2,2.2,10.02,62.34
2023,9,7,0,30,665,53,228,36.4,1.4000000000000001,11.57,74.73
2023,9,7,1,30,223,21,32,33.5,0.9,19.240000000000002,87.08
2023,9,7,2,30,0,0,0,32.2,1,18.42,99.63
2023,9,7,3,30,0,0,0,31.5,1,18.22,111.48
2023,9,7,4,30,0,0,0,30.700000000000003,1,18.490000000000002,122.42
2023,9,7,5,30,0,0,0,30,1,18.91,131.72
2023,9,7,6,30,0,0,0,29.3,1,19.45,138.20000000000002
2023,9,7,7,30,0,0,0,28.6,0.9,20.23,140.41
2023,9,7,8,30,0,0,0,27.8,0.9,21.14,137.66
2023,9,7,9,30,0,0,0,26.900000000000002,1,22.68,130.79
2023,9,7,10,30,0,0,0,26,1,24.21,121.26
2023,9,7,11,30,0,0,0,25.3,1,25.63,110.2
2023,9,7,12,30,0,0,0,25,1.1,26.55,98.28
2023,9,7,13,30,311,26,49,27.200000000000003,1.3,24.36,85.75
2023,9,7,14,30,668,56,247,31.200000000000003,1.6,19.45,73.38
2023,9,7,15,30,809,72,464,34.800000000000004,1.6,14.27,61.03
2023,9,7,16,30,878,84,658,37.7,1.8,10.38,49.17
2023,9,7,17,30,918,91,809,39.6,2.2,8.75,38.5
2023,9,7,18,30,940,92,902,40.900000000000006,2.5,8.07,30.44
2023,9,7,19,30,942,94,929,41.800000000000004,2.8000000000000003,7.72,27.53
2023,9,7,20,30,926,97,889,42.400000000000006,3,7.640000000000001,31.25
2023,9,7,21,30,894,97,784,42.400000000000006,3.2,7.87,39.77
2023,9,7,22,30,844,90,625,41.900000000000006,3.2,8.48,50.660000000000004
2023,9,7,23,30,758,78,427,40.800000000000004,3.1,9.43,62.620000000000005
2023,9,8,0,30,542,68,208,37.9,2.1,11.41,75.01
2023,9,8,1,30,165,19,27,34.300000000000004,1.3,16.98,87.35000000000001
2023,9,8,2,30,0,0,0,32.5,1.4000000000000001,19.03,99.92
2023,9,8,3,30,0,0,0,31.6,1.4000000000000001,19.95,111.79
2023,9,8,4,30,0,0,0,30.8,1.4000000000000001,21.14,122.75
2023,9,8,5,30,0,0,0,30.200000000000003,1.2000000000000002,22.64,132.08
2023,9,8,6,30,0,0,0,30.1,1,23.61,138.58
2023,9,8,7,30,0,0,0,30.200000000000003,0.7000000000000001,23.75,140.78
2023,9,8,8,30,0,0,0,30.400000000000002,0.4,23.29,137.98
2023,9,8,9,30,0,0,0,30.200000000000003,0.5,23.48,131.05
2023,9,8,10,30,0,0,0,29.400000000000002,0.8,25.09,121.47
2023,9,8,11,30,0,0,0,28.5,0.8,26.990000000000002,110.36
2023,9,8,12,30,0,0,0,28,0.7000000000000001,28.27,98.42
2023,9,8,13,30,201,28,42,29.1,0.9,27.12,85.89
2023,9,8,14,30,241,122,190,31.5,1,23.75,73.51
2023,9,8,15,30,549,147,412,33.800000000000004,0.8,19.150000000000002,61.18
2023,9,8,16,30,816,103,635,36.5,1.2000000000000002,15.32,49.35
2023,9,8,17,30,660,221,736,39.400000000000006,2.1,11.88,38.730000000000004
2023,9,8,18,30,879,123,878,41.1,3.2,10.59,30.75
2023,9,8,19,30,889,120,906,41.7,4,11.07,27.91
2023,9,8,20,30,790,172,845,41.900000000000006,4.4,12.09,31.63
2023,9,8,21,30,602,252,712,42,4.2,12.74,40.1
2023,9,8,22,30,597,197,573,41.800000000000004,3.7,13.040000000000001,50.97
2023,9,8,23,30,720,86,414,41.1,3.3000000000000003,13.280000000000001,62.910000000000004
2023,9,9,0,30,552,62,202,38.400000000000006,2.3000000000000003,14.93,75.29
2023,9,9,1,30,17,19,20,35.2,1.5,18.96,87.61
2023,9,9,2,30,0,0,0,33.7,1.5,19.66,100.2
2023,9,9,3,30,0,0,0,32.9,1.6,19.79,112.09
2023,9,9,4,30,0,0,0,32.2,1.6,20.6,123.08
2023,9,9,5,30,0,0,0,31.6,1.5,22.01,132.44
2023,9,9,6,30,0,0,0,31,1.4000000000000001,23.6,138.97
2023,9,9,7,30,0,0,0,30.6,1.4000000000000001,24.77,141.15
2023,9,9,8,30,0,0,0,30.200000000000003,1.5,25.77,138.31
2023,9,9,9,30,0,0,0,29.900000000000002,1.6,26.46,131.31
2023,9,9,10,30,0,0,0,29.5,1.9000000000000001,27.330000000000002,121.68
2023,9,9,11,30,0,0,0,29.200000000000003,2.1,27.93,110.53
2023,9,9,12,30,0,0,0,29.1,2.3000000000000003,27.830000000000002,98.57000000000001
2023,9,9,13,30,2,28,28,30.6,2.6,25.42,86.02
2023,9,9,14,30,612,60,232,34.1,2.5,20.830000000000002,73.65
2023,9,9,15,30,610,126,419,37.800000000000004,1.7000000000000002,16.86,61.33
2023,9,9,16,30,824,100,635,40.800000000000004,1.2000000000000002,14.280000000000001,49.53
2023,9,9,17,30,884,100,787,42.900000000000006,1.4000000000000001,12.46,38.96
2023,9,9,18,30,914,99,882,44.2,2.2,11.46,31.07
2023,9,9,19,30,922,99,911,44.900000000000006,2.9000000000000004,10.950000000000001,28.29
2023,9,9,20,30,915,98,874,45.2,3.4000000000000004,10.68,32
2023,9,9,21,30,891,95,773,45.2,3.6,10.44,40.44
2023,9,9,22,30,850,85,617,44.7,3.5,10.370000000000001,51.27
2023,9,9,23,30,769,73,420,43.7,3.1,10.53,63.190000000000005
2023,9,10,0,30,600,54,204,40.7,2,12.01,75.56
2023,9,10,1,30,158,17,23,37.1,1.3,16.38,87.88
2023,9,10,2,30,0,0,0,35.5,1.3,17.77,100.49000000000001
2023,9,10,3,30,0,0,0,34.5,1.3,19.23,112.4
2023,9,10,4,30,0,0,0,33.6,1.2000000000000002,21.16,123.42
2023,9,10,5,30,0,0,0,32.800000000000004,1.1,22.92,132.81
2023,9,10,6,30,0,0,0,32.2,1,24.13,139.35
2023,9,10,7,30,0,0,0,31.900000000000002,1.2000000000000002,24.55,141.53
2023,9,10,8,30,0,0,0,31.400000000000002,1.4000000000000001,25.38,138.63
2023,9,10,9,30,0,0,0,31,1.6,25.54,131.57
2023,9,10,10,30,0,0,0,30.700000000000003,1.6,25.53,121.88
2023,9,10,11,30,0,0,0,30.3,1.6,25.88,110.7
2023,9,10,12,30,0,0,0,30.1,1.5,26.19,98.72
2023,9,10,13,30,1,19,19,31,1.5,24.98,86.15
2023,9,10,14,30,194,125,179,32.9,2.1,22.68,73.78
2023,9,10,15,30,248,214,332,35.1,2.6,19.830000000000002,61.480000000000004
2023,9,10,16,30,622,174,576,37.5,2.4000000000000004,16.93,49.71
2023,9,10,17,30,649,219,722,39.800000000000004,1.9000000000000001,14.18,39.2
2023,9,10,18,30,624,243,776,41.5,1.7000000000000002,12.32,31.38
2023,9,10,19,30,703,216,833,42.2,2.1,11.46,28.67
2023,9,10,20,30,562,287,762,42,2.5,11.49,32.38
2023,9,10,21,30,353,264,531,41.6,2.7,11.84,40.78
2023,9,10,22,30,324,241,442,41.1,2.6,12.3,51.58
2023,9,10,23,30,458,156,361,39.6,1.9000000000000001,13.5,63.480000000000004
2023,9,11,0,30,28,76,83,37.1,1.2000000000000002,16.86,75.84
2023,9,11,1,30,0,11,11,35.1,1.3,19.19,88.14
2023,9,11,2,30,0,0,0,34.1,1.3,20.12,100.78
2023,9,11,3,30,0,0,0,33.6,1.2000000000000002,20.88,112.71000000000001
2023,9,11,4,30,0,0,0,33.300000000000004,1.1,21.59,123.75
2023,9,11,5,30,0,0,0,33.2,0.9,21.82,133.17000000000002
2023,9,11,6,30,0,0,0,32.9,0.7000000000000001,22.32,139.74
2023,9,11,7,30,0,0,0,32.300000000000004,0.30000000000000004,23.1,141.91
2023,9,11,8,30,0,0,0,31.6,0.2,24.11,138.95000000000002
2023,9,11,9,30,0,0,0,30.900000000000002,0.2,25.150000000000002,131.83
2023,9,11,10,30,0,0,0,30.1,0.30000000000000004,26.28,122.09
2023,9,11,11,30,0,0,0,29.3,0.4,27.71,110.87
2023,9,11,12,30,0,0,0,28.8,0.6000000000000001,29.11,98.86
2023,9,11,13,30,0,22,22,29.900000000000002,1,28.53,86.28
2023,9,11,14,30,68,128,147,32.800000000000004,1.7000000000000002,25.64,73.92
2023,9,11,15,30,224,237,343,35.800000000000004,2.4000000000000004,22.59,61.63
2023,9,11,16,30,471,238,541,37.9,2.9000000000000004,20.32,49.89
2023,9,11,17,30,261,397,599,39.1,3.5,18.73,39.43
2023,9,11,18,30,172,436,582,39.6,4.1000000000000005,18.1,31.7
2023,9,11,19,30,415,340,703,39.6,4.5,18.16,29.05
2023,9,11,20,30,520,311,748,39.1,4.6000000000000005,18.89,32.76
2023,9,11,21,30,631,221,696,38.5,4.4,19.48,41.13
2023,9,11,22,30,748,122,584,37.9,4.1000000000000005,19.82,51.89
2023,9,11,23,30,712,82,397,37.2,3.6,20.32,63.77
2023,9,12,0,30,442,75,181,35.7,2.7,22.01,76.12
2023,9,12,1,30,66,13,15,34.1,2.1,24.59,88.4
2023,9,12,2,30,0,0,0,33.1,1.8,26.82,101.07000000000001
2023,9,12,3,30,0,0,0,32.300000000000004,1.4000000000000001,29.07,113.02
2023,9,12,4,30,0,0,0,31.8,1,30.79,124.08
2023,9,12,5,30,0,0,0,31.700000000000003,0.7000000000000001,31.42,133.54
2023,9,12,6,30,0,0,0,31.700000000000003,0.4,31.6,140.13
2023,9,12,7,30,0,0,0,31.5,0.2,32,142.28
2023,9,12,8,30,0,0,0,31.1,0.2,32.67,139.28
2023,9,12,9,30,0,0,0,30.6,0.30000000000000004,33.44,132.09
2023,9,12,10,30,0,0,0,29.8,0.6000000000000001,34.85,122.29
2023,9,12,11,30,0,0,0,29.1,0.9,36.22,111.04
2023,9,12,12,30,0,0,0,28.6,1.1,37.37,99.01
2023,9,12,13,30,0,21,21,29.3,2,36.04,86.41
2023,9,12,14,30,55,125,140,31.200000000000003,2.7,32.660000000000004,74.05
2023,9,12,15,30,667,101,416,33.1,2.7,30.27,61.78
2023,9,12,16,30,99,285,349,34.7,2.6,27.14,50.08
2023,9,12,17,30,32,315,340,36.300000000000004,2.7,24.03,39.68
2023,9,12,18,30,400,356,695,37.6,2.8000000000000003,22,32.02
2023,9,12,19,30,901,102,887,38.400000000000006,2.9000000000000004,21.19,29.43
2023,9,12,20,30,634,224,755,38.6,3,21.45,33.14
2023,9,12,21,30,795,130,726,38.400000000000006,2.9000000000000004,22.39,41.47
2023,9,12,22,30,457,218,498,37.7,2.7,24.25,52.2
2023,9,12,23,30,467,149,353,36.5,2.3000000000000003,27.12,64.06
2023,9,13,0,30,359,83,167,34.6,1.4000000000000001,32.14,76.41
2023,9,13,1,30,1,10,10,32.6,0.7000000000000001,46.95,88.66
2023,9,13,2,30,0,0,0,31.400000000000002,0.6000000000000001,57.75,101.37
2023,9,13,3,30,0,0,0,30.6,0.7000000000000001,60.53,113.32000000000001
2023,9,13,4,30,0,0,0,29.700000000000003,0.8,63.93,124.42
2023,9,13,5,30,0,0,0,28.900000000000002,0.9,65.96000000000001,133.9
2023,9,13,6,30,0,0,0,28.1,1,67.39,140.52
2023,9,13,7,30,0,0,0,27.3,1.2000000000000002,69.69,142.66
2023,9,13,8,30,0,0,0,26.5,1.5,72.02,139.6
2023,9,13,9,30,0,0,0,25.900000000000002,1.9000000000000001,73.07000000000001,132.35
2023,9,13,10,30,0,0,0,25.400000000000002,2.3000000000000003,73.87,122.5
2023,9,13,11,30,0,0,0,25,2.7,75.41,111.21000000000001
2023,9,13,12,30,0,0,0,24.700000000000003,3,77.19,99.15
2023,9,13,13,30,71,21,25,25.3,3.5,75.02,86.54
2023,9,13,14,30,408,84,195,27.400000000000002,3.7,66.81,74.19
2023,9,13,15,30,104,168,217,30.1,3.5,56.4,61.93
2023,9,13,16,30,255,263,426,32.1,3.2,50.57,50.26
2023,9,13,17,30,216,374,540,33.5,3,46.4,39.92
2023,9,13,18,30,632,254,788,34.6,2.7,42.75,32.34
2023,9,13,19,30,900,103,884,35.300000000000004,2.3000000000000003,39.94,29.82
2023,9,13,20,30,889,104,845,35.9,1.9000000000000001,37.34,33.53
2023,9,13,21,30,861,101,743,36.1,1.4000000000000001,34.78,41.82
2023,9,13,22,30,603,154,521,35.9,0.9,32.58,52.52
2023,9,13,23,30,509,82,302,35.2,0.7000000000000001,31.61,64.36
2023,9,14,0,30,541,55,180,33.300000000000004,0.7000000000000001,34.04,76.69
2023,9,14,1,30,84,12,14,30.8,0.9,48.82,88.92
2023,9,14,2,30,0,0,0,29.200000000000003,1.1,51.81,101.66
2023,9,14,3,30,0,0,0,28.400000000000002,1.2000000000000002,52.38,113.63
2023,9,14,4,30,0,0,0,27.900000000000002,1.1,52.93,124.76
2023,9,14,5,30,0,0,0,27.200000000000003,0.9,53.86,134.27
2023,9,14,6,30,0,0,0,26.400000000000002,0.8,55.910000000000004,140.91
2023,9,14,7,30,0,0,0,25.700000000000003,0.8,57.300000000000004,143.04
2023,9,14,8,30,0,0,0,25.1,0.7000000000000001,57.620000000000005,139.93
2023,9,14,9,30,0,0,0,24.700000000000003,0.7000000000000001,57.910000000000004,132.6
2023,9,14,10,30,0,0,0,24.3,0.8,58.31,122.7
2023,9,14,11,30,0,0,0,23.8,0.8,58.96,111.37
2023,9,14,12,30,0,0,0,23.5,0.9,59.02,99.3
2023,9,14,13,30,198,23,35,24.900000000000002,1.3,54.86,86.67
2023,9,14,14,30,439,86,205,27.8,1.8,43.09,74.33
2023,9,14,15,30,722,95,433,30.700000000000003,1.9000000000000001,29.27,62.09
2023,9,14,16,30,841,98,634,32.9,1.9000000000000001,22.13,50.45
2023,9,14,17,30,915,94,793,34.5,2,19.32,40.17
2023,9,14,18,30,945,95,890,35.800000000000004,2,17.95,32.67
2023,9,14,19,30,955,94,919,36.7,1.9000000000000001,17.13,30.21
2023,9,14,20,30,949,92,880,37.2,1.8,16.28,33.910000000000004
2023,9,14,21,30,925,87,773,37.300000000000004,1.6,15.41,42.17
2023,9,14,22,30,879,81,612,36.9,1.3,14.94,52.83
2023,9,14,23,30,790,69,407,36,0.9,15.07,64.65
2023,9,15,0,30,604,50,186,34.1,0.6000000000000001,17.900000000000002,76.97
2023,9,15,1,30,96,11,12,32.2,0.5,26.59,89.18
2023,9,15,2,30,0,0,0,31,0.7000000000000001,25.990000000000002,101.95
2023,9,15,3,30,0,0,0,30.1,0.9,27.26,113.95
2023,9,15,4,30,0,0,0,29.200000000000003,1,27.88,125.09
2023,9,15,5,30,0,0,0,28.1,1.1,29.990000000000002,134.64000000000001
2023,9,15,6,30,0,0,0,26.900000000000002,1.1,32.980000000000004,141.3
2023,9,15,7,30,0,0,0,25.900000000000002,1,35.58,143.42000000000002
2023,9,15,8,30,0,0,0,25.1,1.1,37.800000000000004,140.25
2023,9,15,9,30,0,0,0,24.3,1.3,41.19,132.86
2023,9,15,10,30,0,0,0,23.6,1.6,46.160000000000004,122.9
2023,9,15,11,30,0,0,0,22.900000000000002,1.7000000000000002,49.85,111.54
2023,9,15,12,30,0,0,0,22.6,1.7000000000000002,51.57,99.44
2023,9,15,13,30,209,22,34,24.5,2.1,46.45,86.8
2023,9,15,14,30,626,57,225,28.200000000000003,2.5,36.51,74.47
2023,9,15,15,30,788,75,442,31.5,2.3000000000000003,27.79,62.25
2023,9,15,16,30,869,87,638,34.1,1.9000000000000001,22,50.65
2023,9,15,17,30,916,92,789,36,1.6,18.67,40.410000000000004
2023,9,15,18,30,942,94,884,37.4,1.4000000000000001,16.39,33
2023,9,15,19,30,951,93,912,38.2,1.3,15.200000000000001,30.59
2023,9,15,20,30,946,92,873,38.6,1.2000000000000002,14.52,34.300000000000004
2023,9,15,21,30,923,87,767,38.6,1.1,14.01,42.52
2023,9,15,22,30,877,79,605,38.1,1,13.790000000000001,53.15
2023,9,15,23,30,792,68,403,37.1,0.8,14.05,64.95
2023,9,16,0,30,605,49,182,34.9,0.6000000000000001,17,77.26
2023,9,16,1,30,94,10,11,32.9,0.5,26.34,89.43
2023,9,16,2,30,0,0,0,32,0.6000000000000001,24.13,102.25
2023,9,16,3,30,0,0,0,31,0.8,23.8,114.26
2023,9,16,4,30,0,0,0,29.5,1.1,26.6,125.43
2023,9,16,5,30,0,0,0,27.8,1.3,30.19,135.01
2023,9,16,6,30,0,0,0,26.200000000000003,1.5,33.85,141.70000000000002
2023,9,16,7,30,0,0,0,25,1.9000000000000001,37.11,143.8
2023,9,16,8,30,0,0,0,24.200000000000003,2.5,40.82,140.57
2023,9,16,9,30,0,0,0,23.6,2.9000000000000004,43.47,133.12
2023,9,16,10,30,0,0,0,23,2.8000000000000003,44.49,123.10000000000001
2023,9,16,11,30,0,0,0,22.5,2.5,44.51,111.71000000000001
2023,9,16,12,30,0,0,0,22.3,2.3000000000000003,43.6,99.59
2023,9,16,13,30,239,22,35,24.200000000000003,2.7,38.02,86.93
2023,9,16,14,30,661,54,229,27.8,2.8000000000000003,29.68,74.61
2023,9,16,15,30,816,71,449,31.6,2.2,22.8,62.410000000000004
2023,9,16,16,30,890,81,643,35,1.8,16.89,50.84
2023,9,16,17,30,932,88,795,37.2,2,13.73,40.67
2023,9,16,18,30,955,92,890,38.6,2.1,12.31,33.33
2023,9,16,19,30,962,92,917,39.5,2.1,11.49,30.98
2023,9,16,20,30,953,91,875,39.900000000000006,2,11.1,34.68
2023,9,16,21,30,930,87,769,39.900000000000006,1.9000000000000001,10.94,42.87
2023,9,16,22,30,741,138,579,39.400000000000006,1.7000000000000002,11.1,53.47
2023,9,16,23,30,521,144,362,38.300000000000004,1.3,11.64,65.25
2023,9,17,0,30,308,93,159,36.1,0.8,15.49,77.55
2023,9,17,1,30,1,7,7,34.2,0.6000000000000001,21.73,89.68
2023,9,17,2,30,0,0,0,32.800000000000004,0.7000000000000001,20.37,102.54
2023,9,17,3,30,0,0,0,31,1,22.41,114.57000000000001
2023,9,17,4,30,0,0,0,29,1.3,25.17,125.76
2023,9,17,5,30,0,0,0,27.200000000000003,1.4000000000000001,29.05,135.38
2023,9,17,6,30,0,0,0,26,1.3,32.12,142.09
2023,9,17,7,30,0,0,0,25.5,1.1,33.77,144.19
2023,9,17,8,30,0,0,0,25.6,0.9,33.5,140.9
2023,9,17,9,30,0,0,0,25.900000000000002,0.6000000000000001,31.59,133.37
2023,9,17,10,30,0,0,0,25.6,0.5,30.78,123.3
2023,9,17,11,30,0,0,0,24.700000000000003,0.8,32.19,111.87
2023,9,17,12,30,0,0,0,23.900000000000002,1,34.980000000000004,99.74000000000001
2023,9,17,13,30,162,22,30,25.3,1.3,33.33,87.07000000000001
2023,9,17,14,30,589,63,218,28.8,1.6,27.94,74.76
2023,9,17,15,30,764,83,435,32.1,1.6,20.63,62.57
2023,9,17,16,30,854,95,632,34.7,1.6,16.84,51.04
2023,9,17,17,30,914,96,787,36.7,1.9000000000000001,14.71,40.92
2023,9,17,18,30,953,92,885,38.2,2.2,13.34,33.660000000000004
2023,9,17,19,30,961,91,912,39.2,2.5,12.3,31.37
2023,9,17,20,30,955,89,871,39.800000000000004,2.7,11.49,35.07
2023,9,17,21,30,931,86,764,39.900000000000006,2.6,10.97,43.22
2023,9,17,22,30,887,77,601,39.400000000000006,2.4000000000000004,10.84,53.79
2023,9,17,23,30,802,64,396,38.2,1.7000000000000002,11.15,65.55
2023,9,18,0,30,616,46,176,35.9,1,15.34,77.84
2023,9,18,1,30,70,8,8,33.6,0.7000000000000001,20.95,89.93
2023,9,18,2,30,0,0,0,32.2,0.7000000000000001,19.37,102.84
2023,9,18,3,30,0,0,0,30.6,1.1,20.3,114.88
2023,9,18,4,30,0,0,0,28.8,1.4000000000000001,22.28,126.10000000000001
2023,9,18,5,30,0,0,0,27.200000000000003,1.5,24.67,135.75
2023,9,18,6,30,0,0,0,25.8,1.5,27.41,142.49
2023,9,18,7,30,0,0,0,24.8,1.3,29.8,144.57
2023,9,18,8,30,0,0,0,24,1.2000000000000002,31.91,141.22
2023,9,18,9,30,0,0,0,23.6,1.1,33.32,133.62
2023,9,18,10,30,0,0,0,23.5,1,33.8,123.5
2023,9,18,11,30,0,0,0,23.400000000000002,0.9,33.94,112.04
2023,9,18,12,30,0,0,0,23.3,0.8,34.02,99.88
2023,9,18,13,30,200,20,30,24.700000000000003,0.9,31.720000000000002,87.2
2023,9,18,14,30,651,53,223,27.8,1.3,27.35,74.9
2023,9,18,15,30,816,70,444,30.8,1.8,22.22,62.730000000000004
2023,9,18,16,30,900,79,643,33.300000000000004,2.2,18.55,51.230000000000004
2023,9,18,17,30,945,85,796,35.4,2.6,15.15,41.18
2023,9,18,18,30,969,88,891,36.9,3,12.89,33.99
2023,9,18,19,30,978,87,919,37.9,3.1,11.44,31.76
2023,9,18,20,30,974,86,879,38.5,3.2,10.42,35.46
2023,9,18,21,30,949,82,769,38.400000000000006,3.2,9.96,43.58
2023,9,18,22,30,902,74,603,37.9,3.2,9.89,54.11
2023,9,18,23,30,814,64,397,36.5,2.8000000000000003,10.47,65.85
2023,9,19,0,30,614,47,173,33,1.8,13.8,78.12
2023,9,19,1,30,62,7,7,29.5,1.3,22.51,90.17
2023,9,19,2,30,0,0,0,28.200000000000003,1.3,24.25,103.13
2023,9,19,3,30,0,0,0,27.6,1.2000000000000002,25.580000000000002,115.19
2023,9,19,4,30,0,0,0,27.3,1.1,26.330000000000002,126.44
2023,9,19,5,30,0,0,0,27,0.9,26.89,136.12
2023,9,19,6,30,0,0,0,26.700000000000003,0.6000000000000001,27.35,142.88
2023,9,19,7,30,0,0,0,26.3,0.4,27.62,144.95000000000002
2023,9,19,8,30,0,0,0,25.6,0.5,29.48,141.54
2023,9,19,9,30,0,0,0,24.5,0.8,31.220000000000002,133.88
2023,9,19,10,30,0,0,0,23.400000000000002,1,33.54,123.7
2023,9,19,11,30,0,0,0,22.400000000000002,1.1,36.59,112.2
2023,9,19,12,30,0,0,0,21.900000000000002,1,38.69,100.03
2023,9,19,13,30,185,20,29,23.200000000000003,1.2000000000000002,36.4,87.33
2023,9,19,14,30,639,56,221,26.6,1.4000000000000001,30.02,75.04
2023,9,19,15,30,809,73,442,29.900000000000002,1.7000000000000002,25.650000000000002,62.89
2023,9,19,16,30,893,83,640,32.4,2.2,22.1,51.43
2023,9,19,17,30,945,87,796,34.2,2.5,18.32,41.43
2023,9,19,18,30,973,86,890,35.7,2.6,15.040000000000001,34.33
2023,9,19,19,30,983,87,919,36.800000000000004,2.5,12.450000000000001,32.160000000000004
2023,9,19,20,30,976,85,876,37.5,2.5,10.65,35.85
2023,9,19,21,30,955,80,768,37.7,2.3000000000000003,9.61,43.93
2023,9,19,22,30,908,73,601,37.4,2.1,9.17,54.44
2023,9,19,23,30,818,62,393,36.1,1.5,9.46,66.15
2023,9,20,0,30,623,45,170,33.4,1,13.89,78.41
2023,9,20,1,30,64,7,6,31,0.8,18.64,90.99
2023,9,20,2,30,0,0,0,29.900000000000002,0.8,17.54,103.43
2023,9,20,3,30,0,0,0,29,0.8,18.44,115.5
2023,9,20,4,30,0,0,0,28.200000000000003,0.7000000000000001,19.38,126.78
2023,9,20,5,30,0,0,0,27.400000000000002,0.7000000000000001,20.28,136.49
2023,9,20,6,30,0,0,0,26.3,0.8,21.77,143.28
2023,9,20,7,30,0,0,0,25.3,0.9,23.36,145.33
2023,9,20,8,30,0,0,0,24.3,1,25.09,141.86
2023,9,20,9,30,0,0,0,23.400000000000002,1.1,27.1,134.13
2023,9,20,10,30,0,0,0,22.900000000000002,1.1,28.53,123.9
2023,9,20,11,30,0,0,0,22.700000000000003,1.1,30.34,112.37
2023,9,20,12,30,0,0,0,22.6,1.1,31.61,100.17
2023,9,20,13,30,0,14,14,23.700000000000003,1.1,30.5,87.46000000000001
2023,9,20,14,30,0,25,25,26.1,1.7000000000000002,27.54,75.19
2023,9,20,15,30,0,45,45,28.700000000000003,2.4000000000000004,21.89,63.06
2023,9,20,16,30,0,76,76,31.400000000000002,3,19.91,51.64
2023,9,20,17,30,368,299,574,34,3.8000000000000003,16.41,41.7
2023,9,20,18,30,658,249,790,35.800000000000004,4.1000000000000005,13.41,34.660000000000004
2023,9,20,19,30,915,116,887,37,4.3,11.24,32.55
2023,9,20,20,30,617,229,727,37.7,4.5,9.92,36.24
2023,9,20,21,30,909,91,742,37.9,4.800000000000001,9.31,44.29
2023,9,20,22,30,853,86,578,37.5,5.1000000000000005,9.450000000000001,54.76
2023,9,20,23,30,745,74,372,36.2,4.7,10.59,66.45
2023,9,21,0,30,409,65,145,33.1,3.3000000000000003,13.72,78.7
2023,9,21,1,30,0,3,3,29.6,2.2,19.650000000000002,91.28
2023,9,21,2,30,0,0,0,27.700000000000003,2,23.34,103.72
2023,9,21,3,30,0,0,0,26.200000000000003,1.6,26.330000000000002,115.81
2023,9,21,4,30,0,0,0,25,1.3,28.97,127.11
2023,9,21,5,30,0,0,0,24.200000000000003,1.2000000000000002,30.66,136.86
2023,9,21,6,30,0,0,0,23.5,1.1,31.8,143.68
2023,9,21,7,30,0,0,0,22.8,1.1,32.81,145.72
2023,9,21,8,30,0,0,0,22,1.1,33.93,142.19
2023,9,21,9,30,0,0,0,21.3,1.2000000000000002,34.5,134.38
2023,9,21,10,30,0,0,0,20.8,1.2000000000000002,34.410000000000004,124.10000000000001
2023,9,21,11,30,0,0,0,20.400000000000002,1.2000000000000002,34.03,112.53
2023,9,21,12,30,0,0,0,20.200000000000003,1.2000000000000002,32.88,100.32000000000001
2023,9,21,13,30,170,20,27,22.1,1.5,27.8,87.59
2023,9,21,14,30,639,57,219,25.900000000000002,2.4000000000000004,20.71,75.33
2023,9,21,15,30,810,75,440,29.200000000000003,3.3000000000000003,19.98,63.22
2023,9,21,16,30,892,87,638,31.6,3.9000000000000004,20.3,51.84
2023,9,21,17,30,940,91,790,33.4,4.2,18.1,41.96
2023,9,21,18,30,964,93,883,34.9,4.3,15.81,35
2023,9,21,19,30,968,96,908,36,4.4,13.97,32.94
2023,9,21,20,30,957,94,862,36.6,4.5,12.780000000000001,36.63
2023,9,21,21,30,924,91,748,36.7,4.5,12.26,44.64
2023,9,21,22,30,572,191,518,36.1,4.4,12.56,55.08
2023,9,21,23,30,597,111,347,34.800000000000004,3.7,13.73,66.75
2023,9,22,0,30,409,65,143,32.1,2.3000000000000003,16.81,78.99
2023,9,22,1,30,0,2,2,29.5,1.5,22.13,91.57000000000001
2023,9,22,2,30,0,0,0,28.200000000000003,1.4000000000000001,24.47,104.02
2023,9,22,3,30,0,0,0,27.3,1.4000000000000001,25.35,116.12
2023,9,22,4,30,0,0,0,26.3,1.3,25.93,127.45
2023,9,22,5,30,0,0,0,25.1,1.2000000000000002,27,137.23
2023,9,22,6,30,0,0,0,24.200000000000003,1.2000000000000002,27.46,144.07
2023,9,22,7,30,0,0,0,23.8,1.1,27.330000000000002,146.1
2023,9,22,8,30,0,0,0,23.900000000000002,0.9,26.78,142.51
2023,9,22,9,30,0,0,0,23.900000000000002,0.8,27.09,134.63
2023,9,22,10,30,0,0,0,23.5,0.8,28.09,124.29
2023,9,22,11,30,0,0,0,22.900000000000002,1,29.240000000000002,112.69
2023,9,22,12,30,0,0,0,22.200000000000003,1.1,31.39,100.46000000000001
2023,9,22,13,30,2,18,18,23.400000000000002,1.2000000000000002,30.13,87.73
2023,9,22,14,30,36,125,134,26.6,1.6,26.580000000000002,75.48
2023,9,22,15,30,402,175,355,29.700000000000003,2.1,23.75,63.39
2023,9,22,16,30,437,235,504,32,2.5,22.28,52.050000000000004
2023,9,22,17,30,699,196,714,33.7,2.9000000000000004,19.69,42.22
2023,9,22,18,30,407,323,655,34.7,3.3000000000000003,17.81,35.34
2023,9,22,19,30,542,287,740,35.1,3.4000000000000004,16.65,33.34
2023,9,22,20,30,533,267,693,35.300000000000004,3.3000000000000003,15.85,37.02
2023,9,22,21,30,491,239,586,35.5,3.3000000000000003,15.13,45
2023,9,22,22,30,457,197,456,35.5,3.2,14.73,55.410000000000004
2023,9,22,23,30,351,96,233,34.6,2.7,15.14,67.05
2023,9,23,0,30,173,86,118,31.900000000000002,1.6,17.77,79.28
2023,9,23,1,30,0,1,1,29.5,1,23.240000000000002,91.85000000000001
2023,9,23,2,30,0,0,0,29.1,0.9,23.36,104.31
2023,9,23,3,30,0,0,0,28.700000000000003,0.9,23.62,116.43
2023,9,23,4,30,0,0,0,28,1,24.7,127.78
2023,9,23,5,30,0,0,0,27.1,1.1,26.43,137.6
2023,9,23,6,30,0,0,0,26.6,1,27.240000000000002,144.47
2023,9,23,7,30,0,0,0,26.200000000000003,1,27.63,146.48
2023,9,23,8,30,0,0,0,25.900000000000002,0.9,27.900000000000002,142.82
2023,9,23,9,30,0,0,0,25.5,0.7000000000000001,28.51,134.88
2023,9,23,10,30,0,0,0,24.8,0.6000000000000001,29.54,124.49000000000001
2023,9,23,11,30,0,0,0,24,0.6000000000000001,30.75,112.85000000000001
2023,9,23,12,30,0,0,0,23.3,0.6000000000000001,31.830000000000002,100.61
2023,9,23,13,30,2,16,16,24.3,0.6000000000000001,30.27,87.86
2023,9,23,14,30,16,61,65,27.1,0.9,26.17,75.63
2023,9,23,15,30,7,101,104,30.200000000000003,1.1,21.07,63.56
2023,9,23,16,30,4,154,156,32.6,1.8,17.88,52.25
2023,9,23,17,30,47,296,331,33.800000000000004,2.6,17.32,42.49
2023,9,23,18,30,221,406,586,34.4,3.1,18.68,35.68
2023,9,23,19,30,60,290,340,35,3.2,20.25,33.730000000000004
2023,9,23,20,30,820,134,785,35.7,3.1,21.080000000000002,37.410000000000004
2023,9,23,21,30,226,344,503,36,3,21.43,45.36
2023,9,23,22,30,253,253,395,35.7,2.9000000000000004,21.75,55.730000000000004
2023,9,23,23,30,573,107,328,34.800000000000004,2.6,22.36,67.36
2023,9,24,0,30,492,47,136,32.4,1.6,24.94,79.57000000000001
2023,9,24,1,30,16,3,2,30.200000000000003,0.9,28.97,92.14
2023,9,24,2,30,0,0,0,29.400000000000002,0.8,28.97,104.60000000000001
2023,9,24,3,30,0,0,0,28.700000000000003,0.8,29.12,116.74000000000001
2023,9,24,4,30,0,0,0,27.8,0.8,29.72,128.12
2023,9,24,5,30,0,0,0,27,0.8,30.25,137.97
2023,9,24,6,30,0,0,0,26.6,0.7000000000000001,30.12,144.87
2023,9,24,7,30,0,0,0,26.3,0.5,29.93,146.87
2023,9,24,8,30,0,0,0,25.8,0.30000000000000004,30.310000000000002,143.14000000000001
2023,9,24,9,30,0,0,0,25,0.5,31.61,135.12
2023,9,24,10,30,0,0,0,24.1,0.8,33.52,124.68
2023,9,24,11,30,0,0,0,23.3,1,35.53,113.02
2023,9,24,12,30,0,0,0,22.5,1.1,37.82,100.75
2023,9,24,13,30,183,18,24,23.700000000000003,1.4000000000000001,35.84,87.99
2023,9,24,14,30,647,52,211,27.200000000000003,1.8,30.060000000000002,75.78
2023,9,24,15,30,815,68,429,30.900000000000002,1.6,23.27,63.730000000000004
2023,9,24,16,30,896,79,625,33.4,1.2000000000000002,17.27,52.46
2023,9,24,17,30,946,84,779,35.1,1.3,14.19,42.76
2023,9,24,18,30,970,86,870,36.300000000000004,1.4000000000000001,12.59,36.03
2023,9,24,19,30,976,86,894,37.1,1.6,11.56,34.12
2023,9,24,20,30,969,83,849,37.6,1.7000000000000002,10.88,37.800000000000004
2023,9,24,21,30,946,79,739,37.7,1.7000000000000002,10.46,45.72
2023,9,24,22,30,896,71,571,37.2,1.6,10.34,56.06
2023,9,24,23,30,801,60,364,35.9,1.2000000000000002,10.69,67.66
2023,9,25,0,30,584,40,143,33.2,0.8,13.700000000000001,79.86
2023,9,25,1,30,24,3,2,30.900000000000002,0.6000000000000001,17.080000000000002,92.43
2023,9,25,2,30,0,0,0,30.5,0.4,16.23,104.9
2023,9,25,3,30,0,0,0,30.200000000000003,0.4,15.700000000000001,117.05
2023,9,25,4,30,0,0,0,29.200000000000003,0.7000000000000001,16.22,128.45
2023,9,25,5,30,0,0,0,27.5,1.1,17.990000000000002,138.33
2023,9,25,6,30,0,0,0,25.900000000000002,1.2000000000000002,19.93,145.26
2023,9,25,7,30,0,0,0,24.700000000000003,1.3,22.04,147.25
2023,9,25,8,30,0,0,0,23.8,1.3,24.59,143.46
2023,9,25,9,30,0,0,0,23,1.3,27.3,135.37
2023,9,25,10,30,0,0,0,22.200000000000003,1.4000000000000001,29.990000000000002,124.88000000000001
2023,9,25,11,30,0,0,0,21.5,1.4000000000000001,32.22,113.18
2023,9,25,12,30,0,0,0,21.1,1.5,33.22,100.9
2023,9,25,13,30,171,16,22,22.900000000000002,2.1,29.34,88.12
2023,9,25,14,30,662,51,212,27,2.7,22.52,75.93
2023,9,25,15,30,830,67,432,31,2.1,16.92,63.910000000000004
2023,9,25,16,30,911,77,629,34.5,1.4000000000000001,11.71,52.68
2023,9,25,17,30,949,85,779,36.6,1.4000000000000001,9.28,43.03
2023,9,25,18,30,963,93,868,37.9,1.8,8.63,36.37
2023,9,25,19,30,967,93,890,38.7,2,8.51,34.52
2023,9,25,20,30,953,93,842,39.1,2.1,8.57,38.19
2023,9,25,21,30,918,90,727,39,2.1,8.71,46.08
2023,9,25,22,30,862,82,559,38.400000000000006,1.9000000000000001,8.98,56.39
2023,9,25,23,30,757,67,351,36.9,1.4000000000000001,9.68,67.96000000000001
2023,9,26,0,30,522,45,134,34.2,0.8,13.08,80.15
2023,9,26,1,30,0,0,0,32.1,0.7000000000000001,15.6,92.72
2023,9,26,2,30,0,0,0,31.1,0.9,15.4,105.19
2023,9,26,3,30,0,0,0,30,1.1,16.02,117.35000000000001
2023,9,26,4,30,0,0,0,28.900000000000002,1.3,16.55,128.78
2023,9,26,5,30,0,0,0,27.8,1.3,17.29,138.70000000000002
2023,9,26,6,30,0,0,0,26.8,1.3,17.990000000000002,145.66
2023,9,26,7,30,0,0,0,26,1.3,18.41,147.63
2023,9,26,8,30,0,0,0,25.3,1.3,18.67,143.78
2023,9,26,9,30,0,0,0,24.6,1.4000000000000001,19.13,135.61
2023,9,26,10,30,0,0,0,23.900000000000002,1.5,19.63,125.07000000000001
2023,9,26,11,30,0,0,0,23.200000000000003,1.6,20.2,113.34
2023,9,26,12,30,0,0,0,22.8,1.6,20.48,101.04
2023,9,26,13,30,142,16,20,24.6,1.9000000000000001,18.35,88.26
2023,9,26,14,30,620,55,204,28.5,2.5,14.84,76.08
2023,9,26,15,30,797,75,423,32.7,1.9000000000000001,11.64,64.08
2023,9,26,16,30,883,86,619,36.1,0.9,9.78,52.89
2023,9,26,17,30,941,88,773,38.2,1.3,8.84,43.31
2023,9,26,18,30,977,83,866,39.5,2.2,8.39,36.71
2023,9,26,19,30,981,85,889,40.2,2.8000000000000003,8.19,34.910000000000004
2023,9,26,20,30,968,85,842,40.400000000000006,3.2,8.17,38.58
2023,9,26,21,30,937,82,728,40.2,3.2,8.21,46.43
2023,9,26,22,30,884,76,561,39.6,3.1,8.4,56.71
2023,9,26,23,30,780,63,352,37.9,2.3000000000000003,9.03,68.27
2023,9,27,0,30,542,42,132,34.4,1.4000000000000001,11.73,80.43
2023,9,27,1,30,0,0,0,31.700000000000003,1.1,14.71,93
2023,9,27,2,30,0,0,0,31.1,1.1,14.17,105.48
2023,9,27,3,30,0,0,0,30.6,1.1,13.76,117.66
2023,9,27,4,30,0,0,0,30,1,13.48,129.11
2023,9,27,5,30,0,0,0,29.1,1,13.63,139.07
2023,9,27,6,30,0,0,0,28,1.1,14.31,146.06
2023,9,27,7,30,0,0,0,26.900000000000002,1.1,15.38,148.01
2023,9,27,8,30,0,0,0,25.6,1.1,16.87,144.09
2023,9,27,9,30,0,0,0,24.3,1.2000000000000002,18.52,135.85
2023,9,27,10,30,0,0,0,23.3,1.3,20.12,125.26
2023,9,27,11,30,0,0,0,22.6,1.4000000000000001,21.400000000000002,113.5
2023,9,27,12,30,0,0,0,22.200000000000003,1.4000000000000001,22.19,101.19
2023,9,27,13,30,144,15,19,23.900000000000002,1.4000000000000001,20.22,88.39
2023,9,27,14,30,633,53,204,28,2,16.67,76.23
2023,9,27,15,30,810,72,424,32.2,2,12.61,64.26
2023,9,27,16,30,892,84,619,35.7,1.6,9.120000000000001,53.11
2023,9,27,17,30,939,89,769,37.9,1.9000000000000001,7.79,43.58
2023,9,27,18,30,963,90,858,39.2,2.3000000000000003,7.76,37.06
2023,9,27,19,30,965,91,879,40,2.6,7.66,35.300000000000004
2023,9,27,20,30,952,91,831,40.400000000000006,2.6,7.47,38.97
2023,9,27,21,30,920,87,717,40.2,2.6,7.41,46.79
2023,9,27,22,30,862,79,548,39.400000000000006,2.4000000000000004,7.65,57.04
2023,9,27,23,30,752,66,341,37.5,1.7000000000000002,8.47,68.57000000000001
2023,9,28,0,30,505,43,124,34.300000000000004,1.1,12.34,80.72
2023,9,28,1,30,0,0,0,31.8,1.2000000000000002,14.18,93.29
2023,9,28,2,30,0,0,0,30.700000000000003,1.2000000000000002,14.280000000000001,105.77
2023,9,28,3,30,0,0,0,30.3,1.2000000000000002,14.14,117.96000000000001
2023,9,28,4,30,0,0,0,30.200000000000003,1.1,13.8,129.44
2023,9,28,5,30,0,0,0,30.1,0.8,13.59,139.43
2023,9,28,6,30,0,0,0,29.900000000000002,0.4,13.6,146.45000000000002
2023,9,28,7,30,0,0,0,29.1,0.6000000000000001,14.14,148.39000000000001
2023,9,28,8,30,0,0,0,27.6,1,16.3,144.4
2023,9,28,9,30,0,0,0,25.900000000000002,1.2000000000000002,19.580000000000002,136.09
2023,9,28,10,30,0,0,0,24.5,1.2000000000000002,23.43,125.45
2023,9,28,11,30,0,0,0,23.400000000000002,1.3,27.67,113.66
2023,9,28,12,30,0,0,0,22.900000000000002,1.2000000000000002,31.12,101.34
2023,9,28,13,30,2,13,13,24.3,1.4000000000000001,30.37,88.52
2023,9,28,14,30,618,53,198,27.900000000000002,1.9000000000000001,25.26,76.39
2023,9,28,15,30,754,82,407,31.6,2.2,20.17,64.44
2023,9,28,16,30,889,80,611,34.4,2.3000000000000003,15.860000000000001,53.32
2023,9,28,17,30,735,182,712,36.4,2.5,13.370000000000001,43.86
2023,9,28,18,30,717,202,772,37.800000000000004,2.6,11.63,37.410000000000004
2023,9,28,19,30,918,115,860,38.7,2.7,10.23,35.7
2023,9,28,20,30,954,89,827,39.2,2.7,9.21,39.36
2023,9,28,21,30,929,84,716,39.2,2.7,8.52,47.15
2023,9,28,22,30,878,74,548,38.7,2.5,8.2,57.36
2023,9,28,23,30,773,62,341,37.1,1.9000000000000001,8.42,68.87
2023,9,29,0,30,528,41,124,34,1.2000000000000002,10.790000000000001,81.01
2023,9,29,1,30,0,0,0,31.400000000000002,1,12.85,93.57000000000001
2023,9,29,2,30,0,0,0,30.1,1,13.290000000000001,106.06
2023,9,29,3,30,0,0,0,28.700000000000003,1.2000000000000002,14.11,118.27
2023,9,29,4,30,0,0,0,27.1,1.4000000000000001,15.41,129.77
2023,9,29,5,30,0,0,0,25.400000000000002,1.4000000000000001,17.45,139.8
2023,9,29,6,30,0,0,0,24.1,1.3,19.6,146.85
2023,9,29,7,30,0,0,0,23.400000000000002,1.2000000000000002,21.27,148.78
2023,9,29,8,30,0,0,0,23.400000000000002,1,21.8,144.72
2023,9,29,9,30,0,0,0,23.6,0.6000000000000001,21.56,136.33
2023,9,29,10,30,0,0,0,23.3,0.6000000000000001,21.59,125.64
2023,9,29,11,30,0,0,0,22.200000000000003,1,22.25,113.82000000000001
2023,9,29,12,30,0,0,0,21.1,1.2000000000000002,22.25,101.48
2023,9,29,13,30,144,15,18,22.1,1.3,19.94,88.65
2023,9,29,14,30,656,51,204,25.8,1.8,16.17,76.54
2023,9,29,15,30,829,69,424,29.700000000000003,2.4000000000000004,12.49,64.62
2023,9,29,16,30,912,79,621,32.7,2.8000000000000003,10.4,53.54
2023,9,29,17,30,958,85,772,34.9,3.1,8.4,44.14
2023,9,29,18,30,981,87,863,36.5,3.1,7.1000000000000005,37.76
2023,9,29,19,30,987,87,885,37.800000000000004,3,6.21,36.09
2023,9,29,20,30,976,86,836,38.6,2.8000000000000003,5.73,39.75
2023,9,29,21,30,946,81,720,38.800000000000004,2.6,5.63,47.51
2023,9,29,22,30,886,74,548,38.300000000000004,2.4000000000000004,5.86,57.69
2023,9,29,23,30,774,62,337,36.6,1.8,6.62,69.17
2023,9,30,0,30,514,40,118,33.5,1.1,9.88,81.29
2023,9,30,1,30,0,0,0,31.1,1,12.11,93.86
2023,9,30,2,30,0,0,0,29.900000000000002,1,13.17,106.35000000000001
2023,9,30,3,30,0,0,0,28.5,1.1,15.24,118.57000000000001
2023,9,30,4,30,0,0,0,27.1,1.2000000000000002,17.69,130.1
2023,9,30,5,30,0,0,0,25.8,1.2000000000000002,20.52,140.16
2023,9,30,6,30,0,0,0,25,1.1,22.900000000000002,147.24
2023,9,30,7,30,0,0,0,24.400000000000002,0.9,24.79,149.16
2023,9,30,8,30,0,0,0,23.400000000000002,1,26.580000000000002,145.03
2023,9,30,9,30,0,0,0,22.3,1.2000000000000002,27.22,136.57
2023,9,30,10,30,0,0,0,21.400000000000002,1.3,26.26,125.83
2023,9,30,11,30,0,0,0,20.8,1.4000000000000001,24.240000000000002,113.98
2023,9,30,12,30,0,0,0,20.5,1.4000000000000001,21.75,101.63
2023,9,30,13,30,114,14,16,22.200000000000003,1.6,17.48,88.79
2023,9,30,14,30,602,53,191,25.700000000000003,2.8000000000000003,13.1,76.7
2023,9,30,15,30,784,72,406,28.8,4.2,16.830000000000002,64.8
2023,9,30,16,30,871,84,599,31.200000000000003,4.9,20.36,53.77
2023,9,30,17,30,919,91,747,33.300000000000004,5.5,18.16,44.42
2023,9,30,18,30,939,93,832,34.9,5.9,15.55,38.1
2023,9,30,19,30,936,99,852,35.9,6.5,13.94,36.480000000000004
2023,9,30,20,30,920,98,801,36.300000000000004,7,13.56,40.14
2023,9,30,21,30,889,91,687,36,7.4,14.15,47.870000000000005
2023,9,30,22,30,815,85,517,35,7.4,15.370000000000001,58.01
2023,9,30,23,30,676,74,311,33.4,6.9,16.9,69.47
2023,10,1,0,30,337,50,99,31,5.5,19.22,81.58
2023,10,1,1,30,0,0,0,28.5,3.8000000000000003,22.05,94.14
2023,10,1,2,30,0,0,0,26.5,2.6,24.82,106.63
2023,10,1,3,30,0,0,0,25.3,2.3000000000000003,27.62,118.87
2023,10,1,4,30,0,0,0,24.400000000000002,2.3000000000000003,31.35,130.42000000000002
2023,10,1,5,30,0,0,0,23.400000000000002,2.1,36.19,140.52
2023,10,1,6,30,0,0,0,22.400000000000002,1.7000000000000002,41.1,147.64000000000001
2023,10,1,7,30,0,0,0,21.400000000000002,1.4000000000000001,45.46,149.54
2023,10,1,8,30,0,0,0,20.5,1.1,49.07,145.34
2023,10,1,9,30,0,0,0,19.8,1,51.92,136.81
2023,10,1,10,30,0,0,0,19.3,0.9,54.120000000000005,126.01
2023,10,1,11,30,0,0,0,18.900000000000002,0.9,56.17,114.14
2023,10,1,12,30,0,0,0,18.7,0.8,57.56,101.77
2023,10,1,13,30,50,12,13,19.6,1,55.15,88.92
2023,10,1,14,30,437,71,170,22.3,1.8,47.04,76.86
2023,10,1,15,30,588,115,364,24.900000000000002,2.9000000000000004,39.15,64.98
2023,10,1,16,30,596,169,519,26.8,3.6,35.22,53.99
2023,10,1,17,30,866,109,725,28.3,4,31.95,44.7
2023,10,1,18,30,903,107,814,29.6,4.3,28.490000000000002,38.45
2023,10,1,19,30,906,109,834,30.6,4.5,25.6,36.88
2023,10,1,20,30,900,103,787,31.3,4.6000000000000005,23.11,40.53
2023,10,1,21,30,873,94,676,31.3,4.7,21.82,48.22
2023,10,1,22,30,805,86,509,30.8,4.6000000000000005,21.580000000000002,58.34
2023,10,1,23,30,684,70,307,29.6,4.3,22.71,69.77
2023,10,2,0,30,405,43,100,27.200000000000003,3,26.26,81.86
2023,10,2,1,30,0,0,0,24.8,1.9000000000000001,30.62,94.42
2023,10,2,2,30,0,0,0,23.400000000000002,1.6,33.74,106.92
2023,10,2,3,30,0,0,0,22.3,1.3,36.730000000000004,119.16
2023,10,2,4,30,0,0,0,21.3,1.1,39.79,130.74
2023,10,2,5,30,0,0,0,20.6,1,42.45,140.88
2023,10,2,6,30,0,0,0,20.1,1,44.730000000000004,148.03
2023,10,2,7,30,0,0,0,19.8,0.9,46.52,149.91
2023,10,2,8,30,0,0,0,19.700000000000003,0.9,47.730000000000004,145.65
2023,10,2,9,30,0,0,0,19.8,0.8,48.050000000000004,137.04
2023,10,2,10,30,0,0,0,20,0.5,47.800000000000004,126.2
2023,10,2,11,30,0,0,0,19.900000000000002,0.30000000000000004,48.47,114.3
2023,10,2,12,30,0,0,0,19.3,0.5,50.79,101.92
2023,10,2,13,30,53,11,12,19.900000000000002,0.9,49.6,89.05
2023,10,2,14,30,503,63,176,22.3,1.7000000000000002,43.54,77.01
2023,10,2,15,30,705,89,385,24.8,2.5,38.9,65.16
2023,10,2,16,30,807,104,576,26.5,2.8000000000000003,35.5,54.21
2023,10,2,17,30,880,105,727,27.900000000000002,2.8000000000000003,31.76,44.980000000000004
2023,10,2,18,30,927,98,820,29,2.8000000000000003,28.5,38.800000000000004
2023,10,2,19,30,932,99,841,29.900000000000002,2.8000000000000003,25.54,37.27
2023,10,2,20,30,648,218,708,30.3,2.8000000000000003,23.43,40.92
2023,10,2,21,30,860,104,673,30.3,2.8000000000000003,22.12,48.58
2023,10,2,22,30,827,84,514,29.700000000000003,2.8000000000000003,21.77,58.660000000000004
2023,10,2,23,30,705,69,309,28.6,2.6,22.32,70.07000000000001
2023,10,3,0,30,418,42,99,26.1,1.7000000000000002,25.28,82.14
2023,10,3,1,30,0,0,0,23.5,1,29.66,94.7
2023,10,3,2,30,0,0,0,22.5,1.1,31.79,107.2
2023,10,3,3,30,0,0,0,21.8,1.1,33.32,119.46000000000001
2023,10,3,4,30,0,0,0,21.3,1.1,34.32,131.06
2023,10,3,5,30,0,0,0,21,1.1,34.78,141.23
2023,10,3,6,30,0,0,0,20.700000000000003,0.9,35.19,148.42000000000002
2023,10,3,7,30,0,0,0,20.400000000000002,0.7000000000000001,35.59,150.29
2023,10,3,8,30,0,0,0,20,0.5,36.26,145.95000000000002
2023,10,3,9,30,0,0,0,19.6,0.5,37.33,137.28
2023,10,3,10,30,0,0,0,18.900000000000002,0.7000000000000001,39.56,126.39
2023,10,3,11,30,0,0,0,18.2,0.9,42.03,114.45
2023,10,3,12,30,0,0,0,17.5,1,44.77,102.07000000000001
2023,10,3,13,30,77,11,12,18.5,1.3,42.76,89.18
2023,10,3,14,30,569,55,181,21.700000000000003,1.7000000000000002,35.64,77.17
2023,10,3,15,30,765,76,395,25.200000000000003,1.7000000000000002,28.85,65.35
2023,10,3,16,30,858,88,587,27.700000000000003,1.6,23.13,54.44
2023,10,3,17,30,911,95,736,29.200000000000003,1.7000000000000002,19.830000000000002,45.27
2023,10,3,18,30,942,95,826,30.3,1.8,17.37,39.15
2023,10,3,19,30,948,96,846,31.200000000000003,2,15.33,37.660000000000004
2023,10,3,20,30,939,94,799,31.700000000000003,2.2,13.98,41.300000000000004
2023,10,3,21,30,908,88,685,31.700000000000003,2.2,13.3,48.93
2023,10,3,22,30,846,79,515,31.200000000000003,2.1,13.26,58.980000000000004
2023,10,3,23,30,721,65,307,30,1.7000000000000002,13.85,70.37
2023,10,4,0,30,433,39,96,27.200000000000003,1.1,16.5,82.42
2023,10,4,1,30,0,0,0,24.6,1,19.82,94.98
2023,10,4,2,30,0,0,0,23.8,1,20.39,107.48
2023,10,4,3,30,0,0,0,23.5,1.1,20.5,119.75
2023,10,4,4,30,0,0,0,23.3,0.9,20.47,131.38
2023,10,4,5,30,0,0,0,23.1,0.6000000000000001,20.54,141.59
2023,10,4,6,30,0,0,0,22.6,0.4,21.07,148.81
2023,10,4,7,30,0,0,0,21.5,0.6000000000000001,22.38,150.67000000000002
2023,10,4,8,30,0,0,0,20.3,0.9,24.05,146.26
2023,10,4,9,30,0,0,0,19.1,1.1,25.95,137.51
2023,10,4,10,30,0,0,0,18.3,1.2000000000000002,27.490000000000002,126.57000000000001
2023,10,4,11,30,0,0,0,17.6,1.2000000000000002,29.1,114.61
2023,10,4,12,30,0,0,0,17.1,1.4000000000000001,30.42,102.22
2023,10,4,13,30,89,11,12,18.400000000000002,1.9000000000000001,28.34,89.31
2023,10,4,14,30,603,52,184,21.8,2.3000000000000003,23.11,77.34
2023,10,4,15,30,797,71,401,25.900000000000002,1.5,18.1,65.54
2023,10,4,16,30,888,82,596,29.400000000000002,0.5,14.98,54.67
2023,10,4,17,30,939,88,745,31.6,0.4,12.74,45.56
2023,10,4,18,30,965,89,834,33.2,0.6000000000000001,11.19,39.5
2023,10,4,19,30,972,91,856,34.4,1,10.09,38.050000000000004
2023,10,4,20,30,958,91,806,35.1,1.4000000000000001,9.39,41.69
2023,10,4,21,30,921,87,688,35.300000000000004,1.8,9.01,49.29
2023,10,4,22,30,858,79,517,34.9,2,9,59.31
2023,10,4,23,30,736,64,308,33.300000000000004,1.7000000000000002,9.66,70.67
2023,10,5,0,30,443,39,95,29.6,1.2000000000000002,12.72,82.7
2023,10,5,1,30,0,0,0,26.8,1.2000000000000002,15.09,95.25
2023,10,5,2,30,0,0,0,25.900000000000002,1.1,15.6,107.76
2023,10,5,3,30,0,0,0,24.700000000000003,1.2000000000000002,16.64,120.04
2023,10,5,4,30,0,0,0,23.5,1.5,18.16,131.7
2023,10,5,5,30,0,0,0,22.700000000000003,2.2,20.39,141.94
2023,10,5,6,30,0,0,0,22.1,3.1,23.06,149.20000000000002
2023,10,5,7,30,0,0,0,21.6,3.9000000000000004,25.14,151.05
2023,10,5,8,30,0,0,0,20.900000000000002,3.9000000000000004,26.66,146.56
2023,10,5,9,30,0,0,0,20.5,3.7,26.84,137.74
2023,10,5,10,30,0,0,0,20.200000000000003,3.3000000000000003,26.310000000000002,126.75
2023,10,5,11,30,0,0,0,19.8,3,25.92,114.77
2023,10,5,12,30,0,0,0,19.400000000000002,2.7,25.72,102.36
2023,10,5,13,30,113,11,12,20.6,3,23.39,89.44
2023,10,5,14,30,657,46,188,23.900000000000002,3.4000000000000004,18.89,77.5
2023,10,5,15,30,838,64,408,28.200000000000003,3,14.65,65.73
2023,10,5,16,30,921,73,603,32.2,2.1,11.6,54.9
2023,10,5,17,30,958,83,750,34.7,1.5,9.78,45.84
2023,10,5,18,30,972,91,837,36.2,1.2000000000000002,8.43,39.85
2023,10,5,19,30,980,92,860,37.2,1.1,7.43,38.44
2023,10,5,20,30,964,92,808,37.7,1.1,6.8,42.07
2023,10,5,21,30,926,89,689,37.7,1.3,6.51,49.64
2023,10,5,22,30,862,80,516,37.1,1.4000000000000001,6.51,59.63
2023,10,5,23,30,738,65,306,35.1,1.2000000000000002,7.11,70.96000000000001
2023,10,6,0,30,437,38,91,31.200000000000003,1,10.3,82.98
2023,10,6,1,30,0,0,0,28.3,1.2000000000000002,11.93,95.53
2023,10,6,2,30,0,0,0,27.200000000000003,1.3,12.55,108.03
2023,10,6,3,30,0,0,0,26.1,1.4000000000000001,13.31,120.33
2023,10,6,4,30,0,0,0,24.900000000000002,1.5,14.18,132.01
2023,10,6,5,30,0,0,0,24.1,1.6,15,142.29
2023,10,6,6,30,0,0,0,23.5,2,16.15,149.59
2023,10,6,7,30,0,0,0,23.1,2.7,17.53,151.42000000000002
2023,10,6,8,30,0,0,0,22.900000000000002,3.5,18.82,146.86
2023,10,6,9,30,0,0,0,22.6,3.9000000000000004,19.89,137.97
2023,10,6,10,30,0,0,0,22.200000000000003,4,20.69,126.94
2023,10,6,11,30,0,0,0,21.900000000000002,3.7,21.2,114.93
2023,10,6,12,30,0,0,0,21.5,3.3000000000000003,21.76,102.51
2023,10,6,13,30,85,10,11,22.8,3.2,20.080000000000002,89.57000000000001
2023,10,6,14,30,593,50,177,26.400000000000002,3.7,16.04,77.66
2023,10,6,15,30,671,96,370,30.8,4.2,13.16,65.92
2023,10,6,16,30,864,83,577,34.4,4.2,16.13,55.14
2023,10,6,17,30,872,107,711,36.800000000000004,3.6,16.43,46.13
2023,10,6,18,30,925,97,803,38.5,2.8000000000000003,14.64,40.21
2023,10,6,19,30,945,89,825,39.7,2,12.84,38.83
2023,10,6,20,30,919,93,771,40.2,1.4000000000000001,11.66,42.45
2023,10,6,21,30,866,96,653,40.2,1,11.03,49.99
2023,10,6,22,30,800,85,486,39.7,0.7000000000000001,11.03,59.94
2023,10,6,23,30,667,69,283,38.1,0.6000000000000001,11.870000000000001,71.26
2023,10,7,0,30,359,38,80,35.4,0.7000000000000001,15.42,83.25
2023,10,7,1,30,0,0,0,32.800000000000004,1,16.67,95.8
2023,10,7,2,30,0,0,0,31,1.2000000000000002,18.04,108.31
2023,10,7,3,30,0,0,0,29.5,1.4000000000000001,19.69,120.62
2023,10,7,4,30,0,0,0,28.6,1.7000000000000002,21.7,132.32
2023,10,7,5,30,0,0,0,27.900000000000002,1.9000000000000001,24.42,142.64000000000001
2023,10,7,6,30,0,0,0,27.200000000000003,2,27.38,149.97
2023,10,7,7,30,0,0,0,26.6,2.2,29.35,151.79
2023,10,7,8,30,0,0,0,26.3,2.5,29.51,147.16
2023,10,7,9,30,0,0,0,26.1,2.8000000000000003,27.55,138.20000000000002
2023,10,7,10,30,0,0,0,26.1,3.3000000000000003,23.91,127.12
2023,10,7,11,30,0,0,0,26.3,4.1000000000000005,21.62,115.09
2023,10,7,12,30,0,0,0,26.200000000000003,4.7,22.48,102.66
2023,10,7,13,30,21,7,7,26.8,5.300000000000001,24.47,89.71000000000001
2023,10,7,14,30,76,109,125,29,6.300000000000001,23.69,77.83
2023,10,7,15,30,635,103,360,31.900000000000002,7.1000000000000005,21.43,66.11
2023,10,7,16,30,544,187,496,34.4,7,18.89,55.370000000000005
2023,10,7,17,30,133,295,387,36.300000000000004,6.5,16.65,46.42
2023,10,7,18,30,441,285,620,37.800000000000004,5.800000000000001,15.05,40.56
2023,10,7,19,30,890,111,801,38.7,5.2,14.24,39.21
2023,10,7,20,30,890,101,754,39.1,4.7,13.96,42.83
2023,10,7,21,30,856,96,642,39.1,4.1000000000000005,13.9,50.34
2023,10,7,22,30,789,85,476,38.5,3.7,14.1,60.26
2023,10,7,23,30,659,67,276,37,2.8000000000000003,14.94,71.55
2023,10,8,0,30,347,37,76,33.7,1.7000000000000002,17.86,83.53
2023,10,8,1,30,0,0,0,31,1.6,20.61,96.07000000000001
2023,10,8,2,30,0,0,0,30,2,21.45,108.58
2023,10,8,3,30,0,0,0,29.3,2.5,22.06,120.9
2023,10,8,4,30,0,0,0,28.6,2.7,22.91,132.62
2023,10,8,5,30,0,0,0,27.900000000000002,2.6,24.04,142.98
2023,10,8,6,30,0,0,0,27.3,2.5,25.23,150.36
2023,10,8,7,30,0,0,0,26.8,2.5,26.36,152.17000000000002
2023,10,8,8,30,0,0,0,26.5,2.5,27.14,147.46
2023,10,8,9,30,0,0,0,26.3,2.5,27.57,138.43
2023,10,8,10,30,0,0,0,26,2.5,28.04,127.3
2023,10,8,11,30,0,0,0,25.8,2.5,28.3,115.24000000000001
2023,10,8,12,30,0,0,0,25.5,2.5,28.66,102.81
2023,10,8,13,30,0,5,5,26.200000000000003,2.9000000000000004,27.3,89.84
2023,10,8,14,30,78,101,117,28.5,3.4000000000000004,23.72,77.99
2023,10,8,15,30,571,111,341,31.3,3.4000000000000004,20.54,66.3
2023,10,8,16,30,87,290,339,33.9,3.2,18.55,55.6
2023,10,8,17,30,173,296,415,35.7,2.8000000000000003,16.79,46.71
2023,10,8,18,30,711,193,730,37.1,2.4000000000000004,15.49,40.910000000000004
2023,10,8,19,30,900,102,795,38.1,2.2,14.63,39.6
2023,10,8,20,30,892,96,746,38.5,2,14.200000000000001,43.21
2023,10,8,21,30,866,87,636,38.400000000000006,1.8,14.09,50.69
2023,10,8,22,30,804,77,472,37.7,1.6,14.35,60.58
2023,10,8,23,30,678,62,273,36.300000000000004,1.2000000000000002,15.21,71.84
2023,10,9,0,30,368,34,74,33.800000000000004,0.9,18.12,83.8
2023,10,9,1,30,0,0,0,31.8,1,20.11,96.33
2023,10,9,2,30,0,0,0,30.200000000000003,1.1,22.01,108.84
2023,10,9,3,30,0,0,0,28.700000000000003,1.5,24.19,121.18
2023,10,9,4,30,0,0,0,27.900000000000002,2.4000000000000004,26.3,132.93
2023,10,9,5,30,0,0,0,27.200000000000003,3.5,29.98,143.33
2023,10,9,6,30,0,0,0,26.3,3.7,35.08,150.74
2023,10,9,7,30,0,0,0,25.5,3.6,39,152.54
2023,10,9,8,30,0,0,0,25,3.4000000000000004,41.07,147.76
2023,10,9,9,30,0,0,0,24.700000000000003,3.3000000000000003,41.51,138.65
2023,10,9,10,30,0,0,0,24.6,3,40.08,127.48
2023,10,9,11,30,0,0,0,24.5,2.6,37.910000000000004,115.4
2023,10,9,12,30,0,0,0,24.5,2.1,35.31,102.96000000000001
2023,10,9,13,30,38,6,6,25.6,2,31.1,89.97
2023,10,9,14,30,206,87,129,28.5,2.4000000000000004,24.96,78.16
2023,10,9,15,30,667,89,355,31.900000000000002,2.5,20.13,66.5
2023,10,9,16,30,813,90,547,34.6,2.2,17.82,55.84
2023,10,9,17,30,873,96,691,36.4,2.1,16.54,47.01
2023,10,9,18,30,904,97,777,37.5,2.1,15.67,41.26
2023,10,9,19,30,914,97,797,38.1,2.3000000000000003,15.05,39.99
2023,10,9,20,30,900,96,748,38.300000000000004,2.5,14.620000000000001,43.59
2023,10,9,21,30,862,93,635,38,2.6,14.48,51.03
2023,10,9,22,30,798,82,470,37.2,2.7,14.71,60.89
2023,10,9,23,30,666,65,269,35.5,2.3000000000000003,15.83,72.12
2023,10,10,0,30,345,34,70,32.4,1.4000000000000001,18.95,84.06
2023,10,10,1,30,0,0,0,29.8,1.1,22.35,96.60000000000001
2023,10,10,2,30,0,0,0,29.1,1.1,23.2,109.11
2023,10,10,3,30,0,0,0,29.1,1,23.18,121.45
2023,10,10,4,30,0,0,0,29.3,0.7000000000000001,22.91,133.23
2023,10,10,5,30,0,0,0,28.900000000000002,0.5,23.45,143.67000000000002
2023,10,10,6,30,0,0,0,27.5,0.7000000000000001,25.42,151.12
2023,10,10,7,30,0,0,0,25.700000000000003,1,28.35,152.91
2023,10,10,8,30,0,0,0,24.400000000000002,1,31.150000000000002,148.05
2023,10,10,9,30,0,0,0,23.700000000000003,1,33.69,138.87
2023,10,10,10,30,0,0,0,23.3,0.9,35.31,127.66
2023,10,10,11,30,0,0,0,22.900000000000002,0.9,36.78,115.56
2023,10,10,12,30,0,0,0,22.5,0.9,38.17,103.11
2023,10,10,13,30,33,6,6,23.1,0.9,37.67,90.10000000000001
2023,10,10,14,30,487,56,155,25.8,1.4000000000000001,33.95,78.33
2023,10,10,15,30,707,80,360,29.1,1.7000000000000002,26.64,66.7
2023,10,10,16,30,815,93,548,32,1.8,20.09,56.08
2023,10,10,17,30,880,97,694,34,2.4000000000000004,17.26,47.300000000000004
2023,10,10,18,30,918,96,782,35.300000000000004,2.9000000000000004,15.77,41.61
2023,10,10,19,30,922,98,800,36.1,3.3000000000000003,14.76,40.37
2023,10,10,20,30,908,96,750,36.4,3.4000000000000004,14.08,43.96
2023,10,10,21,30,867,93,634,36.300000000000004,3.4000000000000004,13.68,51.38
2023,10,10,22,30,790,84,465,35.6,3.3000000000000003,13.88,61.2
2023,10,10,23,30,641,68,262,33.9,2.6,15.01,72.41
2023,10,11,0,30,292,35,64,30.700000000000003,1.5,18.17,84.33
2023,10,11,1,30,0,0,0,28.200000000000003,1.2000000000000002,21.45,96.86
2023,10,11,2,30,0,0,0,27.3,1.2000000000000002,22.98,109.37
2023,10,11,3,30,0,0,0,26.400000000000002,1.3,25.01,121.73
2023,10,11,4,30,0,0,0,25.5,1.3,27.85,133.52
2023,10,11,5,30,0,0,0,24.6,1.4000000000000001,31.580000000000002,144
2023,10,11,6,30,0,0,0,23.8,1.3,35.410000000000004,151.5
2023,10,11,7,30,0,0,0,23.1,1.2000000000000002,38.67,153.27
2023,10,11,8,30,0,0,0,22.6,1,41.03,148.34
2023,10,11,9,30,0,0,0,22.1,1,42.79,139.1
2023,10,11,10,30,0,0,0,21.3,1.1,45.19,127.84
2023,10,11,11,30,0,0,0,20.700000000000003,1.2000000000000002,47.86,115.71000000000001
2023,10,11,12,30,0,0,0,20.3,1.2000000000000002,50.36,103.26
2023,10,11,13,30,40,6,6,21.400000000000002,1.6,47.660000000000004,90.23
2023,10,11,14,30,526,51,156,24.200000000000003,2.5,39.92,78.5
2023,10,11,15,30,735,74,362,27.1,3.5,34.81,66.9
2023,10,11,16,30,834,87,549,29.3,4.1000000000000005,29.71,56.32
2023,10,11,17,30,895,91,695,31,4.7,25.1,47.59
2023,10,11,18,30,930,91,783,32.2,5.1000000000000005,22.22,41.96
2023,10,11,19,30,937,93,803,33,5.300000000000001,20.09,40.75
2023,10,11,20,30,923,94,754,33.300000000000004,5.4,18.490000000000002,44.34
2023,10,11,21,30,880,93,638,33.2,5.4,17.67,51.72
2023,10,11,22,30,796,86,466,32.5,5.2,17.52,61.51
2023,10,11,23,30,632,71,259,31.200000000000003,4.5,18.16,72.69
2023,10,12,0,30,255,36,60,28.3,2.9000000000000004,21.21,84.59
2023,10,12,1,30,0,0,0,25.5,1.8,25.23,97.12
2023,10,12,2,30,0,0,0,24.200000000000003,1.6,27.19,109.63
2023,10,12,3,30,0,0,0,23.200000000000003,1.4000000000000001,28.13,122
2023,10,12,4,30,0,0,0,22.3,1.2000000000000002,28.12,133.82
2023,10,12,5,30,0,0,0,21.700000000000003,1.1,27.36,144.33
2023,10,12,6,30,0,0,0,21.5,0.9,26.28,151.87
2023,10,12,7,30,0,0,0,21.5,0.7000000000000001,25.62,153.64000000000001
2023,10,12,8,30,0,0,0,21.200000000000003,0.4,26.19,148.64000000000001
2023,10,12,9,30,0,0,0,20.400000000000002,0.30000000000000004,28.330000000000002,139.32
2023,10,12,10,30,0,0,0,19.5,0.4,31.400000000000002,128.02
2023,10,12,11,30,0,0,0,18.5,0.6000000000000001,34.97,115.87
2023,10,12,12,30,0,0,0,17.7,0.7000000000000001,38.36,103.41
2023,10,12,13,30,26,5,5,18.400000000000002,1,38.51,90.94
2023,10,12,14,30,491,57,153,21.3,2.2,33.51,78.67
2023,10,12,15,30,723,83,364,24.8,3.1,25.62,67.09
2023,10,12,16,30,832,96,554,27.5,2.1,18.240000000000002,56.56
2023,10,12,17,30,903,99,705,29.5,1,14.75,47.89
2023,10,12,18,30,947,95,795,30.900000000000002,1.5,12.63,42.31
2023,10,12,19,30,956,95,815,31.700000000000003,2.5,11.14,41.13
2023,10,12,20,30,946,92,764,32,3.1,10.01,44.71
2023,10,12,21,30,917,85,649,31.8,3.2,9.19,52.06
2023,10,12,22,30,855,74,478,31.200000000000003,3,8.73,61.82
2023,10,12,23,30,722,59,270,29.400000000000002,2.2,8.98,72.97
2023,10,13,0,30,372,31,64,26,1.3,10.98,84.85000000000001
2023,10,13,1,30,0,0,0,23.400000000000002,1.1,13.02,97.37
2023,10,13,2,30,0,0,0,22.5,1.1,13.43,109.89
2023,10,13,3,30,0,0,0,22,1.1,13.52,122.26
2023,10,13,4,30,0,0,0,21.8,1,13.17,134.11
2023,10,13,5,30,0,0,0,21.3,0.9,13.200000000000001,144.66
2023,10,13,6,30,0,0,0,19.700000000000003,1.1,14.57,152.25
2023,10,13,7,30,0,0,0,18.1,1.7000000000000002,16.67,154
2023,10,13,8,30,0,0,0,17.5,2.6,18.330000000000002,148.92000000000002
2023,10,13,9,30,0,0,0,17.1,3.4000000000000004,19.330000000000002,139.54
2023,10,13,10,30,0,0,0,16.8,3.7,19.330000000000002,128.2
2023,10,13,11,30,0,0,0,16.6,3.6,18.89,116.03
2023,10,13,12,30,0,0,0,16.400000000000002,3.3000000000000003,18.59,103.56
2023,10,13,13,30,41,6,5,17.5,3,17.19,91.10000000000001
2023,10,13,14,30,554,50,157,20.6,3.2,14.59,78.84
2023,10,13,15,30,765,73,368,24.900000000000002,2.8000000000000003,11.89,67.3
2023,10,13,16,30,860,86,557,28.6,2.2,10.52,56.800000000000004
2023,10,13,17,30,916,90,701,30.6,2.1,11.3,48.18
2023,10,13,18,30,913,108,779,31.700000000000003,2.2,11.93,42.660000000000004
2023,10,13,19,30,960,86,805,32.300000000000004,2.1,12.17,41.51
2023,10,13,20,30,499,260,612,32.6,2.1,12.24,45.08
2023,10,13,21,30,601,187,554,32.5,2,12.41,52.4
2023,10,13,22,30,778,91,455,32,1.9000000000000001,12.72,62.120000000000005
2023,10,13,23,30,615,76,253,30.200000000000003,1.3,13.92,73.25
2023,10,14,0,30,279,32,56,27.700000000000003,0.9,16.68,85.10000000000001
2023,10,14,1,30,0,0,0,25.900000000000002,1,17.48,97.63
2023,10,14,2,30,0,0,0,24.8,1.1,17.54,110.14
2023,10,14,3,30,0,0,0,23.8,1.2000000000000002,17.96,122.52
2023,10,14,4,30,0,0,0,23,1.2000000000000002,18.54,134.39000000000001
2023,10,14,5,30,0,0,0,22.5,1.2000000000000002,18.87,144.99
2023,10,14,6,30,0,0,0,22.3,1.1,19.01,152.62
2023,10,14,7,30,0,0,0,22.400000000000002,0.9,19,154.37
2023,10,14,8,30,0,0,0,22.1,0.8,19.69,149.21
2023,10,14,9,30,0,0,0,21.6,0.7000000000000001,20.38,139.75
2023,10,14,10,30,0,0,0,21.1,0.7000000000000001,21.28,128.37
2023,10,14,11,30,0,0,0,20.5,0.7000000000000001,22.42,116.18
2023,10,14,12,30,0,0,0,19.700000000000003,0.9,24.01,103.71000000000001
2023,10,14,13,30,42,6,5,19.8,1,24.66,91.26
2023,10,14,14,30,556,46,152,22.5,1.6,22.13,79.02
2023,10,14,15,30,766,68,361,26.5,2.1,18.13,67.5
2023,10,14,16,30,861,80,548,29.700000000000003,1.8,15.24,57.050000000000004
2023,10,14,17,30,913,87,692,31.8,1.7000000000000002,15.540000000000001,48.480000000000004
2023,10,14,18,30,942,89,778,33.1,1.5,15.52,43
2023,10,14,19,30,947,89,794,34,1.4000000000000001,14.76,41.88
2023,10,14,20,30,934,89,744,34.5,1.4000000000000001,13.870000000000001,45.44
2023,10,14,21,30,897,84,627,34.5,1.4000000000000001,13.31,52.730000000000004
2023,10,14,22,30,833,73,459,34,1.3,13.13,62.43
2023,10,14,23,30,698,57,255,32.2,1,14.040000000000001,73.53
2023,10,15,0,30,337,29,56,29.400000000000002,0.8,17.21,85.36
2023,10,15,1,30,0,0,0,27.5,1,18.64,97.88
2023,10,15,2,30,0,0,0,26.6,1,19.52,110.39
2023,10,15,3,30,0,0,0,25.400000000000002,1.2000000000000002,20.81,122.78
2023,10,15,4,30,0,0,0,23.900000000000002,1.3,22.490000000000002,134.67000000000002
2023,10,15,5,30,0,0,0,22.6,1.4000000000000001,24.04,145.31
2023,10,15,6,30,0,0,0,21.900000000000002,1.4000000000000001,24.76,152.98
2023,10,15,7,30,0,0,0,21.400000000000002,1.5,25.12,154.73
2023,10,15,8,30,0,0,0,20.900000000000002,1.6,25.42,149.49
2023,10,15,9,30,0,0,0,20.400000000000002,1.7000000000000002,25.82,139.97
2023,10,15,10,30,0,0,0,20,2,26.19,128.55
2023,10,15,11,30,0,0,0,19.900000000000002,2.3000000000000003,26.1,116.34
2023,10,15,12,30,0,0,0,19.8,2.4000000000000004,26.150000000000002,103.86
2023,10,15,13,30,47,6,5,20.900000000000002,2.8000000000000003,24.55,91.42
2023,10,15,14,30,582,45,154,24,3.5,20.52,79.19
2023,10,15,15,30,793,64,365,28.1,3.4000000000000004,16.35,67.7
2023,10,15,16,30,885,75,553,32.4,2.8000000000000003,13.530000000000001,57.29
2023,10,15,17,30,934,82,697,35.4,2.5,12.14,48.78
2023,10,15,18,30,958,83,780,37.2,1.9000000000000001,11.290000000000001,43.35
2023,10,15,19,30,963,83,796,38.1,1.3,10.81,42.26
2023,10,15,20,30,951,81,744,38.6,1,10.3,45.81
2023,10,15,21,30,918,75,627,38.5,1,10,53.06
2023,10,15,22,30,853,67,458,37.9,1.1,9.93,62.730000000000004
2023,10,15,23,30,717,53,253,35.6,1.1,10.9,73.8
2023,10,16,0,30,350,27,54,31.700000000000003,1.1,14.450000000000001,85.61
2023,10,16,1,30,0,0,0,28.900000000000002,1.3,16.13,98.12
2023,10,16,2,30,0,0,0,27.6,1.4000000000000001,16.75,110.63
2023,10,16,3,30,0,0,0,26.400000000000002,1.4000000000000001,17.12,123.04
2023,10,16,4,30,0,0,0,25.5,1.6,17.080000000000002,134.95
2023,10,16,5,30,0,0,0,24.8,2,16.7,145.63
2023,10,16,6,30,0,0,0,24.400000000000002,2.7,15.76,153.35
2023,10,16,7,30,0,0,0,24,3.5,14.71,155.09
2023,10,16,8,30,0,0,0,23.5,3.9000000000000004,14.27,149.78
2023,10,16,9,30,0,0,0,23.1,4,14.040000000000001,140.18
2023,10,16,10,30,0,0,0,23,3.9000000000000004,13.64,128.72
2023,10,16,11,30,0,0,0,22.900000000000002,3.4000000000000004,13.46,116.5
2023,10,16,12,30,0,0,0,22.900000000000002,3,14.18,104.02
2023,10,16,13,30,24,4,3,24.1,2.9000000000000004,14.99,91.58
2023,10,16,14,30,547,46,147,27.3,3.7,14.67,79.37
2023,10,16,15,30,760,66,352,31.1,4.5,13.88,67.91
2023,10,16,16,30,853,79,537,34.300000000000004,4.2,14.13,57.54
2023,10,16,17,30,907,84,678,36.800000000000004,3.3000000000000003,13.76,49.07
2023,10,16,18,30,934,85,760,38.5,2.5,13.030000000000001,43.7
2023,10,16,19,30,938,86,776,39.5,1.8,12.4,42.63
2023,10,16,20,30,914,88,721,40,1.3,11.92,46.17
2023,10,16,21,30,865,88,604,39.900000000000006,1.1,11.74,53.39
2023,10,16,22,30,794,77,437,39.2,1,11.85,63.02
2023,10,16,23,30,645,60,237,37.2,0.9,12.85,74.07000000000001
2023,10,17,0,30,269,28,47,33.800000000000004,1,16.13,85.86
2023,10,17,1,30,0,0,0,31.1,1.3,17.77,98.37
2023,10,17,2,30,0,0,0,29.6,1.4000000000000001,18.85,110.88
2023,10,17,3,30,0,0,0,28.5,1.4000000000000001,19.82,123.29
2023,10,17,4,30,0,0,0,27.700000000000003,1.3,20.66,135.22
2023,10,17,5,30,0,0,0,27.200000000000003,1.2000000000000002,21.05,145.94
2023,10,17,6,30,0,0,0,26.8,0.9,21.22,153.71
2023,10,17,7,30,0,0,0,26.400000000000002,0.7000000000000001,21.45,155.44
2023,10,17,8,30,0,0,0,25.5,0.8,22.490000000000002,150.06
2023,10,17,9,30,0,0,0,24.400000000000002,1,23.900000000000002,140.4
2023,10,17,10,30,0,0,0,23.5,1.2000000000000002,25.22,128.9
2023,10,17,11,30,0,0,0,22.8,1.3,26.51,116.65
2023,10,17,12,30,0,0,0,22.200000000000003,1.4000000000000001,27.71,104.17
2023,10,17,13,30,14,2,2,23,1.4000000000000001,26.63,91.74
2023,10,17,14,30,473,51,137,26.1,2,22.26,79.55
2023,10,17,15,30,710,75,340,30,2.4000000000000004,17.77,68.11
2023,10,17,16,30,823,87,526,33.2,2.2,14.8,57.78
2023,10,17,17,30,879,96,668,35.7,2.2,12.99,49.370000000000005
2023,10,17,18,30,904,101,751,37.2,2.4000000000000004,11.88,44.04
2023,10,17,19,30,914,103,771,38.1,2.5,11.34,43
2023,10,17,20,30,907,98,722,38.400000000000006,2.5,11.02,46.52
2023,10,17,21,30,874,91,608,38.300000000000004,2.4000000000000004,10.46,53.72
2023,10,17,22,30,803,79,440,37.5,2.2,10.120000000000001,63.32
2023,10,17,23,30,652,61,237,35.2,1.5,10.72,74.34
2023,10,18,0,30,266,27,45,32,1.1,13.15,86.10000000000001
2023,10,18,1,30,0,0,0,30.3,1.1,13.85,98.61
2023,10,18,2,30,0,0,0,29.6,1,14.07,111.11
2023,10,18,3,30,0,0,0,29,0.9,14.36,123.53
2023,10,18,4,30,0,0,0,28.5,0.9,14.61,135.49
2023,10,18,5,30,0,0,0,27.700000000000003,1,15.15,146.25
2023,10,18,6,30,0,0,0,26.700000000000003,1.1,16.03,154.07
2023,10,18,7,30,0,0,0,25.700000000000003,1.3,17.080000000000002,155.8
2023,10,18,8,30,0,0,0,24.6,1.3,18.46,150.34
2023,10,18,9,30,0,0,0,23.5,1.3,20.27,140.61
2023,10,18,10,30,0,0,0,22.700000000000003,1.4000000000000001,22.09,129.07
2023,10,18,11,30,0,0,0,22,1.4000000000000001,23.98,116.81
2023,10,18,12,30,0,0,0,21.400000000000002,1.4000000000000001,25.78,104.32000000000001
2023,10,18,13,30,20,3,2,22.1,1.4000000000000001,25.38,91.9
2023,10,18,14,30,527,47,141,25.400000000000002,2,21.19,79.72
2023,10,18,15,30,752,69,347,29.6,2.1,16.91,68.32000000000001
2023,10,18,16,30,854,83,535,33.2,1,13.33,58.03
2023,10,18,17,30,912,89,679,35.9,0.9,11.07,49.67
2023,10,18,18,30,940,91,763,37.4,1.5,10.34,44.39
2023,10,18,19,30,944,93,779,38.2,1.9000000000000001,9.66,43.36
2023,10,18,20,30,918,97,724,38.5,2.1,9.120000000000001,46.88
2023,10,18,21,30,859,99,603,38.400000000000006,2.3000000000000003,8.65,54.04
2023,10,18,22,30,784,85,433,37.7,2.5,8.45,63.61
2023,10,18,23,30,621,65,230,35.1,2,9.25,74.61
2023,10,19,0,30,216,25,39,31.200000000000003,1.3,11.76,86.34
2023,10,19,1,30,0,0,0,28.700000000000003,1.3,13.06,98.84
2023,10,19,2,30,0,0,0,27.900000000000002,1.3,13.21,111.35000000000001
2023,10,19,3,30,0,0,0,27.3,1.3,13.24,123.78
2023,10,19,4,30,0,0,0,26.6,1.3,13.49,135.76
2023,10,19,5,30,0,0,0,25.700000000000003,1.2000000000000002,14.370000000000001,146.55
2023,10,19,6,30,0,0,0,24.900000000000002,1.3,15.81,154.42000000000002
2023,10,19,7,30,0,0,0,24.1,1.4000000000000001,17.62,156.15
2023,10,19,8,30,0,0,0,23.3,1.7000000000000002,19.330000000000002,150.61
2023,10,19,9,30,0,0,0,22.5,2,20.740000000000002,140.82
2023,10,19,10,30,0,0,0,22.1,2.3000000000000003,20.95,129.24
2023,10,19,11,30,0,0,0,21.8,2.5,20.6,116.97
2023,10,19,12,30,0,0,0,21.5,2.6,20.31,104.48
2023,10,19,13,30,19,3,2,22.3,2.9000000000000004,18.88,92.06
2023,10,19,14,30,529,47,140,25.200000000000003,3.5,15.64,79.9
2023,10,19,15,30,759,69,347,29.1,3.3000000000000003,12.56,68.53
2023,10,19,16,30,864,82,536,33.300000000000004,2.4000000000000004,10.15,58.28
2023,10,19,17,30,910,92,677,36.800000000000004,1.7000000000000002,8.22,49.96
2023,10,19,18,30,926,100,758,38.900000000000006,1.1,7.08,44.730000000000004
2023,10,19,19,30,932,101,774,40,1.1,6.37,43.730000000000004
2023,10,19,20,30,909,103,720,40.400000000000006,1.4000000000000001,6.09,47.230000000000004
2023,10,19,21,30,854,102,599,40.300000000000004,1.5,6.05,54.370000000000005
2023,10,19,22,30,776,87,428,39.5,1.6,6.29,63.9
2023,10,19,23,30,617,64,225,36.6,1.3,7.390000000000001,74.87
2023,10,20,0,30,217,24,37,32.7,1.1,10.3,86.57000000000001
2023,10,20,1,30,0,0,0,30.5,1.3,11.21,99.08
2023,10,20,2,30,0,0,0,29.6,1.3,11.75,111.58
2023,10,20,3,30,0,0,0,28.6,1.4000000000000001,12.34,124.01
2023,10,20,4,30,0,0,0,27.1,1.4000000000000001,13.34,136.02
2023,10,20,5,30,0,0,0,25.900000000000002,1.5,14.34,146.85
2023,10,20,6,30,0,0,0,25,1.6,15.47,154.78
2023,10,20,7,30,0,0,0,24.3,1.8,16.73,156.5
2023,10,20,8,30,0,0,0,23.8,2,17.8,150.88
2023,10,20,9,30,0,0,0,23.3,2.3000000000000003,18.91,141.02
2023,10,20,10,30,0,0,0,22.900000000000002,2.5,19.84,129.41
2023,10,20,11,30,0,0,0,22.5,2.4000000000000004,20.45,117.12
2023,10,20,12,30,0,0,0,22.1,2.2,20.830000000000002,104.63
2023,10,20,13,30,12,2,2,22.700000000000003,2.2,19.990000000000002,92.22
2023,10,20,14,30,461,52,131,25.900000000000002,2.7,16.580000000000002,80.08
2023,10,20,15,30,702,80,335,30.3,3,12.93,68.74
2023,10,20,16,30,815,97,522,34,2.2,10.94,58.53
2023,10,20,17,30,891,98,668,37.1,1.4000000000000001,9.1,50.26
2023,10,20,18,30,939,92,755,39.1,0.9,7.43,45.07
2023,10,20,19,30,944,92,770,40.1,1.1,6.54,44.09
2023,10,20,20,30,922,93,715,40.5,1.5,6.21,47.58
2023,10,20,21,30,873,90,595,40.2,2,6.3,54.68
2023,10,20,22,30,797,78,425,39.300000000000004,2.2,6.67,64.18
2023,10,20,23,30,641,59,223,36.4,1.8,7.84,75.13
2023,10,21,0,30,229,23,36,32.1,1.3,10.64,86.8
2023,10,21,1,30,0,0,0,29.5,1.4000000000000001,12.35,99.3
2023,10,21,2,30,0,0,0,28.400000000000002,1.4000000000000001,13.540000000000001,111.8
2023,10,21,3,30,0,0,0,27.700000000000003,1.4000000000000001,14.76,124.25
2023,10,21,4,30,0,0,0,27.200000000000003,1.4000000000000001,15.84,136.27
2023,10,21,5,30,0,0,0,27,1.3,16.4,147.15
2023,10,21,6,30,0,0,0,26.6,1.3,16.91,155.12
2023,10,21,7,30,0,0,0,26,1.2000000000000002,17.490000000000002,156.84
2023,10,21,8,30,0,0,0,25.200000000000003,1.3,18.28,151.15
2023,10,21,9,30,0,0,0,24.1,1.3,19.41,141.23
2023,10,21,10,30,0,0,0,23.200000000000003,1.3,20.3,129.59
2023,10,21,11,30,0,0,0,22.5,1.3,20.86,117.28
2023,10,21,12,30,0,0,0,22,1.3,21.16,104.79
2023,10,21,13,30,17,3,2,22.6,1.3,20.23,92.39
2023,10,21,14,30,518,44,132,25.6,1.9000000000000001,16.89,80.26
2023,10,21,15,30,748,66,335,29.5,2.2,13.59,68.95
2023,10,21,16,30,853,78,520,32.5,1.4000000000000001,11.67,58.77
2023,10,21,17,30,908,84,661,35.300000000000004,1.4000000000000001,10.22,50.550000000000004
2023,10,21,18,30,936,88,745,37.300000000000004,2.1,9.47,45.410000000000004
2023,10,21,19,30,945,87,762,38.1,2.3000000000000003,9.15,44.45
2023,10,21,20,30,929,86,708,38.400000000000006,2.3000000000000003,8.85,47.93
2023,10,21,21,30,891,82,593,38.2,2.3000000000000003,8.68,55
2023,10,21,22,30,816,71,423,37.5,2.2,8.790000000000001,64.46000000000001
2023,10,21,23,30,662,55,222,35,1.5,9.870000000000001,75.38
2023,10,22,0,30,233,22,34,31.700000000000003,1,12.3,87.03
2023,10,22,1,30,0,0,0,30,1,13.23,99.53
2023,10,22,2,30,0,0,0,29.700000000000003,0.9,13.3,112.03
2023,10,22,3,30,0,0,0,29.3,0.8,13.52,124.48
2023,10,22,4,30,0,0,0,28.6,0.8,13.83,136.52
2023,10,22,5,30,0,0,0,27.6,0.8,14.47,147.44
2023,10,22,6,30,0,0,0,26.3,0.8,15.76,155.47
2023,10,22,7,30,0,0,0,25.1,1,17.97,157.19
2023,10,22,8,30,0,0,0,23.8,1.2000000000000002,22.5,151.42000000000002
2023,10,22,9,30,0,0,0,22.400000000000002,1.2000000000000002,29.11,141.43
2023,10,22,10,30,0,0,0,21.3,1.2000000000000002,35.89,129.76
2023,10,22,11,30,0,0,0,20.6,1.1,42.46,117.44
2023,10,22,12,30,0,0,0,20.1,1.1,48.43,104.94
2023,10,22,13,30,0,0,0,20.700000000000003,1.1,48.82,92.55
2023,10,22,14,30,429,52,123,23.6,1.7000000000000002,41.15,80.44
2023,10,22,15,30,681,80,322,27.3,2.1,32.65,69.16
2023,10,22,16,30,797,95,505,30.3,1.8,28.080000000000002,59.02
2023,10,22,17,30,874,96,648,32.800000000000004,1.8,23.240000000000002,50.85
2023,10,22,18,30,922,91,734,34.7,2,18.990000000000002,45.75
2023,10,22,19,30,925,92,748,35.9,2.2,15.99,44.800000000000004
2023,10,22,20,30,910,88,694,36.5,2.2,14.36,48.27
2023,10,22,21,30,872,82,578,36.4,2.2,13.85,55.31
2023,10,22,22,30,795,72,411,35.800000000000004,2.1,13.96,64.74
2023,10,22,23,30,634,55,212,33.9,1.4000000000000001,15.290000000000001,75.63
2023,10,23,0,30,188,20,29,31.3,0.9,18.12,87.25
2023,10,23,1,30,0,0,0,29.700000000000003,0.8,20.42,99.75
2023,10,23,2,30,0,0,0,28.8,0.7000000000000001,22.59,112.24000000000001
2023,10,23,3,30,0,0,0,27.700000000000003,0.8,25.39,124.7
2023,10,23,4,30,0,0,0,26.3,1.2000000000000002,29.22,136.76
2023,10,23,5,30,0,0,0,24.700000000000003,1.4000000000000001,34.63,147.72
2023,10,23,6,30,0,0,0,23.5,1.4000000000000001,40.51,155.81
2023,10,23,7,30,0,0,0,22.6,1.2000000000000002,45.13,157.53
2023,10,23,8,30,0,0,0,21.8,1.1,48.730000000000004,151.69
2023,10,23,9,30,0,0,0,21.200000000000003,1.1,50.620000000000005,141.64000000000001
2023,10,23,10,30,0,0,0,20.400000000000002,1.1,52.36,129.93
2023,10,23,11,30,0,0,0,19.700000000000003,1.1,54.26,117.59
2023,10,23,12,30,0,0,0,19,1.1,56.68,105.10000000000001
2023,10,23,13,30,0,0,0,19.3,1.1,55.86,92.72
2023,10,23,14,30,439,50,122,21.5,1.6,48.72,80.62
2023,10,23,15,30,694,77,322,24.6,2.1,39.09,69.37
2023,10,23,16,30,808,92,505,27.200000000000003,2.3000000000000003,29.75,59.27
2023,10,23,17,30,878,96,647,29.1,2.7,23.72,51.14
2023,10,23,18,30,921,93,732,30.400000000000002,2.9000000000000004,21.53,46.08
2023,10,23,19,30,924,94,746,31.200000000000003,3,20.650000000000002,45.15
2023,10,23,20,30,907,92,692,31.6,3,20.16,48.61
2023,10,23,21,30,863,87,574,31.5,2.9000000000000004,20.17,55.620000000000005
2023,10,23,22,30,773,78,404,30.700000000000003,3,21,65.02
2023,10,23,23,30,592,60,204,29.1,2.6,22.82,75.88
2023,10,24,0,30,142,20,26,26.3,2,26.28,87.46000000000001
2023,10,24,1,30,0,0,0,24.1,1.7000000000000002,28.85,99.97
2023,10,24,2,30,0,0,0,23.1,1.5,29.48,112.46000000000001
2023,10,24,3,30,0,0,0,22.200000000000003,1.2000000000000002,30.13,124.92
2023,10,24,4,30,0,0,0,21.8,1.1,30.04,137
2023,10,24,5,30,0,0,0,21.700000000000003,1,29.740000000000002,148
2023,10,24,6,30,0,0,0,21.6,0.8,29.76,156.15
2023,10,24,7,30,0,0,0,21.6,0.6000000000000001,29.86,157.87
2023,10,24,8,30,0,0,0,21.400000000000002,0.5,30.44,151.95000000000002
2023,10,24,9,30,0,0,0,20.8,0.6000000000000001,31.89,141.84
2023,10,24,10,30,0,0,0,20,0.7000000000000001,34.26,130.09
2023,10,24,11,30,0,0,0,19.1,0.9,37.300000000000004,117.75
2023,10,24,12,30,0,0,0,18.400000000000002,0.9,40.12,105.25
2023,10,24,13,30,0,0,0,18.5,0.9,40.79,92.88
2023,10,24,14,30,259,52,93,20.3,1,38.12,80.81
2023,10,24,15,30,668,80,313,23.400000000000002,1.5,31.59,69.58
2023,10,24,16,30,788,95,495,26.1,1.9000000000000001,26.54,59.52
2023,10,24,17,30,864,99,638,27.8,2.1,25.61,51.44
2023,10,24,18,30,908,96,722,28.900000000000002,2.1,25.02,46.410000000000004
2023,10,24,19,30,913,96,736,29.6,2.1,23.8,45.5
2023,10,24,20,30,898,92,682,29.900000000000002,2.1,22.830000000000002,48.94
2023,10,24,21,30,859,85,566,29.8,2.3000000000000003,22.36,55.92
2023,10,24,22,30,287,190,310,29.1,2.3000000000000003,22.89,65.29
2023,10,24,23,30,583,60,200,27.5,1.8,24.810000000000002,76.12
2023,10,25,0,30,28,19,20,24.900000000000002,1.1,28.69,87.67
2023,10,25,1,30,0,0,0,23.1,1,31.63,100.18
2023,10,25,2,30,0,0,0,22.5,0.9,32.28,112.67
2023,10,25,3,30,0,0,0,22,0.8,33.08,125.13000000000001
2023,10,25,4,30,0,0,0,21.3,0.7000000000000001,35.02,137.24
2023,10,25,5,30,0,0,0,20.400000000000002,0.7000000000000001,38.26,148.28
2023,10,25,6,30,0,0,0,19.200000000000003,0.8,43.32,156.48
2023,10,25,7,30,0,0,0,18.1,0.9,49.25,158.21
2023,10,25,8,30,0,0,0,17.3,1,55.26,152.21
2023,10,25,9,30,0,0,0,16.8,1.1,60.2,142.04
2023,10,25,10,30,0,0,0,16.400000000000002,1.1,64.31,130.26
2023,10,25,11,30,0,0,0,16.2,1,67.44,117.9
2023,10,25,12,30,0,0,0,16,1,70.15,105.41
2023,10,25,13,30,0,0,0,16.7,1.1,68.54,93.05
2023,10,25,14,30,462,44,116,19.1,1.7000000000000002,60.01,80.99
2023,10,25,15,30,712,67,313,22,2.2,51.25,69.79
2023,10,25,16,30,822,80,494,24.3,2.2,44.33,59.77
2023,10,25,17,30,886,84,633,26.200000000000003,2.2,38.230000000000004,51.730000000000004
2023,10,25,18,30,920,86,716,27.700000000000003,2.3000000000000003,33.14,46.74
2023,10,25,19,30,925,86,730,28.700000000000003,2.6,30.080000000000002,45.85
2023,10,25,20,30,905,86,677,29.200000000000003,2.7,28.21,49.27
2023,10,25,21,30,853,85,559,29.200000000000003,2.7,27.25,56.22
2023,10,25,22,30,769,75,393,28.6,2.5,27.43,65.55
2023,10,25,23,30,590,57,196,27.1,1.7000000000000002,29.400000000000002,76.36
2023,10,26,0,30,138,18,23,25,1,33.34,87.88
2023,10,26,1,30,0,0,0,23.900000000000002,0.7000000000000001,36.19,100.39
2023,10,26,2,30,0,0,0,23.6,0.5,37.6,112.87
2023,10,26,3,30,0,0,0,23.1,0.5,39.28,125.34
2023,10,26,4,30,0,0,0,22.400000000000002,0.6000000000000001,41.37,137.47
2023,10,26,5,30,0,0,0,21.5,0.7000000000000001,44.24,148.55
2023,10,26,6,30,0,0,0,20.6,0.7000000000000001,47.46,156.81
2023,10,26,7,30,0,0,0,19.900000000000002,0.7000000000000001,50.480000000000004,158.54
2023,10,26,8,30,0,0,0,19.5,0.7000000000000001,52.72,152.47
2023,10,26,9,30,0,0,0,19.3,0.7000000000000001,54.300000000000004,142.24
2023,10,26,10,30,0,0,0,19.200000000000003,0.6000000000000001,55.44,130.43
2023,10,26,11,30,0,0,0,18.900000000000002,0.6000000000000001,57.25,118.06
2023,10,26,12,30,0,0,0,18.7,0.5,58.52,105.56
2023,10,26,13,30,0,0,0,18.900000000000002,0.5,58.21,93.22
2023,10,26,14,30,439,44,111,20.5,0.7000000000000001,53.01,81.17
2023,10,26,15,30,694,69,306,23.200000000000003,1.4000000000000001,46.67,70
2023,10,26,16,30,806,83,486,25.5,2.2,41.31,60.02
2023,10,26,17,30,872,89,626,27.1,2.6,36.37,52.02
2023,10,26,18,30,905,90,706,28.3,2.8000000000000003,32.14,47.07
2023,10,26,19,30,681,194,665,28.6,2.8000000000000003,29.72,46.19
2023,10,26,20,30,545,207,560,28.200000000000003,2.7,28.86,49.6
2023,10,26,21,30,199,271,381,27.700000000000003,2.3000000000000003,28.68,56.52
2023,10,26,22,30,152,164,226,27.200000000000003,1.7000000000000002,28.95,65.82000000000001
2023,10,26,23,30,141,104,137,26,1,30.810000000000002,76.59
2023,10,27,0,30,2,15,15,24.8,0.5,33.26,88.08
2023,10,27,1,30,0,0,0,24,0.4,35.050000000000004,100.59
2023,10,27,2,30,0,0,0,23.400000000000002,0.5,36.5,113.07000000000001
2023,10,27,3,30,0,0,0,22.6,0.7000000000000001,38.46,125.55
2023,10,27,4,30,0,0,0,21.900000000000002,0.9,40.35,137.69
2023,10,27,5,30,0,0,0,21,1,42.81,148.81
2023,10,27,6,30,0,0,0,20,1.1,45.730000000000004,157.13
2023,10,27,7,30,0,0,0,19.3,1.2000000000000002,47.93,158.87
2023,10,27,8,30,0,0,0,18.7,1.2000000000000002,49.9,152.73
2023,10,27,9,30,0,0,0,18.2,1.2000000000000002,51.52,142.43
2023,10,27,10,30,0,0,0,17.7,1.2000000000000002,53.06,130.6
2023,10,27,11,30,0,0,0,17.3,1.3,54.410000000000004,118.22
2023,10,27,12,30,0,0,0,16.900000000000002,1.3,55.76,105.72
2023,10,27,13,30,0,0,0,17.3,1.4000000000000001,54.300000000000004,93.38
2023,10,27,14,30,463,42,112,19.8,2.2,46.42,81.36
2023,10,27,15,30,718,65,308,23.6,2.4000000000000004,37.14,70.22
2023,10,27,16,30,833,77,490,26.6,2.1,30.44,60.27
2023,10,27,17,30,895,82,629,28.6,2.3000000000000003,26.060000000000002,52.31
2023,10,27,18,30,930,82,711,29.8,2.5,23.37,47.4
2023,10,27,19,30,934,82,725,30.6,2.6,21.26,46.53
2023,10,27,20,30,923,78,672,31,2.5,19.68,49.92
2023,10,27,21,30,889,71,558,31,2.3000000000000003,18.580000000000002,56.81
2023,10,27,22,30,810,62,390,30.400000000000002,2,18.63,66.08
2023,10,27,23,30,643,47,194,28.6,1.3,20.330000000000002,76.82000000000001
2023,10,28,0,30,158,15,20,26.400000000000002,0.8,23.41,88.28
2023,10,28,1,30,0,0,0,25,0.7000000000000001,25.52,100.79
2023,10,28,2,30,0,0,0,24.3,0.7000000000000001,26.98,113.26
2023,10,28,3,30,0,0,0,23.8,0.6000000000000001,28.18,125.75
2023,10,28,4,30,0,0,0,23.400000000000002,0.5,29.22,137.91
2023,10,28,5,30,0,0,0,22.5,0.6000000000000001,31.28,149.07
2023,10,28,6,30,0,0,0,21.200000000000003,0.8,34.47,157.45000000000002
2023,10,28,7,30,0,0,0,20.200000000000003,1,37.71,159.20000000000002
2023,10,28,8,30,0,0,0,19.400000000000002,1,41.1,152.98
2023,10,28,9,30,0,0,0,18.7,1,44.480000000000004,142.63
2023,10,28,10,30,0,0,0,18.3,1,47.02,130.76
2023,10,28,11,30,0,0,0,18,0.9,49.18,118.37
2023,10,28,12,30,0,0,0,17.6,1,51.75,105.88
2023,10,28,13,30,0,0,0,17.3,1,54.47,93.55
2023,10,28,14,30,479,41,111,19.1,1.6,50.45,81.54
2023,10,28,15,30,735,63,309,22.5,2.2,41.980000000000004,70.43
2023,10,28,16,30,846,75,491,25.200000000000003,2.5,35.27,60.52
2023,10,28,17,30,904,81,630,27.1,3,29.96,52.6
2023,10,28,18,30,936,82,712,28.400000000000002,3.5,26.26,47.72
2023,10,28,19,30,940,82,725,29.3,3.8000000000000003,23.86,46.87
2023,10,28,20,30,922,81,671,29.700000000000003,4.1000000000000005,22.5,50.24
2023,10,28,21,30,878,77,554,29.6,4.1000000000000005,22.11,57.1
2023,10,28,22,30,792,69,387,28.900000000000002,4,22.53,66.33
2023,10,28,23,30,610,52,189,27,2.9000000000000004,24.48,77.05
2023,10,29,0,30,125,15,18,23.8,1.7000000000000002,28.71,88.47
2023,10,29,1,30,0,0,0,21.6,1.3,30.87,100.98
2023,10,29,2,30,0,0,0,20.5,1.3,29.42,113.45
2023,10,29,3,30,0,0,0,19.5,1.3,26.53,125.94
2023,10,29,4,30,0,0,0,18.5,1.3,23.54,138.12
2023,10,29,5,30,0,0,0,17.7,1.3,21.47,149.32
2023,10,29,6,30,0,0,0,17,1.3,20.53,157.76
2023,10,29,7,30,0,0,0,16.6,1.2000000000000002,20.52,159.52
2023,10,29,8,30,0,0,0,16.2,1.2000000000000002,21.650000000000002,153.23
2023,10,29,9,30,0,0,0,15.8,1.1,23.55,142.82
2023,10,29,10,30,0,0,0,15.200000000000001,1,26.18,130.93
2023,10,29,11,30,0,0,0,14.4,1,29.59,118.53
2023,10,29,12,30,0,0,0,13.600000000000001,1,33.62,106.04
2023,10,29,13,30,0,0,0,13.700000000000001,1.4000000000000001,35.67,93.72
2023,10,29,14,30,498,41,113,15.600000000000001,2.3000000000000003,33.2,81.73
2023,10,29,15,30,759,64,316,19,2.6,26.740000000000002,70.64
2023,10,29,16,30,877,77,505,22.400000000000002,1.5,19.080000000000002,60.77
2023,10,29,17,30,933,84,647,24.8,1.1,14.65,52.89
2023,10,29,18,30,963,88,732,26.1,1.9000000000000001,12.14,48.04
2023,10,29,19,30,969,89,747,26.8,2.4000000000000004,10.68,47.2
2023,10,29,20,30,956,86,693,27,2.6,9.790000000000001,50.56
2023,10,29,21,30,924,79,577,26.700000000000003,2.5,9.26,57.38
2023,10,29,22,30,846,68,404,25.900000000000002,2.2,9.14,66.58
2023,10,29,23,30,671,50,198,23.6,1.5,10,77.27
2023,10,30,0,30,154,15,19,20.5,1.1,12.530000000000001,88.65
2023,10,30,1,30,0,0,0,19,1,12.870000000000001,101.17
2023,10,30,2,30,0,0,0,17.7,1,13.530000000000001,113.64
2023,10,30,3,30,0,0,0,16.400000000000002,1.2000000000000002,14.75,126.13000000000001
2023,10,30,4,30,0,0,0,15.600000000000001,1.6,15.94,138.32
2023,10,30,5,30,0,0,0,14.9,2.4000000000000004,17.18,149.56
2023,10,30,6,30,0,0,0,14.4,3.4000000000000004,17.92,158.07
2023,10,30,7,30,0,0,0,13.9,3.9000000000000004,18.28,159.84
2023,10,30,8,30,0,0,0,13.4,4.1000000000000005,18.330000000000002,153.48
2023,10,30,9,30,0,0,0,13.100000000000001,4,18.06,143.02
2023,10,30,10,30,0,0,0,12.8,4,17.96,131.1
2023,10,30,11,30,0,0,0,12.5,3.9000000000000004,18.1,118.68
2023,10,30,12,30,0,0,0,12.3,3.7,18.31,106.2
2023,10,30,13,30,0,0,0,12.5,3.7,18.73,93.89
2023,10,30,14,30,518,40,113,14.4,4.1000000000000005,18.150000000000002,81.91
2023,10,30,15,30,759,64,313,17.900000000000002,4.7,17.64,70.86
2023,10,30,16,30,864,79,498,21.200000000000003,4.800000000000001,21.92,61.02
2023,10,30,17,30,928,85,641,23.700000000000003,4.1000000000000005,20.84,53.17
2023,10,30,18,30,965,83,724,25.6,3.2,17.57,48.36
2023,10,30,19,30,969,83,737,26.900000000000002,2.3000000000000003,14.9,47.53
2023,10,30,20,30,946,84,681,27.6,1.6,13.21,50.870000000000005
2023,10,30,21,30,895,81,560,27.700000000000003,1.1,12.23,57.660000000000004
2023,10,30,22,30,815,69,390,27.200000000000003,0.8,11.83,66.83
2023,10,30,23,30,639,52,190,25.3,0.5,12.52,77.49
2023,10,31,0,30,137,14,17,22.900000000000002,0.30000000000000004,14.96,88.83
2023,10,31,1,30,0,0,0,20.700000000000003,0.6000000000000001,16.28,101.36
2023,10,31,2,30,0,0,0,18.5,1,17.77,113.81
2023,10,31,3,30,0,0,0,16.7,1.3,18.740000000000002,126.31
2023,10,31,4,30,0,0,0,15.600000000000001,1.7000000000000002,19.53,138.52
2023,10,31,5,30,0,0,0,14.8,2,20.48,149.8
2023,10,31,6,30,0,0,0,14.100000000000001,2.2,21,158.37
2023,10,31,7,30,0,0,0,13.3,2.3000000000000003,21.07,160.16
2023,10,31,8,30,0,0,0,12.600000000000001,2.3000000000000003,20.830000000000002,153.73
2023,10,31,9,30,0,0,0,12.100000000000001,2.2,20.44,143.21
2023,10,31,10,30,0,0,0,11.8,2.1,19.87,131.26
2023,10,31,11,30,0,0,0,11.600000000000001,2.2,19.41,118.84
2023,10,31,12,30,0,0,0,11.5,2.5,19.03,106.35000000000001
2023,10,31,13,30,0,0,0,12,3.1,18.27,94.06
2023,10,31,14,30,557,36,113,14,3.9000000000000004,16.3,82.10000000000001
2023,10,31,15,30,808,57,319,17.6,4.3,13.64,71.07000000000001
2023,10,31,16,30,913,67,506,21.3,4.4,13.1,61.26
2023,10,31,17,30,960,75,647,24.1,4.3,11.53,53.46
2023,10,31,18,30,977,82,727,26.1,4,9.58,48.68
2023,10,31,19,30,979,83,740,27.5,3.7,8.6,47.85
2023,10,31,20,30,962,81,684,28.200000000000003,3.5,8.24,51.18
2023,10,31,21,30,919,76,564,28.400000000000002,3.3000000000000003,8.21,57.93
2023,10,31,22,30,834,67,392,27.8,2.9000000000000004,8.61,67.07000000000001
2023,10,31,23,30,648,50,188,25,1.9000000000000001,10.35,77.7
2023,11,1,0,30,114,12,14,21.400000000000002,1.3,13.89,89
2023,11,1,1,30,0,0,0,19.400000000000002,1.6,15.92,101.54
2023,11,1,2,30,0,0,0,18.2,1.8,17.25,113.99000000000001
2023,11,1,3,30,0,0,0,17.1,1.9000000000000001,18.25,126.49000000000001
2023,11,1,4,30,0,0,0,16.2,2,18.77,138.72
2023,11,1,5,30,0,0,0,15.4,2.1,19.18,150.04
2023,11,1,6,30,0,0,0,14.8,2.2,19.35,158.67000000000002
2023,11,1,7,30,0,0,0,14.200000000000001,2.3000000000000003,19.59,160.47
2023,11,1,8,30,0,0,0,13.700000000000001,2.4000000000000004,19.86,153.97
2023,11,1,9,30,0,0,0,13.3,2.4000000000000004,19.97,143.4
2023,11,1,10,30,0,0,0,13,2.4000000000000004,19.82,131.42000000000002
2023,11,1,11,30,0,0,0,12.8,2.5,19.67,119
2023,11,1,12,30,0,0,0,12.600000000000001,2.6,19.6,106.51
2023,11,1,13,30,0,0,0,12.9,2.6,19.080000000000002,94.23
2023,11,1,14,30,311,55,97,15.5,3.4000000000000004,16.16,82.28
2023,11,1,15,30,784,61,312,19.200000000000003,4.800000000000001,13.200000000000001,71.29
2023,11,1,16,30,894,73,499,22.1,5.2,13.22,61.51
2023,11,1,17,30,953,78,642,24.6,4.6000000000000005,12.46,53.74
2023,11,1,18,30,984,78,724,26.6,3.8000000000000003,11.27,48.99
2023,11,1,19,30,987,80,738,28.1,3.1,10.52,48.17
2023,11,1,20,30,955,82,677,28.8,2.4000000000000004,10.19,51.480000000000004
2023,11,1,21,30,900,82,556,28.900000000000002,1.9000000000000001,10.07,58.2
2023,11,1,22,30,818,70,386,28.200000000000003,1.4000000000000001,10.32,67.31
2023,11,1,23,30,570,63,182,26.1,0.8,11.67,77.91
2023,11,2,0,30,8,9,9,23.900000000000002,0.4,14.26,89.18
2023,11,2,1,30,0,0,0,22.700000000000003,0.6000000000000001,14.82,101.71000000000001
2023,11,2,2,30,0,0,0,21.200000000000003,1,16.2,114.16
2023,11,2,3,30,0,0,0,19.3,1.3,18.06,126.66
2023,11,2,4,30,0,0,0,17.7,1.4000000000000001,19.66,138.9
2023,11,2,5,30,0,0,0,16.6,1.4000000000000001,20.93,150.26
2023,11,2,6,30,0,0,0,15.8,1.4000000000000001,22.11,158.96
2023,11,2,7,30,0,0,0,15.100000000000001,1.5,23.44,160.79
2023,11,2,8,30,0,0,0,14.4,1.5,24.91,154.21
2023,11,2,9,30,0,0,0,13.9,1.6,25.89,143.59
2023,11,2,10,30,0,0,0,13.5,1.6,26.35,131.59
2023,11,2,11,30,0,0,0,13.100000000000001,1.7000000000000002,26.6,119.15
2023,11,2,12,30,0,0,0,12.9,1.7000000000000002,26.44,106.67
2023,11,2,13,30,0,0,0,13.200000000000001,1.7000000000000002,25.490000000000002,94.4
2023,11,2,14,30,469,40,101,16.1,2.2,20.89,82.47
2023,11,2,15,30,741,66,301,20.3,2.6,16.12,71.5
2023,11,2,16,30,857,80,486,23.900000000000002,2.3000000000000003,13.93,61.76
2023,11,2,17,30,930,84,630,26.700000000000003,1.8,12.57,54.03
2023,11,2,18,30,975,78,714,28.6,1.4000000000000001,11.120000000000001,49.300000000000004
2023,11,2,19,30,980,79,728,29.700000000000003,1.2000000000000002,9.96,48.49
2023,11,2,20,30,944,84,668,30.3,1.2000000000000002,9.1,51.78
2023,11,2,21,30,874,87,544,30.3,1.3,8.67,58.47
2023,11,2,22,30,787,74,375,29.5,1.2000000000000002,8.76,67.54
2023,11,2,23,30,597,53,176,26.700000000000003,1.1,10.370000000000001,78.12
2023,11,3,0,30,92,11,12,23.3,1.1,13.51,89.34
2023,11,3,1,30,0,0,0,21.700000000000003,1.3,14.24,101.88
2023,11,3,2,30,0,0,0,20.700000000000003,1.3,15.01,114.32000000000001
2023,11,3,3,30,0,0,0,19.6,1.4000000000000001,15.92,126.82000000000001
2023,11,3,4,30,0,0,0,18.7,1.4000000000000001,16.63,139.08
2023,11,3,5,30,0,0,0,18,1.4000000000000001,17.07,150.48
2023,11,3,6,30,0,0,0,17.5,1.4000000000000001,17.27,159.25
2023,11,3,7,30,0,0,0,16.7,1.5,17.92,161.09
2023,11,3,8,30,0,0,0,15.9,1.5,18.75,154.45000000000002
2023,11,3,9,30,0,0,0,15,1.5,19.94,143.77
2023,11,3,10,30,0,0,0,14.3,1.5,21.01,131.75
2023,11,3,11,30,0,0,0,13.8,1.6,21.76,119.31
2023,11,3,12,30,0,0,0,13.4,1.6,22.28,106.83
2023,11,3,13,30,0,0,0,13.600000000000001,1.7000000000000002,22,94.57000000000001
2023,11,3,14,30,476,38,99,16.6,2.2,18.29,82.66
2023,11,3,15,30,752,63,299,21,2.5,14.19,71.72
2023,11,3,16,30,869,77,485,24.700000000000003,2.1,11.46,62.01
2023,11,3,17,30,928,84,625,27.700000000000003,1.4000000000000001,9.53,54.31
2023,11,3,18,30,956,87,706,29.700000000000003,1.1,8.290000000000001,49.61
2023,11,3,19,30,961,87,720,30.900000000000002,1.2000000000000002,7.5,48.800000000000004
2023,11,3,20,30,935,88,663,31.3,1.5,7.11,52.07
2023,11,3,21,30,879,86,542,31.3,1.6,6.9,58.730000000000004
2023,11,3,22,30,789,74,372,30.400000000000002,1.5,7.15,67.77
2023,11,3,23,30,593,52,172,27.3,1.2000000000000002,8.91,78.32000000000001
2023,11,4,0,30,85,10,11,23.700000000000003,1.2000000000000002,11.84,89.49
2023,11,4,1,30,0,0,0,22.1,1.3,12.66,102.05
2023,11,4,2,30,0,0,0,21.1,1.4000000000000001,13.41,114.48
2023,11,4,3,30,0,0,0,20.1,1.4000000000000001,14.08,126.98
2023,11,4,4,30,0,0,0,19.3,1.5,14.42,139.26
2023,11,4,5,30,0,0,0,18.900000000000002,1.5,14.35,150.69
2023,11,4,6,30,0,0,0,19,1.4000000000000001,13.92,159.53
2023,11,4,7,30,0,0,0,18.8,1.4000000000000001,13.93,161.4
2023,11,4,8,30,0,0,0,18.1,1.4000000000000001,14.55,154.69
2023,11,4,9,30,0,0,0,16.8,1.5,15.97,143.96
2023,11,4,10,30,0,0,0,15.5,1.5,17.59,131.92000000000002
2023,11,4,11,30,0,0,0,14.5,1.5,18.87,119.47
2023,11,4,12,30,0,0,0,13.9,1.6,19.52,106.99000000000001
2023,11,4,13,30,0,0,0,14,1.7000000000000002,19.12,94.74
2023,11,4,14,30,411,42,93,17,2.3000000000000003,15.52,82.85000000000001
2023,11,4,15,30,701,73,290,21.3,2.9000000000000004,11.83,71.93
2023,11,4,16,30,829,89,475,24.900000000000002,2.4000000000000004,9.8,62.25
2023,11,4,17,30,893,97,615,28.3,1.7000000000000002,8.290000000000001,54.58
2023,11,4,18,30,922,102,696,30.8,1.2000000000000002,7.0600000000000005,49.910000000000004
2023,11,4,19,30,927,103,710,32.4,1.1,6.2,49.11
2023,11,4,20,30,894,105,651,33.1,1.5,5.78,52.36
2023,11,4,21,30,826,103,529,33,1.8,5.66,58.99
2023,11,4,22,30,730,86,360,31.8,1.7000000000000002,5.93,67.99
2023,11,4,23,30,525,59,164,28.1,1.3,7.76,78.51
2023,11,5,0,30,63,9,9,24.5,1.2000000000000002,9.950000000000001,89.65
2023,11,5,1,30,0,0,0,23.5,1.3,10.23,102.21000000000001
2023,11,5,2,30,0,0,0,22.6,1.3,10.71,114.63
2023,11,5,3,30,0,0,0,21.1,1.5,11.57,127.13000000000001
2023,11,5,4,30,0,0,0,19.700000000000003,1.5,12.46,139.43
2023,11,5,5,30,0,0,0,18.900000000000002,1.6,13.13,150.9
2023,11,5,6,30,0,0,0,18.400000000000002,1.5,13.82,159.8
2023,11,5,7,30,0,0,0,17.900000000000002,1.5,14.700000000000001,161.70000000000002
2023,11,5,8,30,0,0,0,17.400000000000002,1.5,15.67,154.92000000000002
2023,11,5,9,30,0,0,0,16.900000000000002,1.6,16.7,144.14000000000001
2023,11,5,10,30,0,0,0,16.400000000000002,1.6,17.71,132.08
2023,11,5,11,30,0,0,0,16,1.7000000000000002,18.6,119.62
2023,11,5,12,30,0,0,0,15.8,1.7000000000000002,19.21,107.16
2023,11,5,13,30,0,0,0,16.1,1.8,19.03,94.92
2023,11,5,14,30,432,38,90,19,2.4000000000000004,15.99,83.04
2023,11,5,15,30,718,63,283,23.3,3,12.49,72.15
2023,11,5,16,30,840,76,464,27,2.6,10.5,62.5
2023,11,5,17,30,894,84,599,30.1,1.8,9.41,54.86
2023,11,5,18,30,917,90,677,32.4,1.6,8.22,50.21
2023,11,5,19,30,922,90,690,33.7,2.1,8.03,49.410000000000004
2023,11,5,20,30,901,89,636,34.2,2.2,8.51,52.64
2023,11,5,21,30,854,83,520,34.1,2,9.24,59.24
2023,11,5,22,30,765,70,354,33.2,1.4000000000000001,10.33,68.21000000000001
2023,11,5,23,30,574,50,162,31.1,0.8,12.540000000000001,78.7
2023,11,6,0,30,77,9,9,28.8,0.6000000000000001,14.43,89.8
2023,11,6,1,30,0,0,0,27.3,0.9,15.15,102.36
2023,11,6,2,30,0,0,0,26.1,1,15.96,114.78
2023,11,6,3,30,0,0,0,25.400000000000002,1,16.39,127.28
2023,11,6,4,30,0,0,0,24.900000000000002,0.9,16.68,139.59
2023,11,6,5,30,0,0,0,24.3,0.8,17.18,151.1
2023,11,6,6,30,0,0,0,23.700000000000003,0.7000000000000001,17.77,160.07
2023,11,6,7,30,0,0,0,23,0.8,18.56,162
2023,11,6,8,30,0,0,0,22.200000000000003,0.8,19.56,155.16
2023,11,6,9,30,0,0,0,21.400000000000002,0.9,20.68,144.33
2023,11,6,10,30,0,0,0,20.400000000000002,1.1,22.29,132.24
2023,11,6,11,30,0,0,0,19.400000000000002,1.2000000000000002,24.41,119.78
2023,11,6,12,30,0,0,0,18.6,1.2000000000000002,26.94,107.32000000000001
2023,11,6,13,30,0,0,0,18.1,1.2000000000000002,29.27,95.09
2023,11,6,14,30,462,33,88,20.1,1.5,27.060000000000002,83.22
2023,11,6,15,30,741,55,280,23.6,1.9000000000000001,22.97,72.36
2023,11,6,16,30,859,67,460,27.200000000000003,2,18.900000000000002,62.74
2023,11,6,17,30,920,71,597,30.400000000000002,2.2,14.74,55.13
2023,11,6,18,30,950,73,677,32.300000000000004,2.5,14.11,50.5
2023,11,6,19,30,956,74,692,33.300000000000004,2.7,13.71,49.71
2023,11,6,20,30,931,76,637,33.800000000000004,2.7,13.22,52.92
2023,11,6,21,30,874,75,519,33.7,2.6,12.950000000000001,59.480000000000004
2023,11,6,22,30,779,66,353,32.800000000000004,2,13.23,68.42
2023,11,6,23,30,575,48,159,30.5,1.2000000000000002,14.870000000000001,78.88
2023,11,7,0,30,56,7,7,28.3,0.6000000000000001,16.84,89.94
2023,11,7,1,30,0,0,0,27.200000000000003,0.30000000000000004,17.73,102.51
2023,11,7,2,30,0,0,0,26.200000000000003,0.30000000000000004,18.8,114.92
2023,11,7,3,30,0,0,0,24.8,0.6000000000000001,20.400000000000002,127.42
2023,11,7,4,30,0,0,0,23.400000000000002,1,22.07,139.74
2023,11,7,5,30,0,0,0,22.1,1.2000000000000002,23.69,151.29
2023,11,7,6,30,0,0,0,20.900000000000002,1.3,25.38,160.33
2023,11,7,7,30,0,0,0,19.8,1.3,27.38,162.29
2023,11,7,8,30,0,0,0,18.6,1.3,30.13,155.38
2023,11,7,9,30,0,0,0,17.6,1.3,32.89,144.51
2023,11,7,10,30,0,0,0,16.900000000000002,1.3,35.11,132.4
2023,11,7,11,30,0,0,0,16.3,1.4000000000000001,36.99,119.94
2023,11,7,12,30,0,0,0,16,1.4000000000000001,37.87,107.48
2023,11,7,13,30,0,0,0,16.2,1.4000000000000001,37.36,95.26
2023,11,7,14,30,466,34,87,18.8,1.8,31.740000000000002,83.41
2023,11,7,15,30,752,56,281,22.900000000000002,2.4000000000000004,25.04,72.57000000000001
2023,11,7,16,30,869,67,462,25.900000000000002,2.6,21.84,62.980000000000004
2023,11,7,17,30,927,74,600,28.5,2.8000000000000003,18.73,55.410000000000004
2023,11,7,18,30,955,75,679,30.3,3.1,16.04,50.800000000000004
2023,11,7,19,30,961,77,695,31.400000000000002,3.5,14.09,50
2023,11,7,20,30,942,77,641,31.8,3.8000000000000003,13.02,53.19
2023,11,7,21,30,896,72,524,31.6,3.9000000000000004,12.76,59.72
2023,11,7,22,30,807,63,357,30.8,3.6,13.06,68.63
2023,11,7,23,30,609,45,161,27.700000000000003,2.4000000000000004,15.35,79.06
2023,11,8,0,30,62,7,7,23.8,1.5,19.22,90.07000000000001
2023,11,8,1,30,0,0,0,21.700000000000003,1.6,21.31,102.65
2023,11,8,2,30,0,0,0,20.400000000000002,1.6,22.48,115.05
2023,11,8,3,30,0,0,0,19.200000000000003,1.5,23.47,127.56
2023,11,8,4,30,0,0,0,18.3,1.4000000000000001,24.04,139.89000000000001
2023,11,8,5,30,0,0,0,17.7,1.3,24.53,151.47
2023,11,8,6,30,0,0,0,17.3,1.2000000000000002,24.97,160.59
2023,11,8,7,30,0,0,0,16.8,1.1,25.78,162.58
2023,11,8,8,30,0,0,0,16,1.1,27.45,155.61
2023,11,8,9,30,0,0,0,15.3,1,29.61,144.69
2023,11,8,10,30,0,0,0,14.8,0.8,32.2,132.57
2023,11,8,11,30,0,0,0,14.200000000000001,0.6000000000000001,35.25,120.10000000000001
2023,11,8,12,30,0,0,0,13.700000000000001,0.6000000000000001,37.910000000000004,107.64
2023,11,8,13,30,0,0,0,13.4,0.7000000000000001,39.57,95.43
2023,11,8,14,30,404,36,81,15.3,1.1,35.43,83.60000000000001
2023,11,8,15,30,712,63,274,18.7,1.4000000000000001,29,72.78
2023,11,8,16,30,843,77,457,21.8,1.5,23.45,63.22
2023,11,8,17,30,912,84,598,24.200000000000003,1.9000000000000001,18.85,55.67
2023,11,8,18,30,949,84,680,25.700000000000003,2.4000000000000004,15.73,51.09
2023,11,8,19,30,961,84,698,26.400000000000002,2.7,13.65,50.29
2023,11,8,20,30,938,84,642,26.700000000000003,2.9000000000000004,12.07,53.46
2023,11,8,21,30,884,81,524,26.400000000000002,2.8000000000000003,11.07,59.95
2023,11,8,22,30,792,70,356,25.6,2.5,10.64,68.83
2023,11,8,23,30,582,50,159,22.8,1.6,11.99,79.23
2023,11,9,0,30,50,6,6,19.5,1.1,14.950000000000001,90.18
2023,11,9,1,30,0,0,0,18,1.2000000000000002,16.29,102.79
2023,11,9,2,30,0,0,0,17.5,1.1,16.87,115.18
2023,11,9,3,30,0,0,0,17.2,0.8,17.26,127.69
2023,11,9,4,30,0,0,0,16.5,0.6000000000000001,18.13,140.03
2023,11,9,5,30,0,0,0,15.4,0.8,19.64,151.65
2023,11,9,6,30,0,0,0,14.100000000000001,0.9,21.82,160.84
2023,11,9,7,30,0,0,0,13.200000000000001,1.1,23.8,162.86
2023,11,9,8,30,0,0,0,12.700000000000001,1.4000000000000001,25.22,155.84
2023,11,9,9,30,0,0,0,12.3,1.6,26.080000000000002,144.87
2023,11,9,10,30,0,0,0,12,1.8,26.28,132.73
2023,11,9,11,30,0,0,0,11.700000000000001,1.9000000000000001,26.45,120.25
2023,11,9,12,30,0,0,0,11.5,2.1,26.64,107.8
2023,11,9,13,30,0,0,0,11.700000000000001,2.3000000000000003,26.34,95.61
2023,11,9,14,30,427,36,82,13.5,2.9000000000000004,23.56,83.78
2023,11,9,15,30,733,62,276,17,3.1,19.11,73
2023,11,9,16,30,856,76,458,20.700000000000003,2.3000000000000003,15.65,63.46
2023,11,9,17,30,919,82,597,23.3,1.1,13.66,55.94
2023,11,9,18,30,949,86,678,24.700000000000003,0.6000000000000001,12.49,51.370000000000005
2023,11,9,19,30,955,85,692,25.5,0.9,11.700000000000001,50.57
2023,11,9,20,30,940,82,638,25.900000000000002,1.4000000000000001,11.16,53.72
2023,11,9,21,30,897,75,521,25.900000000000002,1.9000000000000001,10.92,60.18
2023,11,9,22,30,803,64,352,25.200000000000003,2,11.200000000000001,69.02
2023,11,9,23,30,605,45,156,22.5,1.5,13.030000000000001,79.4
2023,11,10,0,30,61,7,6,19.1,1.1,16.2,90.89
2023,11,10,1,30,0,0,0,17.3,1.2000000000000002,17.35,102.92
2023,11,10,2,30,0,0,0,16.400000000000002,1.2000000000000002,17.18,115.3
2023,11,10,3,30,0,0,0,15.8,1.4000000000000001,16.55,127.81
2023,11,10,4,30,0,0,0,15.5,1.8,16.13,140.17000000000002
2023,11,10,5,30,0,0,0,14.9,2.3000000000000003,16.740000000000002,151.82
2023,11,10,6,30,0,0,0,14.100000000000001,2.8000000000000003,17.87,161.08
2023,11,10,7,30,0,0,0,13.200000000000001,3.2,19.12,163.15
2023,11,10,8,30,0,0,0,12.5,3.2,20.06,156.06
2023,11,10,9,30,0,0,0,12,3,20.76,145.05
2023,11,10,10,30,0,0,0,11.600000000000001,2.5,22.25,132.89000000000001
2023,11,10,11,30,0,0,0,11.200000000000001,2,25.17,120.41
2023,11,10,12,30,0,0,0,10.8,1.8,28.2,107.96000000000001
2023,11,10,13,30,0,0,0,10.8,1.7000000000000002,30.04,95.78
2023,11,10,14,30,455,32,80,12.9,2.3000000000000003,27.69,83.97
2023,11,10,15,30,752,57,274,16.6,2.7,23.42,73.21000000000001
2023,11,10,16,30,869,70,455,20.1,2,21.61,63.7
2023,11,10,17,30,922,79,592,22.5,1.3,19.64,56.2
2023,11,10,18,30,944,84,670,23.900000000000002,0.7000000000000001,17.43,51.65
2023,11,10,19,30,948,85,684,24.8,0.6000000000000001,15.22,50.85
2023,11,10,20,30,936,82,632,25.200000000000003,0.8,13.85,53.980000000000004
2023,11,10,21,30,891,76,516,25.200000000000003,0.9,13.31,60.410000000000004
2023,11,10,22,30,795,66,348,24.6,0.9,13.48,69.21000000000001
2023,11,10,23,30,573,47,151,22.3,0.9,15.33,79.56
2023,11,11,0,30,0,4,4,19.400000000000002,1,18.28,91.03
2023,11,11,1,30,0,0,0,18,1.2000000000000002,18.87,103.05
2023,11,11,2,30,0,0,0,17.3,1.2000000000000002,18.84,115.42
2023,11,11,3,30,0,0,0,16.400000000000002,1.3,19.28,127.93
2023,11,11,4,30,0,0,0,15.600000000000001,1.3,19.85,140.3
2023,11,11,5,30,0,0,0,15.200000000000001,1.3,20.22,151.98
2023,11,11,6,30,0,0,0,14.8,1.3,21.28,161.31
2023,11,11,7,30,0,0,0,14,1.3,24.25,163.42000000000002
2023,11,11,8,30,0,0,0,13.200000000000001,1.5,29.3,156.28
2023,11,11,9,30,0,0,0,12.9,1.6,35.26,145.23
2023,11,11,10,30,0,0,0,12.8,1.7000000000000002,40.84,133.05
2023,11,11,11,30,0,0,0,12.600000000000001,1.7000000000000002,44.97,120.57000000000001
2023,11,11,12,30,0,0,0,12.4,1.6,47.1,108.13
2023,11,11,13,30,0,0,0,12.600000000000001,1.4000000000000001,46.76,95.96000000000001
2023,11,11,14,30,368,35,72,15,1.8,39.75,84.16
2023,11,11,15,30,681,63,257,18.8,2.5,30.79,73.42
2023,11,11,16,30,813,78,435,21.700000000000003,2.9000000000000004,30.34,63.93
2023,11,11,17,30,884,83,571,23.8,2.6,28.03,56.47
2023,11,11,18,30,926,83,654,25.3,2.1,24.400000000000002,51.93
2023,11,11,19,30,933,82,668,26.400000000000002,1.6,21.2,51.13
2023,11,11,20,30,916,82,617,27,1.1,18.89,54.230000000000004
2023,11,11,21,30,869,76,502,27.1,0.8,17.45,60.63
2023,11,11,22,30,786,63,340,26.5,0.6000000000000001,16.9,69.4
2023,11,11,23,30,589,44,149,24.200000000000003,0.6000000000000001,18.490000000000002,79.72
2023,11,12,0,30,55,6,5,21.5,0.7000000000000001,21.87,91.17
2023,11,12,1,30,0,0,0,20.400000000000002,0.6000000000000001,23.72,103.17
2023,11,12,2,30,0,0,0,19.8,0.6000000000000001,24.6,115.53
2023,11,12,3,30,0,0,0,18.5,0.9,25.830000000000002,128.04
2023,11,12,4,30,0,0,0,16.6,1.3,27.41,140.42000000000002
2023,11,12,5,30,0,0,0,15.3,1.5,28.09,152.14000000000001
2023,11,12,6,30,0,0,0,14.8,1.9000000000000001,28.02,161.54
2023,11,12,7,30,0,0,0,14.5,2.3000000000000003,28.12,163.70000000000002
2023,11,12,8,30,0,0,0,14.200000000000001,2.5,28.44,156.49
2023,11,12,9,30,0,0,0,14,2.5,28.67,145.4
2023,11,12,10,30,0,0,0,13.8,2.4000000000000004,29.44,133.21
2023,11,12,11,30,0,0,0,13.700000000000001,2.2,30.740000000000002,120.73
2023,11,12,12,30,0,0,0,13.5,2.2,33.03,108.29
2023,11,12,13,30,0,0,0,13.8,2.1,34.230000000000004,96.13
2023,11,12,14,30,413,31,72,16.2,2.7,30.25,84.34
2023,11,12,15,30,724,56,260,20.1,3.6,24.05,73.63
2023,11,12,16,30,851,68,439,23.1,4.1000000000000005,24.59,64.17
2023,11,12,17,30,917,75,578,25.200000000000003,4.1000000000000005,23.71,56.72
2023,11,12,18,30,946,78,658,26.900000000000002,3.9000000000000004,20.52,52.2
2023,11,12,19,30,952,78,672,28.1,3.6,18.09,51.39
2023,11,12,20,30,933,76,618,28.8,3.4000000000000004,16.490000000000002,54.47
2023,11,12,21,30,890,71,505,28.900000000000002,3.1,15.67,60.84
2023,11,12,22,30,803,61,341,28.200000000000003,2.4000000000000004,15.76,69.58
2023,11,12,23,30,602,42,148,25.700000000000003,1.4000000000000001,17.94,79.87
2023,11,13,0,30,50,6,5,22.900000000000002,1.1,21.09,91.3
2023,11,13,1,30,0,0,0,21,1.3,23.42,103.28
2023,11,13,2,30,0,0,0,19.5,1.6,25.44,115.64
2023,11,13,3,30,0,0,0,18.900000000000002,2.1,26.46,128.14000000000001
2023,11,13,4,30,0,0,0,18.8,2.6,27.82,140.53
2023,11,13,5,30,0,0,0,18.400000000000002,2.8000000000000003,31.46,152.29
2023,11,13,6,30,0,0,0,17.6,2.5,36.09,161.76
2023,11,13,7,30,0,0,0,17,2.3000000000000003,39.77,163.97
2023,11,13,8,30,0,0,0,16.6,2.3000000000000003,42.480000000000004,156.71
2023,11,13,9,30,0,0,0,16.5,2.5,43.02,145.58
2023,11,13,10,30,0,0,0,16.5,2.7,41.11,133.37
2023,11,13,11,30,0,0,0,16.5,2.8000000000000003,37.68,120.88
2023,11,13,12,30,0,0,0,16.400000000000002,2.8000000000000003,34.81,108.45
2023,11,13,13,30,0,0,0,16.6,2.9000000000000004,33.38,96.3
2023,11,13,14,30,392,31,68,18.6,3.5,30.13,84.53
2023,11,13,15,30,703,56,252,21.8,4.6000000000000005,26.66,73.84
2023,11,13,16,30,829,70,428,24.700000000000003,5,29.72,64.4
2023,11,13,17,30,895,76,564,27.200000000000003,4.6000000000000005,29.650000000000002,56.980000000000004
2023,11,13,18,30,929,77,643,29,4.1000000000000005,26.34,52.47
2023,11,13,19,30,934,77,656,30.1,3.8000000000000003,23.240000000000002,51.660000000000004
2023,11,13,20,30,905,79,602,30.6,3.4000000000000004,21.06,54.71
2023,11,13,21,30,821,85,483,30.5,2.9000000000000004,19.94,61.04
2023,11,13,22,30,673,83,316,29.700000000000003,2.1,19.8,69.75
2023,11,13,23,30,365,64,127,27.6,1.1,21.62,80.02
2023,11,14,0,30,12,2,2,25.6,0.6000000000000001,24.04,91.42
2023,11,14,1,30,0,0,0,24.1,0.9,26.27,103.39
2023,11,14,2,30,0,0,0,22.5,1.2000000000000002,29.03,115.74000000000001
2023,11,14,3,30,0,0,0,21.400000000000002,1.6,31.37,128.24
2023,11,14,4,30,0,0,0,21.1,2.2,32.87,140.64000000000001
2023,11,14,5,30,0,0,0,21,3.3000000000000003,35.37,152.42000000000002
2023,11,14,6,30,0,0,0,21,4.2,38.29,161.98
2023,11,14,7,30,0,0,0,20.6,4.2,41.56,164.23
2023,11,14,8,30,0,0,0,20,3.5,44.53,156.92000000000002
2023,11,14,9,30,0,0,0,19.200000000000003,2.8000000000000003,46.93,145.75
2023,11,14,10,30,0,0,0,18.6,2.6,48.120000000000005,133.53
2023,11,14,11,30,0,0,0,18.6,2.8000000000000003,47.75,121.04
2023,11,14,12,30,0,0,0,18.8,2.9000000000000004,47.24,108.61
2023,11,14,13,30,0,0,0,18.5,2.7,48.51,96.48
2023,11,14,14,30,8,43,44,19.900000000000002,3.3000000000000003,44.75,84.72
2023,11,14,15,30,684,57,245,22.8,4.4,38.2,74.05
2023,11,14,16,30,809,71,418,25.200000000000003,4.4,34.36,64.63
2023,11,14,17,30,877,77,552,27,3.7,30.93,57.230000000000004
2023,11,14,18,30,837,111,618,28.1,3.1,28.61,52.730000000000004
2023,11,14,19,30,723,157,603,28.900000000000002,2.6,26.86,51.910000000000004
2023,11,14,20,30,761,128,565,29.6,2.4000000000000004,25.3,54.94
2023,11,14,21,30,764,100,467,29.8,2.2,24.3,61.25
2023,11,14,22,30,234,155,235,29.200000000000003,1.8,24.28,69.92
2023,11,14,23,30,145,74,99,27.3,1.2000000000000002,26.41,80.15
2023,11,15,0,30,0,2,2,25.5,0.9,29.17,91.54
2023,11,15,1,30,0,0,0,25.200000000000003,0.8,29.52,103.5
2023,11,15,2,30,0,0,0,25.1,0.7000000000000001,29.44,115.83
2023,11,15,3,30,0,0,0,24.6,0.7000000000000001,30,128.33
2023,11,15,4,30,0,0,0,23.3,0.9,32.160000000000004,140.74
2023,11,15,5,30,0,0,0,21.700000000000003,1.2000000000000002,35.38,152.56
2023,11,15,6,30,0,0,0,20.200000000000003,1.4000000000000001,39.21,162.18
2023,11,15,7,30,0,0,0,19.400000000000002,1.6,42.22,164.49
2023,11,15,8,30,0,0,0,18.900000000000002,1.7000000000000002,44.980000000000004,157.13
2023,11,15,9,30,0,0,0,18.7,1.8,46.42,145.93
2023,11,15,10,30,0,0,0,18.5,1.9000000000000001,46.95,133.69
2023,11,15,11,30,0,0,0,18.400000000000002,2.1,46.99,121.2
2023,11,15,12,30,0,0,0,18.5,2.3000000000000003,46.410000000000004,108.78
2023,11,15,13,30,0,0,0,18.7,2.5,45.59,96.65
2023,11,15,14,30,9,40,41,20,2.9000000000000004,41.82,84.9
2023,11,15,15,30,35,103,113,22.400000000000002,3.4000000000000004,36.49,74.25
2023,11,15,16,30,192,204,286,25,3.3000000000000003,32.14,64.86
2023,11,15,17,30,83,247,292,27.5,3.2,27.94,57.480000000000004
2023,11,15,18,30,178,281,388,29.3,2.9000000000000004,24.38,52.99
2023,11,15,19,30,389,251,490,30.3,2.8000000000000003,22.18,52.17
2023,11,15,20,30,420,224,464,30.1,2.5,21.62,55.17
2023,11,15,21,30,223,233,340,29,1.6,22.17,61.44
2023,11,15,22,30,376,145,273,27.3,0.9,24.02,70.08
2023,11,15,23,30,109,63,81,25.3,1,26.59,80.29
2023,11,16,0,30,0,1,1,23.700000000000003,1.2000000000000002,28.86,91.66
2023,11,16,1,30,0,0,0,22.8,1.2000000000000002,30.060000000000002,103.59
2023,11,16,2,30,0,0,0,22.3,1.2000000000000002,30.51,115.92
2023,11,16,3,30,0,0,0,22.1,1.3,30.6,128.42000000000002
2023,11,16,4,30,0,0,0,21.6,1.8,31.46,140.84
2023,11,16,5,30,0,0,0,20.700000000000003,3.1,34.02,152.68
2023,11,16,6,30,0,0,0,19.6,2.5,40.730000000000004,162.38
2023,11,16,7,30,0,0,0,18.900000000000002,1,45.06,164.75
2023,11,16,8,30,0,0,0,18.900000000000002,1,44.92,157.34
2023,11,16,9,30,0,0,0,18.900000000000002,1.1,45.76,146.1
2023,11,16,10,30,0,0,0,18.7,1,47.31,133.84
2023,11,16,11,30,0,0,0,18.6,0.9,48.47,121.35000000000001
2023,11,16,12,30,0,0,0,19,0.8,47.15,108.94
2023,11,16,13,30,0,0,0,19.6,0.5,44.99,96.82000000000001
2023,11,16,14,30,0,21,21,20.400000000000002,0.30000000000000004,42.660000000000004,85.08
2023,11,16,15,30,10,78,81,21.400000000000002,0.7000000000000001,41.26,74.46000000000001
2023,11,16,16,30,49,179,200,22.6,1.2000000000000002,39.2,65.09
2023,11,16,17,30,29,210,225,23.900000000000002,1.4000000000000001,36.13,57.72
2023,11,16,18,30,62,253,290,25.200000000000003,1.6,32.86,53.25
2023,11,16,19,30,152,274,367,26.200000000000003,1.8,30.27,52.410000000000004
2023,11,16,20,30,98,256,312,26.700000000000003,2,28.94,55.39
2023,11,16,21,30,70,219,252,26.3,2,30.41,61.63
2023,11,16,22,30,9,110,113,25.400000000000002,1.5,33.84,70.24
2023,11,16,23,30,26,47,51,23.900000000000002,0.8,38.65,80.42
2023,11,17,0,30,0,1,1,22.700000000000003,0.5,43.02,91.76
2023,11,17,1,30,0,0,0,22,0.4,46.44,103.69
2023,11,17,2,30,0,0,0,21.200000000000003,0.30000000000000004,50.39,116
2023,11,17,3,30,0,0,0,20.200000000000003,0.4,55.33,128.5
2023,11,17,4,30,0,0,0,19.200000000000003,0.5,60.64,140.92000000000002
2023,11,17,5,30,0,0,0,18.2,0.7000000000000001,66.48,152.8
2023,11,17,6,30,0,0,0,17.400000000000002,0.8,72.15,162.57
2023,11,17,7,30,0,0,0,16.8,1,77.24,165
2023,11,17,8,30,0,0,0,16.3,1.1,81.86,157.54
2023,11,17,9,30,0,0,0,16,1.1,84.49,146.27
2023,11,17,10,30,0,0,0,15.9,1,85.05,134
2023,11,17,11,30,0,0,0,15.8,1,85.33,121.51
2023,11,17,12,30,0,0,0,15.700000000000001,1,85.53,109.10000000000001
2023,11,17,13,30,0,0,0,15.9,1,83.89,96.99000000000001
2023,11,17,14,30,321,27,54,17.400000000000002,1.5,76.51,85.26
2023,11,17,15,30,228,76,136,20,1.9000000000000001,66.28,74.66
2023,11,17,16,30,266,176,287,22.6,1.7000000000000002,57.63,65.31
2023,11,17,17,30,867,76,536,24.700000000000003,1.6,50.88,57.96
2023,11,17,18,30,887,84,612,26.200000000000003,2,45.410000000000004,53.49
2023,11,17,19,30,895,84,627,27.1,2.5,41.52,52.65
2023,11,17,20,30,885,79,579,27.5,2.9000000000000004,39.300000000000004,55.61
2023,11,17,21,30,844,71,470,27.400000000000002,2.9000000000000004,38.54,61.81
2023,11,17,22,30,749,61,312,26.700000000000003,2.6,39.43,70.39
2023,11,17,23,30,533,41,129,24.700000000000003,1.6,44.03,80.54
2023,11,18,0,30,21,3,2,22.6,0.9,50.800000000000004,91.87
2023,11,18,1,30,0,0,0,21.900000000000002,0.7000000000000001,51.79,103.77
2023,11,18,2,30,0,0,0,21.5,0.5,52.33,116.08
2023,11,18,3,30,0,0,0,21.3,0.4,52.39,128.57
2023,11,18,4,30,0,0,0,20.8,0.5,53.53,141.01
2023,11,18,5,30,0,0,0,20.1,0.8,55.83,152.91
2023,11,18,6,30,0,0,0,19.400000000000002,1,58.78,162.75
2023,11,18,7,30,0,0,0,19,1,61.19,165.25
2023,11,18,8,30,0,0,0,19,0.9,62.59,157.74
2023,11,18,9,30,0,0,0,19.1,0.8,64.41,146.44
2023,11,18,10,30,0,0,0,18.900000000000002,0.7000000000000001,68.06,134.16
2023,11,18,11,30,0,0,0,18.6,0.6000000000000001,72.85000000000001,121.67
2023,11,18,12,30,0,0,0,18.2,0.5,77.7,109.26
2023,11,18,13,30,0,0,0,18,0.30000000000000004,81.25,97.16
2023,11,18,14,30,0,12,12,17.8,0.6000000000000001,84.65,85.44
2023,11,18,15,30,0,20,20,18.3,0.9,82.57000000000001,74.86
2023,11,18,16,30,4,102,104,19.8,0.8,76.52,65.53
2023,11,18,17,30,491,195,454,21.8,0.9,67.78,58.2
2023,11,18,18,30,843,99,598,23.400000000000002,1.5,60.2,53.74
2023,11,18,19,30,597,188,548,24.1,2,56.1,52.89
2023,11,18,20,30,746,108,527,24.3,2.4000000000000004,53.86,55.82
2023,11,18,21,30,822,77,463,24.1,2.5,52.64,61.99
2023,11,18,22,30,730,65,308,23.400000000000002,2.4000000000000004,52.78,70.53
2023,11,18,23,30,468,47,123,21.5,1.5,58,80.65
2023,11,19,0,30,18,3,2,19.3,0.9,72.89,91.96000000000001
2023,11,19,1,30,0,0,0,18.3,0.9,73.05,103.85000000000001
2023,11,19,2,30,0,0,0,17.8,0.9,72.34,116.15
2023,11,19,3,30,0,0,0,17.1,1,73.4,128.64000000000001
2023,11,19,4,30,0,0,0,16.400000000000002,1,74.38,141.08
2023,11,19,5,30,0,0,0,15.9,1,74.66,153.01
2023,11,19,6,30,0,0,0,15.5,1,74.66,162.92000000000002
2023,11,19,7,30,0,0,0,14.9,0.9,75.75,165.49
2023,11,19,8,30,0,0,0,14.4,0.9,76.93,157.94
2023,11,19,9,30,0,0,0,13.9,0.9,77.91,146.6
2023,11,19,10,30,0,0,0,13.4,0.9,79.11,134.32
2023,11,19,11,30,0,0,0,12.9,0.9,80.94,121.82000000000001
2023,11,19,12,30,0,0,0,12.4,1,83.07000000000001,109.42
2023,11,19,13,30,0,0,0,12.3,1.1,83.16,97.34
2023,11,19,14,30,281,29,50,13.600000000000001,1.6,76.97,85.62
2023,11,19,15,30,630,60,222,16.2,2.1,68.14,75.06
2023,11,19,16,30,775,76,394,18.900000000000002,2.7,58.5,65.75
2023,11,19,17,30,867,78,532,20.8,3.6,51.370000000000005,58.43
2023,11,19,18,30,923,73,616,21.8,4.1000000000000005,46.47,53.980000000000004
2023,11,19,19,30,931,73,632,22.3,4.4,43.01,53.120000000000005
2023,11,19,20,30,912,72,582,22.700000000000003,4.800000000000001,39.59,56.02
2023,11,19,21,30,861,70,472,22.6,5.1000000000000005,36.92,62.160000000000004
2023,11,19,22,30,749,64,312,22.3,4.9,34.03,70.67
2023,11,19,23,30,491,47,126,20.200000000000003,3.5,34.550000000000004,80.76
2023,11,20,0,30,10,2,2,17.5,2.5,40.4,92.05
2023,11,20,1,30,0,0,0,16,2.7,39.93,103.93
2023,11,20,2,30,0,0,0,14.700000000000001,2.8000000000000003,36.300000000000004,116.21000000000001
2023,11,20,3,30,0,0,0,13.3,2.4000000000000004,35.22,128.7
2023,11,20,4,30,0,0,0,12.3,1.8,38.29,141.15
2023,11,20,5,30,0,0,0,11.700000000000001,1.6,42.24,153.11
2023,11,20,6,30,0,0,0,11.3,1.6,44.86,163.09
2023,11,20,7,30,0,0,0,11,1.6,46.77,165.72
2023,11,20,8,30,0,0,0,10.700000000000001,1.5,49.15,158.14000000000001
2023,11,20,9,30,0,0,0,10.3,1.5,51.31,146.77
2023,11,20,10,30,0,0,0,9.9,1.5,53.300000000000004,134.47
2023,11,20,11,30,0,0,0,9.600000000000001,1.5,54.65,121.98
2023,11,20,12,30,0,0,0,9.3,1.4000000000000001,55.370000000000005,109.58
2023,11,20,13,30,0,0,0,9.3,1.3,54.64,97.51
2023,11,20,14,30,405,24,54,11.100000000000001,1.7000000000000002,48.4,85.8
2023,11,20,15,30,732,48,234,14.3,2.7,39.22,75.26
2023,11,20,16,30,851,61,408,17.1,3.3000000000000003,29.53,65.96000000000001
2023,11,20,17,30,906,70,541,19.6,2.8000000000000003,25.41,58.660000000000004
2023,11,20,18,30,935,73,620,21.700000000000003,2.2,22.92,54.21
2023,11,20,19,30,946,72,637,23.1,1.9000000000000001,21.12,53.34
2023,11,20,20,30,922,74,587,23.900000000000002,2,19.81,56.22
2023,11,20,21,30,863,73,474,24.1,2.3000000000000003,19.150000000000002,62.32
2023,11,20,22,30,775,60,315,23.200000000000003,1.9000000000000001,19.86,70.8
2023,11,20,23,30,566,40,130,20.3,1.3,31.64,80.87
2023,11,21,0,30,24,3,2,17.2,1.2000000000000002,41.1,92.14
2023,11,21,1,30,0,0,0,15.700000000000001,1.3,41.4,103.99000000000001
2023,11,21,2,30,0,0,0,14.600000000000001,1.4000000000000001,43.07,116.27
2023,11,21,3,30,0,0,0,13.8,1.6,43.62,128.76
2023,11,21,4,30,0,0,0,13.100000000000001,1.9000000000000001,43.7,141.21
2023,11,21,5,30,0,0,0,12.5,2.2,43.84,153.19
2023,11,21,6,30,0,0,0,12,2.5,44.43,163.25
2023,11,21,7,30,0,0,0,11.600000000000001,2.7,45.35,165.96
2023,11,21,8,30,0,0,0,11.5,3.2,45.79,158.33
2023,11,21,9,30,0,0,0,11.700000000000001,3.7,44.94,146.94
2023,11,21,10,30,0,0,0,11.8,4.1000000000000005,44.13,134.63
2023,11,21,11,30,0,0,0,11.700000000000001,4.3,44.050000000000004,122.13
2023,11,21,12,30,0,0,0,11.5,4.2,44.44,109.74000000000001
2023,11,21,13,30,0,0,0,11.4,4.2,44.5,97.67
2023,11,21,14,30,404,25,53,12.700000000000001,4.6000000000000005,40.63,85.97
2023,11,21,15,30,741,47,233,15.600000000000001,4.6000000000000005,33.8,75.46000000000001
2023,11,21,16,30,871,58,410,19.700000000000003,4.3,26.71,66.18
2023,11,21,17,30,933,65,547,23,4.1000000000000005,20.72,58.89
2023,11,21,18,30,960,69,627,24.5,3.4000000000000004,18.900000000000002,54.44
2023,11,21,19,30,966,68,642,25.5,2.4000000000000004,17.63,53.56
2023,11,21,20,30,935,73,590,25.900000000000002,1.5,16.830000000000002,56.410000000000004
2023,11,21,21,30,869,73,475,25.900000000000002,0.6000000000000001,16.34,62.480000000000004
2023,11,21,22,30,769,63,314,25,0.30000000000000004,16.830000000000002,70.93
2023,11,21,23,30,536,43,127,22.6,0.7000000000000001,27.93,80.97
2023,11,22,0,30,16,3,2,19.900000000000002,1.1,31.51,92.21000000000001
2023,11,22,1,30,0,0,0,18.1,1.2000000000000002,32.87,104.06
2023,11,22,2,30,0,0,0,16.7,1.3,35.27,116.32000000000001
2023,11,22,3,30,0,0,0,15.4,1.4000000000000001,37.27,128.8
2023,11,22,4,30,0,0,0,14.3,1.7000000000000002,38.59,141.26
2023,11,22,5,30,0,0,0,13.4,2.2,39.67,153.27
2023,11,22,6,30,0,0,0,12.8,2.8000000000000003,39.94,163.4
2023,11,22,7,30,0,0,0,12.3,3.1,40.27,166.18
2023,11,22,8,30,0,0,0,11.8,3.1,41.06,158.53
2023,11,22,9,30,0,0,0,11.4,2.8000000000000003,41.45,147.1
2023,11,22,10,30,0,0,0,11,2.4000000000000004,41.96,134.78
2023,11,22,11,30,0,0,0,10.8,2.2,42.2,122.28
2023,11,22,12,30,0,0,0,10.600000000000001,2.3000000000000003,42.13,109.9
2023,11,22,13,30,0,0,0,10.5,2.2,42.31,97.84
2023,11,22,14,30,331,26,48,12.4,2.8000000000000003,37.37,86.15
2023,11,22,15,30,704,54,228,15.8,3.2,29.79,75.65
2023,11,22,16,30,845,67,405,19.3,3,23.75,66.39
2023,11,22,17,30,907,74,540,21.900000000000002,2.8000000000000003,19.17,59.11
2023,11,22,18,30,938,78,621,23.3,2.3000000000000003,17.400000000000002,54.660000000000004
2023,11,22,19,30,943,80,637,24.1,1.6,16.46,53.77
2023,11,22,20,30,933,74,588,24.6,1.1,15.77,56.59
2023,11,22,21,30,898,64,477,24.700000000000003,0.7000000000000001,15.42,62.63
2023,11,22,22,30,807,55,317,23.900000000000002,0.30000000000000004,15.99,71.05
2023,11,22,23,30,598,38,131,21.700000000000003,0.30000000000000004,25.16,81.06
2023,11,23,0,30,0,0,0,19.400000000000002,0.6000000000000001,28.580000000000002,92.29
2023,11,23,1,30,0,0,0,18,0.9,28.64,104.11
2023,11,23,2,30,0,0,0,16.900000000000002,1.1,30.75,116.37
2023,11,23,3,30,0,0,0,16,1.2000000000000002,32.17,128.85
2023,11,23,4,30,0,0,0,14.8,1.4000000000000001,34.730000000000004,141.31
2023,11,23,5,30,0,0,0,13.700000000000001,1.4000000000000001,37.47,153.34
2023,11,23,6,30,0,0,0,12.8,1.5,38.87,163.54
2023,11,23,7,30,0,0,0,12.100000000000001,1.6,39.410000000000004,166.4
2023,11,23,8,30,0,0,0,11.5,1.7000000000000002,39.93,158.71
2023,11,23,9,30,0,0,0,11,1.7000000000000002,40.35,147.26
2023,11,23,10,30,0,0,0,10.700000000000001,1.8,40.42,134.93
2023,11,23,11,30,0,0,0,10.700000000000001,1.8,39.96,122.44
2023,11,23,12,30,0,0,0,10.9,1.9000000000000001,39.39,110.06
2023,11,23,13,30,0,0,0,11.3,1.8,38.57,98.01
2023,11,23,14,30,2,26,26,12.100000000000001,1.8,37.44,86.32000000000001
2023,11,23,15,30,18,84,88,13.700000000000001,1.9000000000000001,35.32,75.84
2023,11,23,16,30,56,184,206,15.700000000000001,2.2,30.650000000000002,66.59
2023,11,23,17,30,133,274,342,17.6,2.5,23.16,59.33
2023,11,23,18,30,340,265,461,19.3,2.4000000000000004,18.900000000000002,54.88
2023,11,23,19,30,319,274,462,20.400000000000002,2.3000000000000003,16.97,53.97
2023,11,23,20,30,918,79,582,20.8,2.3000000000000003,16.72,56.77
2023,11,23,21,30,569,151,411,20.700000000000003,2.2,17.47,62.77
2023,11,23,22,30,333,148,256,19.6,1.4000000000000001,19.87,71.16
2023,11,23,23,30,38,70,76,17.900000000000002,0.8,34.15,81.14
2023,11,24,0,30,0,0,0,16.7,0.7000000000000001,32.47,92.35000000000001
2023,11,24,1,30,0,0,0,16.1,0.6000000000000001,29.740000000000002,104.17
2023,11,24,2,30,0,0,0,15.4,0.5,30.23,116.41
2023,11,24,3,30,0,0,0,14.4,0.7000000000000001,31.98,128.88
2023,11,24,4,30,0,0,0,13,1.1,35.93,141.35
2023,11,24,5,30,0,0,0,11.8,1.3,39.89,153.41
2023,11,24,6,30,0,0,0,10.9,1.4000000000000001,44.22,163.67000000000002
2023,11,24,7,30,0,0,0,10,1.6,50.57,166.62
2023,11,24,8,30,0,0,0,9.600000000000001,1.8,55.86,158.9
2023,11,24,9,30,0,0,0,9.4,1.9000000000000001,59.9,147.42000000000002
2023,11,24,10,30,0,0,0,9.4,2,60.75,135.09
2023,11,24,11,30,0,0,0,9.4,1.9000000000000001,59.6,122.59
2023,11,24,12,30,0,0,0,9.4,1.9000000000000001,59.56,110.22
2023,11,24,13,30,0,0,0,9.5,1.9000000000000001,59.77,98.18
2023,11,24,14,30,214,26,39,11.200000000000001,2.7,54.620000000000005,86.49
2023,11,24,15,30,609,60,207,14.4,3.5,46.75,76.03
2023,11,24,16,30,764,78,379,17.3,3.9000000000000004,49.36,66.79
2023,11,24,17,30,852,84,516,19.5,4.1000000000000005,48.75,59.54
2023,11,24,18,30,896,83,596,20.8,4,42.86,55.09
2023,11,24,19,30,338,278,476,21.5,4.1000000000000005,38.89,54.17
2023,11,24,20,30,837,98,555,21.6,4.2,36.81,56.94
2023,11,24,21,30,798,85,448,21.200000000000003,4.1000000000000005,37.08,62.910000000000004
2023,11,24,22,30,210,160,227,20.5,3.6,38.76,71.27
2023,11,24,23,30,208,50,82,18.8,2.2,43.86,81.22
2023,11,25,0,30,0,0,0,17,1.3,51.92,92.41
2023,11,25,1,30,0,0,0,16,1.2000000000000002,55.18,104.21000000000001
2023,11,25,2,30,0,0,0,15.200000000000001,1.1,57.47,116.45
2023,11,25,3,30,0,0,0,14.600000000000001,1,59.26,128.91
2023,11,25,4,30,0,0,0,14.200000000000001,1,60.57,141.39000000000001
2023,11,25,5,30,0,0,0,14,0.9,61.22,153.47
2023,11,25,6,30,0,0,0,13.9,0.8,61.43,163.79
2023,11,25,7,30,0,0,0,13.9,0.7000000000000001,61.07,166.83
2023,11,25,8,30,0,0,0,13.700000000000001,0.7000000000000001,61.4,159.08
2023,11,25,9,30,0,0,0,13.4,0.7000000000000001,62,147.58
2023,11,25,10,30,0,0,0,12.9,0.8,63.51,135.24
2023,11,25,11,30,0,0,0,12.4,0.9,65.4,122.74000000000001
2023,11,25,12,30,0,0,0,11.8,1,68.15,110.38
2023,11,25,13,30,0,0,0,11.200000000000001,1,71.36,98.34
2023,11,25,14,30,227,24,37,12.200000000000001,1,67.01,86.66
2023,11,25,15,30,642,57,210,14.700000000000001,0.8,59.7,76.22
2023,11,25,16,30,801,73,386,17.2,1,45.53,66.99
2023,11,25,17,30,887,79,526,19,1.7000000000000002,32.14,59.75
2023,11,25,18,30,931,79,609,19.900000000000002,2.1,26.77,55.300000000000004
2023,11,25,19,30,942,80,629,20.400000000000002,2.2,23.61,54.36
2023,11,25,20,30,923,78,579,20.6,2.2,21.48,57.1
2023,11,25,21,30,875,72,469,20.3,2,20.32,63.04
2023,11,25,22,30,782,61,311,19.400000000000002,1.5,20.17,71.37
2023,11,25,23,30,555,41,125,16.900000000000002,1.1,26.88,81.3
2023,11,26,0,30,0,0,0,14.4,1,36.54,92.47
2023,11,26,1,30,0,0,0,13.600000000000001,1,33.68,104.25
2023,11,26,2,30,0,0,0,13.4,0.8,31.52,116.48
2023,11,26,3,30,0,0,0,13.100000000000001,0.6000000000000001,30.150000000000002,128.94
2023,11,26,4,30,0,0,0,12,0.8,31.63,141.42000000000002
2023,11,26,5,30,0,0,0,10.4,1.2000000000000002,36.74,153.52
2023,11,26,6,30,0,0,0,9.3,1.6,41.1,163.91
2023,11,26,7,30,0,0,0,8.8,2.2,42.74,167.03
2023,11,26,8,30,0,0,0,8.5,2.9000000000000004,43.480000000000004,159.27
2023,11,26,9,30,0,0,0,8.200000000000001,3.5,43.35,147.74
2023,11,26,10,30,0,0,0,7.9,3.7,42.88,135.39000000000001
2023,11,26,11,30,0,0,0,7.6000000000000005,3.7,42.58,122.89
2023,11,26,12,30,0,0,0,7.4,3.6,42.36,110.53
2023,11,26,13,30,0,0,0,7.4,3.7,41.82,98.51
2023,11,26,14,30,285,23,39,8.6,4.2,38.09,86.82000000000001
2023,11,26,15,30,700,51,216,11.4,4.5,31.400000000000002,76.4
2023,11,26,16,30,847,66,394,15.4,4.2,24.150000000000002,67.19
2023,11,26,17,30,351,253,429,18.8,3.7,19.07,59.95
2023,11,26,18,30,408,262,493,20.6,3,19.16,55.5
2023,11,26,19,30,634,196,564,21.6,2.5,19.26,54.550000000000004
2023,11,26,20,30,911,82,575,22,2.2,19.05,57.26
2023,11,26,21,30,437,193,390,21.900000000000002,1.8,19.240000000000002,63.17
2023,11,26,22,30,545,108,281,20.8,1.1,20.8,71.46000000000001
2023,11,26,23,30,104,81,97,19.200000000000003,0.6000000000000001,32.980000000000004,81.37
2023,11,27,0,30,0,0,0,17.6,0.8,31.060000000000002,92.52
2023,11,27,1,30,0,0,0,16.1,1.1,34.63,104.28
2023,11,27,2,30,0,0,0,15.100000000000001,1.2000000000000002,36.49,116.5
2023,11,27,3,30,0,0,0,14.5,1.3,35.52,128.96
2023,11,27,4,30,0,0,0,14,1.5,34.72,141.44
2023,11,27,5,30,0,0,0,13.600000000000001,2,33.99,153.56
2023,11,27,6,30,0,0,0,13.4,2.5,32.47,164.01
2023,11,27,7,30,0,0,0,13.100000000000001,3,31.650000000000002,167.23
2023,11,27,8,30,0,0,0,12.9,3.2,31.11,159.44
2023,11,27,9,30,0,0,0,12.700000000000001,3.2,31.16,147.9
2023,11,27,10,30,0,0,0,12.700000000000001,3.1,31.400000000000002,135.54
2023,11,27,11,30,0,0,0,12.600000000000001,2.9000000000000004,32.13,123.05
2023,11,27,12,30,0,0,0,12.4,2.6,33.38,110.69
2023,11,27,13,30,0,0,0,12.200000000000001,2.4000000000000004,34.910000000000004,98.67
2023,11,27,14,30,5,24,24,13.200000000000001,2.9000000000000004,33.33,86.99
2023,11,27,15,30,66,114,129,15.3,3.6,28.57,76.58
2023,11,27,16,30,133,187,238,17.7,3.8000000000000003,24.67,67.38
2023,11,27,17,30,176,251,339,20,3.4000000000000004,24.01,60.15
2023,11,27,18,30,121,277,345,21.6,2.7,24.11,55.7
2023,11,27,19,30,337,246,441,22.400000000000002,2,24.240000000000002,54.72
2023,11,27,20,30,451,199,442,23,1.6,24.14,57.410000000000004
2023,11,27,21,30,506,155,383,23.3,1.5,24.29,63.28
2023,11,27,22,30,764,58,300,22.6,1.2000000000000002,25.8,71.55
2023,11,27,23,30,534,39,119,20.400000000000002,0.9,35.81,81.43
2023,11,28,0,30,0,0,0,17.900000000000002,1.1,38.76,92.56
2023,11,28,1,30,0,0,0,15.9,1.3,42.01,104.31
2023,11,28,2,30,0,0,0,14.700000000000001,1.5,43.49,116.52
2023,11,28,3,30,0,0,0,14.200000000000001,1.9000000000000001,41.95,128.97
2023,11,28,4,30,0,0,0,14,2.3000000000000003,39.89,141.46
2023,11,28,5,30,0,0,0,13.600000000000001,2.5,39.12,153.59
2023,11,28,6,30,0,0,0,13.100000000000001,2.8000000000000003,39.35,164.11
2023,11,28,7,30,0,0,0,12.8,3.3000000000000003,39.13,167.43
2023,11,28,8,30,0,0,0,12.5,3.6,39.5,159.62
2023,11,28,9,30,0,0,0,12.4,3.5,40.39,148.06
2023,11,28,10,30,0,0,0,12.600000000000001,3.3000000000000003,41.01,135.69
2023,11,28,11,30,0,0,0,13,3.2,40.95,123.2
2023,11,28,12,30,0,0,0,13.200000000000001,3.1,41.02,110.84
2023,11,28,13,30,0,0,0,13.3,2.9000000000000004,40.92,98.83
2023,11,28,14,30,1,16,16,14.200000000000001,3.2,38.7,87.15
2023,11,28,15,30,268,98,159,16,3.6,34.04,76.76
2023,11,28,16,30,207,199,278,18.3,3.5,28.62,67.57000000000001
2023,11,28,17,30,519,186,443,20.700000000000003,3.3000000000000003,24.580000000000002,60.34
2023,11,28,18,30,410,237,467,22.400000000000002,3.1,23.23,55.89
2023,11,28,19,30,725,140,557,23.700000000000003,2.8000000000000003,22.51,54.9
2023,11,28,20,30,752,125,528,24.400000000000002,2.6,22.3,57.550000000000004
2023,11,28,21,30,844,71,449,24.400000000000002,2.3000000000000003,22.76,63.39
2023,11,28,22,30,610,86,278,23.5,1.5,24.44,71.63
2023,11,28,23,30,519,39,116,21.5,0.7000000000000001,32.72,81.49
2023,11,29,0,30,0,0,0,19.8,0.5,34.81,92.60000000000001
2023,11,29,1,30,0,0,0,18.900000000000002,0.7000000000000001,35.18,104.33
2023,11,29,2,30,0,0,0,17.7,1,37.62,116.53
2023,11,29,3,30,0,0,0,16.5,1.2000000000000002,40.06,128.98
2023,11,29,4,30,0,0,0,15.600000000000001,1.2000000000000002,41.800000000000004,141.47
2023,11,29,5,30,0,0,0,15,1.1,42.94,153.62
2023,11,29,6,30,0,0,0,14.600000000000001,1,43.730000000000004,164.20000000000002
2023,11,29,7,30,0,0,0,14,1,45,167.61
2023,11,29,8,30,0,0,0,13.100000000000001,1,47.59,159.79
2023,11,29,9,30,0,0,0,12.100000000000001,1.2000000000000002,50.9,148.21
2023,11,29,10,30,0,0,0,11.3,1.3,53.57,135.84
2023,11,29,11,30,0,0,0,10.8,1.4000000000000001,54.97,123.34
2023,11,29,12,30,0,0,0,10.4,1.4000000000000001,55.56,110.99000000000001
2023,11,29,13,30,0,0,0,10.200000000000001,1.4000000000000001,55.01,98.99000000000001
2023,11,29,14,30,211,19,29,11.8,1.8,48.18,87.31
2023,11,29,15,30,639,52,196,15,2.5,39.72,76.94
2023,11,29,16,30,787,68,366,17.7,2.6,33.14,67.76
2023,11,29,17,30,699,127,471,19.8,2.2,29.490000000000002,60.53
2023,11,29,18,30,898,80,581,21.200000000000003,2.4000000000000004,27.13,56.07
2023,11,29,19,30,807,117,579,21.8,2.8000000000000003,26.26,55.06
2023,11,29,20,30,652,150,498,22,3,26.32,57.69
2023,11,29,21,30,332,193,341,21.8,2.9000000000000004,27.29,63.5
2023,11,29,22,30,199,151,213,21,2.5,29.36,71.7
2023,11,29,23,30,47,52,59,18.3,1.6,35.99,81.53
2023,11,30,0,30,0,0,0,15.8,1.2000000000000002,44.300000000000004,92.63
2023,11,30,1,30,0,0,0,15.4,1.4000000000000001,44.11,104.35000000000001
2023,11,30,2,30,0,0,0,15.100000000000001,1.8,44.19,116.54
2023,11,30,3,30,0,0,0,14.700000000000001,2,43.94,128.98
2023,11,30,4,30,0,0,0,14.200000000000001,2.1,43.94,141.47
2023,11,30,5,30,0,0,0,13.600000000000001,2.2,44.45,153.64000000000001
2023,11,30,6,30,0,0,0,12.9,1.9000000000000001,46.38,164.28
2023,11,30,7,30,0,0,0,12.100000000000001,1.7000000000000002,49.97,167.8
2023,11,30,8,30,0,0,0,11.4,1.5,54.31,159.96
2023,11,30,9,30,0,0,0,10.9,1.4000000000000001,59.02,148.36
2023,11,30,10,30,0,0,0,10.4,1.3,64.72,135.99
2023,11,30,11,30,0,0,0,10,1.3,70.29,123.49000000000001
2023,11,30,12,30,0,0,0,9.600000000000001,1.2000000000000002,75.45,111.15
2023,11,30,13,30,0,0,0,9.200000000000001,1.2000000000000002,79.98,99.15
2023,11,30,14,30,116,20,25,10.200000000000001,1.5,76.12,87.47
2023,11,30,15,30,529,65,183,12.600000000000001,2.1,67.17,77.11
2023,11,30,16,30,500,133,321,15.3,2.3000000000000003,54.550000000000004,67.94
2023,11,30,17,30,710,125,472,17.400000000000002,2.8000000000000003,41.34,60.71
2023,11,30,18,30,300,271,438,18.3,3.2,35.29,56.25
2023,11,30,19,30,57,265,298,18.400000000000002,3.3000000000000003,33.75,55.22
2023,11,30,20,30,28,233,248,18.3,3.5,33.63,57.82
2023,11,30,21,30,48,222,243,17.7,3.6,35.050000000000004,63.6
2023,11,30,22,30,14,121,125,16.8,3.1,37.89,71.77
2023,11,30,23,30,7,59,60,15.5,2,43.18,81.58
2023,12,1,0,30,0,0,0,14.200000000000001,1.4000000000000001,50.53,92.65
2023,12,1,1,30,0,0,0,13.4,1.4000000000000001,57.660000000000004,104.36
2023,12,1,2,30,0,0,0,12.600000000000001,1.5,68.46000000000001,116.54
2023,12,1,3,30,0,0,0,12,1.4000000000000001,78.33,128.98
2023,12,1,4,30,0,0,0,11.600000000000001,0.9,82.36,141.47
2023,12,1,5,30,0,0,0,11.3,0.5,84.23,153.66
2023,12,1,6,30,0,0,0,11.100000000000001,0.9,84.33,164.35
2023,12,1,7,30,0,0,0,10.9,1.5,84.23,167.97
2023,12,1,8,30,0,0,0,10.5,1.9000000000000001,84.01,160.13
2023,12,1,9,30,0,0,0,10.100000000000001,2,82.76,148.51
2023,12,1,10,30,0,0,0,9.700000000000001,1.9000000000000001,82.34,136.13
2023,12,1,11,30,0,0,0,9.5,1.6,81.61,123.64
2023,12,1,12,30,0,0,0,9.3,1.3,81.94,111.3
2023,12,1,13,30,0,0,0,9.1,1.2000000000000002,82.42,99.3
2023,12,1,14,30,100,20,24,9.9,1.5,77.4,87.62
2023,12,1,15,30,356,76,154,11.9,1.6,70.35000000000001,77.28
2023,12,1,16,30,670,95,345,14.100000000000001,1,65.39,68.11
2023,12,1,17,30,780,103,482,15.9,1.3,56.46,60.89
2023,12,1,18,30,618,172,514,17,1.9000000000000001,47.96,56.42
2023,12,1,19,30,576,168,495,17.5,2.3000000000000003,43.480000000000004,55.370000000000005
2023,12,1,20,30,780,114,528,17.7,2.6,41.050000000000004,57.94
2023,12,1,21,30,756,97,432,17.5,2.7,40.31,63.690000000000005
2023,12,1,22,30,647,79,281,16.8,2.2,41.29,71.83
2023,12,1,23,30,411,48,108,14.9,1.3,50.14,81.61
2023,12,2,0,30,0,0,0,13.100000000000001,1,60.75,92.67
2023,12,2,1,30,0,0,0,12.4,1,58.6,104.37
2023,12,2,2,30,0,0,0,11.9,1.1,59.34,116.53
2023,12,2,3,30,0,0,0,11.600000000000001,1,59.74,128.97
2023,12,2,4,30,0,0,0,11.4,0.9,59.54,141.46
2023,12,2,5,30,0,0,0,11.200000000000001,0.7000000000000001,59.11,153.67000000000002
2023,12,2,6,30,0,0,0,11,0.5,59.29,164.42000000000002
2023,12,2,7,30,0,0,0,10.600000000000001,0.30000000000000004,60.5,168.14000000000001
2023,12,2,8,30,0,0,0,9.9,0.4,63.38,160.29
2023,12,2,9,30,0,0,0,9,0.6000000000000001,67.5,148.66
2023,12,2,10,30,0,0,0,8.1,0.8,72.44,136.28
2023,12,2,11,30,0,0,0,7.5,0.9,76.66,123.79
2023,12,2,12,30,0,0,0,6.9,1,80.8,111.45
2023,12,2,13,30,0,0,0,6.4,1,84.35000000000001,99.46000000000001
2023,12,2,14,30,176,18,25,7.7,1.4000000000000001,77.4,87.77
2023,12,2,15,30,606,53,185,10.700000000000001,1.9000000000000001,64.39,77.45
2023,12,2,16,30,769,72,356,13.700000000000001,1.6,52.84,68.29
2023,12,2,17,30,750,110,473,16.1,1,40.660000000000004,61.07
2023,12,2,18,30,881,87,572,17.6,1.2000000000000002,33.410000000000004,56.58
2023,12,2,19,30,892,86,591,18.5,1.4000000000000001,30.04,55.52
2023,12,2,20,30,882,82,549,18.900000000000002,1.5,28.37,58.06
2023,12,2,21,30,837,74,444,18.900000000000002,1.4000000000000001,27.66,63.77
2023,12,2,22,30,699,70,287,18,1,28.650000000000002,71.89
2023,12,2,23,30,509,40,114,15.600000000000001,0.6000000000000001,40.83,81.64
2023,12,3,0,30,0,0,0,13.3,0.7000000000000001,47.67,92.68
2023,12,3,1,30,0,0,0,12.5,0.9,46.83,104.37
2023,12,3,2,30,0,0,0,12.200000000000001,0.9,46.85,116.52
2023,12,3,3,30,0,0,0,12,0.9,46.62,128.95
2023,12,3,4,30,0,0,0,11.4,1,48.03,141.45000000000002
2023,12,3,5,30,0,0,0,10.5,1.2000000000000002,50.44,153.67000000000002
2023,12,3,6,30,0,0,0,9.600000000000001,1.3,52.84,164.47
2023,12,3,7,30,0,0,0,8.8,1.3,54.83,168.3
2023,12,3,8,30,0,0,0,8.200000000000001,1.3,55.95,160.46
2023,12,3,9,30,0,0,0,7.6000000000000005,1.3,57.14,148.81
2023,12,3,10,30,0,0,0,7.1000000000000005,1.4000000000000001,57.96,136.42000000000002
2023,12,3,11,30,0,0,0,6.6000000000000005,1.4000000000000001,58.79,123.93
2023,12,3,12,30,0,0,0,6.2,1.4000000000000001,59.36,111.60000000000001
2023,12,3,13,30,0,0,0,6.1000000000000005,1.4000000000000001,58.77,99.61
2023,12,3,14,30,5,17,17,7.800000000000001,1.7000000000000002,51.910000000000004,87.92
2023,12,3,15,30,51,121,132,11.200000000000001,2.3000000000000003,43.33,77.61
2023,12,3,16,30,296,177,286,14.600000000000001,2,33.62,68.45
2023,12,3,17,30,893,67,497,17.400000000000002,0.9,27.35,61.230000000000004
2023,12,3,18,30,931,69,580,19.1,0.5,23.42,56.74
2023,12,3,19,30,934,70,597,20.3,1,21.18,55.65
2023,12,3,20,30,904,73,550,20.900000000000002,1.5,20.150000000000002,58.17
2023,12,3,21,30,818,78,439,20.900000000000002,1.6,19.95,63.85
2023,12,3,22,30,737,60,289,19.700000000000003,1.3,21.67,71.93
2023,12,3,23,30,413,49,109,16.8,1,36.300000000000004,81.67
2023,12,4,0,30,0,0,0,14.4,1,41.31,92.69
2023,12,4,1,30,0,0,0,13.9,0.9,39.79,104.36
2023,12,4,2,30,0,0,0,14,0.7000000000000001,37.63,116.51
2023,12,4,3,30,0,0,0,13.9,0.6000000000000001,36.37,128.93
2023,12,4,4,30,0,0,0,13.200000000000001,0.8,37.410000000000004,141.43
2023,12,4,5,30,0,0,0,12.4,1,39.31,153.66
2023,12,4,6,30,0,0,0,11.600000000000001,1.2000000000000002,41.730000000000004,164.52
2023,12,4,7,30,0,0,0,10.8,1.3,44.22,168.46
2023,12,4,8,30,0,0,0,10,1.4000000000000001,46.72,160.61
2023,12,4,9,30,0,0,0,9.200000000000001,1.4000000000000001,49.42,148.96
2023,12,4,10,30,0,0,0,8.6,1.4000000000000001,51.59,136.56
2023,12,4,11,30,0,0,0,8.1,1.4000000000000001,53.5,124.07000000000001
2023,12,4,12,30,0,0,0,7.7,1.5,54.74,111.74000000000001
2023,12,4,13,30,0,0,0,7.7,1.6,54.44,99.76
2023,12,4,14,30,190,17,23,9.4,2.1,48.85,88.07000000000001
2023,12,4,15,30,636,47,182,12.4,2.6,41.300000000000004,77.77
2023,12,4,16,30,796,63,353,15.5,2.2,33.92,68.62
2023,12,4,17,30,217,253,357,18.5,1.3,28.54,61.4
2023,12,4,18,30,436,236,474,20.400000000000002,0.8,24.95,56.89
2023,12,4,19,30,329,250,435,21.1,0.7000000000000001,24,55.78
2023,12,4,20,30,244,266,394,21.6,0.9,23.48,58.27
2023,12,4,21,30,84,221,258,21.8,1.3,23.3,63.92
2023,12,4,22,30,118,151,188,20.400000000000002,1.1,25.84,71.98
2023,12,4,23,30,26,59,63,17.8,0.9,41.29,81.69
2023,12,5,0,30,0,0,0,16,1,44.47,92.69
2023,12,5,1,30,0,0,0,15.3,1,44.980000000000004,104.35000000000001
2023,12,5,2,30,0,0,0,14.700000000000001,1.1,46.4,116.49000000000001
2023,12,5,3,30,0,0,0,14.100000000000001,1.2000000000000002,47.82,128.91
2023,12,5,4,30,0,0,0,13.8,1.5,48.25,141.4
2023,12,5,5,30,0,0,0,13.4,1.9000000000000001,48.89,153.65
2023,12,5,6,30,0,0,0,12.9,2.6,50.26,164.56
2023,12,5,7,30,0,0,0,12.3,2.9000000000000004,52.33,168.61
2023,12,5,8,30,0,0,0,11.8,2.9000000000000004,54.04,160.77
2023,12,5,9,30,0,0,0,11.5,3,54.38,149.1
2023,12,5,10,30,0,0,0,11.5,3.1,53.36,136.71
2023,12,5,11,30,0,0,0,11.3,3,53.19,124.22
2023,12,5,12,30,0,0,0,11.100000000000001,3,53.27,111.89
2023,12,5,13,30,0,0,0,11.100000000000001,3.1,52.83,99.91
2023,12,5,14,30,163,15,20,12.5,3.7,47.88,88.21000000000001
2023,12,5,15,30,637,48,181,15.4,4.1000000000000005,40.26,77.93
2023,12,5,16,30,805,64,355,19.200000000000003,3.8000000000000003,32.410000000000004,68.78
2023,12,5,17,30,892,68,493,23.1,3.6,24.810000000000002,61.550000000000004
2023,12,5,18,30,936,69,578,26,3.4000000000000004,19.2,57.04
2023,12,5,19,30,943,69,598,27.5,3.2,16.87,55.910000000000004
2023,12,5,20,30,921,70,553,28.1,2.9000000000000004,15.89,58.36
2023,12,5,21,30,867,67,447,28,2.4000000000000004,15.74,63.980000000000004
2023,12,5,22,30,771,57,295,26.200000000000003,1.4000000000000001,18.89,72.01
2023,12,5,23,30,543,38,116,23.8,0.7000000000000001,34.160000000000004,81.7
2023,12,6,0,30,0,0,0,22.3,0.5,27.75,92.69
2023,12,6,1,30,0,0,0,20.3,0.8,29.17,104.33
2023,12,6,2,30,0,0,0,17.5,1.4000000000000001,36.39,116.46000000000001
2023,12,6,3,30,0,0,0,15.8,1.7000000000000002,40.410000000000004,128.87
2023,12,6,4,30,0,0,0,15.200000000000001,2,40.21,141.37
2023,12,6,5,30,0,0,0,14.9,2.4000000000000004,39.22,153.63
2023,12,6,6,30,0,0,0,14.5,2.7,38.57,164.59
2023,12,6,7,30,0,0,0,14.100000000000001,2.9000000000000004,38.22,168.75
2023,12,6,8,30,0,0,0,13.700000000000001,2.9000000000000004,38.37,160.92000000000002
2023,12,6,9,30,0,0,0,13.3,2.7,38.89,149.25
2023,12,6,10,30,0,0,0,13,2.5,39.25,136.85
2023,12,6,11,30,0,0,0,12.8,2.2,39.54,124.36
2023,12,6,12,30,0,0,0,12.600000000000001,2,40.13,112.03
2023,12,6,13,30,0,0,0,12.4,1.9000000000000001,40.78,100.06
2023,12,6,14,30,170,15,20,14.100000000000001,1.8,36.67,88.35000000000001
2023,12,6,15,30,653,46,181,18.1,2.4000000000000004,31.35,78.09
2023,12,6,16,30,816,61,354,21.8,3.5,22.68,68.93
2023,12,6,17,30,899,67,493,24.3,3.8000000000000003,17.490000000000002,61.71
2023,12,6,18,30,943,67,578,26,3.5,15.620000000000001,57.18
2023,12,6,19,30,949,69,599,27.200000000000003,3,14.38,56.02
2023,12,6,20,30,928,68,554,27.700000000000003,2.7,13.67,58.45
2023,12,6,21,30,877,66,450,27.6,2.3000000000000003,13.450000000000001,64.04
2023,12,6,22,30,782,56,297,25.8,1.5,15.57,72.04
2023,12,6,23,30,549,38,117,23.1,0.9,30.27,81.71000000000001
2023,12,7,0,30,0,0,0,21.400000000000002,1,26.16,92.68
2023,12,7,1,30,0,0,0,20.6,0.9,25.150000000000002,104.31
2023,12,7,2,30,0,0,0,20,0.7000000000000001,25.07,116.43
2023,12,7,3,30,0,0,0,19.3,0.4,25.94,128.84
2023,12,7,4,30,0,0,0,18.7,0.30000000000000004,26.62,141.34
2023,12,7,5,30,0,0,0,17.900000000000002,0.4,27.52,153.61
2023,12,7,6,30,0,0,0,16.7,0.8,30.09,164.61
2023,12,7,7,30,0,0,0,15.4,1.1,33.24,168.88
2023,12,7,8,30,0,0,0,13.9,1.2000000000000002,37.26,161.07
2023,12,7,9,30,0,0,0,12.9,1.3,39.94,149.39000000000001
2023,12,7,10,30,0,0,0,12.5,1.3,40.96,136.98
2023,12,7,11,30,0,0,0,12.5,1.2000000000000002,41.35,124.5
2023,12,7,12,30,0,0,0,12.100000000000001,1.3,42.52,112.17
2023,12,7,13,30,0,0,0,11.5,1.3,43.19,100.21000000000001
2023,12,7,14,30,30,11,12,12.5,1.4000000000000001,39.11,88.49
2023,12,7,15,30,660,45,180,15.700000000000001,2,35.26,78.24
2023,12,7,16,30,823,60,354,18.8,2.2,25.71,69.09
2023,12,7,17,30,893,69,490,21.200000000000003,1.9000000000000001,22.54,61.85
2023,12,7,18,30,923,74,573,22.900000000000002,2.2,20.71,57.31
2023,12,7,19,30,918,79,591,23.400000000000002,2.5,20.38,56.13
2023,12,7,20,30,877,85,543,23.5,2.5,20.580000000000002,58.53
2023,12,7,21,30,861,69,445,23.6,2.2,20.52,64.08
2023,12,7,22,30,761,59,293,22.400000000000002,1.4000000000000001,21.92,72.06
2023,12,7,23,30,522,40,115,20.1,0.7000000000000001,34.72,81.71000000000001
2023,12,8,0,30,0,0,0,18.7,0.5,31.73,92.66
2023,12,8,1,30,0,0,0,18.2,0.30000000000000004,30.64,104.28
2023,12,8,2,30,0,0,0,17.8,0.30000000000000004,30.75,116.39
2023,12,8,3,30,0,0,0,17.3,0.4,31.11,128.8
2023,12,8,4,30,0,0,0,16.400000000000002,0.6000000000000001,33.160000000000004,141.3
2023,12,8,5,30,0,0,0,15.5,0.8,34.47,153.58
2023,12,8,6,30,0,0,0,14.700000000000001,0.8,36.31,164.62
2023,12,8,7,30,0,0,0,13.600000000000001,0.9,38.59,169.01
2023,12,8,8,30,0,0,0,12.4,0.9,41.25,161.22
2023,12,8,9,30,0,0,0,11.5,0.9,43.85,149.53
2023,12,8,10,30,0,0,0,10.9,0.8,45.86,137.12
2023,12,8,11,30,0,0,0,10.3,0.8,48.21,124.63000000000001
2023,12,8,12,30,0,0,0,9.9,0.7000000000000001,50.79,112.31
2023,12,8,13,30,0,0,0,9.8,0.4,53.050000000000004,100.35000000000001
2023,12,8,14,30,134,14,17,10.600000000000001,0.5,51.52,88.62
2023,12,8,15,30,631,48,175,13,1.3,46.89,78.38
2023,12,8,16,30,820,63,354,16.3,1.6,37.160000000000004,69.23
2023,12,8,17,30,909,69,496,19.200000000000003,0.9,28.86,61.99
2023,12,8,18,30,954,70,583,21.200000000000003,1.1,22.16,57.44
2023,12,8,19,30,912,88,595,22.3,2.2,18.37,56.24
2023,12,8,20,30,670,157,506,22.700000000000003,2.4000000000000004,16.97,58.6
2023,12,8,21,30,896,65,456,22.6,2.2,16.240000000000002,64.12
2023,12,8,22,30,801,56,302,21.1,1.5,17.240000000000002,72.08
2023,12,8,23,30,189,72,99,17.900000000000002,1,30.03,81.7
2023,12,9,0,30,0,0,0,15.100000000000001,1.2000000000000002,32.94,92.64
2023,12,9,1,30,0,0,0,14.200000000000001,1.2000000000000002,33.59,104.25
2023,12,9,2,30,0,0,0,13.9,1.1,33.27,116.35000000000001
2023,12,9,3,30,0,0,0,13.700000000000001,0.9,31.98,128.75
2023,12,9,4,30,0,0,0,13,0.7000000000000001,31.38,141.25
2023,12,9,5,30,0,0,0,11.8,0.9,32.33,153.54
2023,12,9,6,30,0,0,0,10.3,1.4000000000000001,34.63,164.63
2023,12,9,7,30,0,0,0,9.200000000000001,1.7000000000000002,35.43,169.13
2023,12,9,8,30,0,0,0,8.3,2,35.64,161.36
2023,12,9,9,30,0,0,0,7.4,2.3000000000000003,35.45,149.67000000000002
2023,12,9,10,30,0,0,0,6.800000000000001,2.6,34.39,137.26
2023,12,9,11,30,0,0,0,6.1000000000000005,2.6,33.43,124.77
2023,12,9,12,30,0,0,0,5.4,2.5,32.910000000000004,112.45
2023,12,9,13,30,0,0,0,5,2.4000000000000004,32.49,100.49000000000001
2023,12,9,14,30,226,15,20,6.5,2.8000000000000003,28.09,88.74
2023,12,9,15,30,754,38,188,9.9,3.9000000000000004,21.34,78.52
2023,12,9,16,30,907,48,368,13.200000000000001,4.6000000000000005,15.47,69.37
2023,12,9,17,30,956,58,505,15.9,4.2,11.92,62.13
2023,12,9,18,30,979,67,592,17.8,3.5,9.96,57.56
2023,12,9,19,30,988,67,615,19,3.1,8.91,56.33
2023,12,9,20,30,970,67,572,19.700000000000003,3.1,8.43,58.660000000000004
2023,12,9,21,30,920,65,466,19.700000000000003,3.2,8.41,64.16
2023,12,9,22,30,828,54,309,18.3,2.5,9.26,72.09
2023,12,9,23,30,613,36,125,14.5,1.8,18.29,81.69
2023,12,10,0,30,0,0,0,11.4,1.9000000000000001,23.61,92.61
2023,12,10,1,30,0,0,0,10.4,2.3000000000000003,22.26,104.21000000000001
2023,12,10,2,30,0,0,0,9.600000000000001,2.7,21.79,116.3
2023,12,10,3,30,0,0,0,8.8,2.9000000000000004,22.25,128.7
2023,12,10,4,30,0,0,0,8.200000000000001,3.2,22.84,141.20000000000002
2023,12,10,5,30,0,0,0,7.800000000000001,3.5,23.32,153.5
2023,12,10,6,30,0,0,0,7.300000000000001,3.6,23.94,164.63
2023,12,10,7,30,0,0,0,6.800000000000001,3.4000000000000004,25,169.24
2023,12,10,8,30,0,0,0,6.300000000000001,3.1,26.51,161.5
2023,12,10,9,30,0,0,0,5.9,2.7,28.12,149.8
2023,12,10,10,30,0,0,0,5.6000000000000005,2.4000000000000004,29.46,137.39000000000001
2023,12,10,11,30,0,0,0,5.6000000000000005,2.2,29.54,124.9
2023,12,10,12,30,0,0,0,5.6000000000000005,2.2,29.36,112.59
2023,12,10,13,30,0,0,0,5.6000000000000005,2.1,29.25,100.63
2023,12,10,14,30,184,14,18,7.5,2.5,25.67,88.86
2023,12,10,15,30,723,39,181,11.3,3.6,20.240000000000002,78.66
2023,12,10,16,30,876,51,358,14.700000000000001,4.4,15.790000000000001,69.51
2023,12,10,17,30,947,58,499,17.7,4.2,13.42,62.25
2023,12,10,18,30,978,63,586,20.200000000000003,3.6,10.66,57.67
2023,12,10,19,30,989,62,609,22,2.8000000000000003,8.8,56.42
2023,12,10,20,30,962,66,565,22.900000000000002,2,7.890000000000001,58.72
2023,12,10,21,30,900,67,459,23,1.2000000000000002,7.63,64.19
2023,12,10,22,30,802,57,304,21.200000000000003,0.7000000000000001,8.89,72.09
2023,12,10,23,30,569,40,122,17.8,0.6000000000000001,23.44,81.67
2023,12,11,0,30,0,0,0,15.9,0.5,20.8,92.58
2023,12,11,1,30,0,0,0,15,0.6000000000000001,19.97,104.16
2023,12,11,2,30,0,0,0,13.100000000000001,1.1,21.580000000000002,116.25
2023,12,11,3,30,0,0,0,11,1.4000000000000001,26.13,128.64000000000001
2023,12,11,4,30,0,0,0,9.600000000000001,1.6,28.32,141.14000000000001
2023,12,11,5,30,0,0,0,8.8,1.8,28.740000000000002,153.45000000000002
2023,12,11,6,30,0,0,0,8.3,1.9000000000000001,28.150000000000002,164.62
2023,12,11,7,30,0,0,0,7.800000000000001,1.8,28.060000000000002,169.35
2023,12,11,8,30,0,0,0,7.5,1.7000000000000002,28.5,161.64000000000001
2023,12,11,9,30,0,0,0,7.4,1.6,28.88,149.94
2023,12,11,10,30,0,0,0,7.300000000000001,1.6,29.29,137.52
2023,12,11,11,30,0,0,0,7.4,1.6,29.38,125.04
2023,12,11,12,30,0,0,0,7.5,1.5,29.59,112.72
2023,12,11,13,30,0,0,0,7.7,1.5,29.78,100.76
2023,12,11,14,30,2,11,11,9.1,1.4000000000000001,27.73,88.99
2023,12,11,15,30,69,100,113,12.100000000000001,1.8,24.650000000000002,78.8
2023,12,11,16,30,163,174,231,15.100000000000001,2.4000000000000004,18.3,69.64
2023,12,11,17,30,309,219,362,17.900000000000002,2.5,14.55,62.38
2023,12,11,18,30,419,224,447,20.5,2.4000000000000004,11.89,57.77
2023,12,11,19,30,288,271,430,22.1,2,10.56,56.5
2023,12,11,20,30,339,247,423,22.700000000000003,1.5,10.25,58.77
2023,12,11,21,30,791,96,440,22.1,0.9,10.97,64.21000000000001
2023,12,11,22,30,389,134,254,20.8,0.4,22.85,72.08
2023,12,11,23,30,85,81,93,19.5,0.4,22.35,81.65
2023,12,12,0,30,0,0,0,18.2,0.7000000000000001,19.59,92.54
2023,12,12,1,30,0,0,0,16.3,1.1,22.330000000000002,104.11
2023,12,12,2,30,0,0,0,14.5,1.3,26.82,116.19
2023,12,12,3,30,0,0,0,13.600000000000001,1.4000000000000001,28.22,128.58
2023,12,12,4,30,0,0,0,13.3,1.5,28.76,141.08
2023,12,12,5,30,0,0,0,13,1.7000000000000002,29.16,153.4
2023,12,12,6,30,0,0,0,12.600000000000001,1.9000000000000001,29.66,164.6
2023,12,12,7,30,0,0,0,12.200000000000001,2.1,29.85,169.45000000000002
2023,12,12,8,30,0,0,0,11.9,2.4000000000000004,29.59,161.77
2023,12,12,9,30,0,0,0,11.8,2.4000000000000004,28.69,150.07
2023,12,12,10,30,0,0,0,11.700000000000001,2.3000000000000003,28.1,137.65
2023,12,12,11,30,0,0,0,11.5,2.2,28.17,125.17
2023,12,12,12,30,0,0,0,11.200000000000001,2.1,28.71,112.85000000000001
2023,12,12,13,30,0,0,0,10.600000000000001,1.9000000000000001,29.990000000000002,100.89
2023,12,12,14,30,0,8,8,11.200000000000001,1.8,28.72,89.11
2023,12,12,15,30,40,90,98,14.3,2.6,24.42,78.93
2023,12,12,16,30,362,146,271,17.5,3.3000000000000003,17.2,69.77
2023,12,12,17,30,415,187,379,19.5,3,13.85,62.49
2023,12,12,18,30,255,261,397,20.200000000000003,2.5,12.38,57.870000000000005
2023,12,12,19,30,319,258,434,20.3,2.2,11.84,56.57
2023,12,12,20,30,373,235,428,20.5,2.1,11.5,58.81
2023,12,12,21,30,448,175,370,20.400000000000002,1.9000000000000001,11.34,64.22
2023,12,12,22,30,127,157,196,18.900000000000002,1.2000000000000002,12.92,72.07000000000001
2023,12,12,23,30,168,77,101,16.8,0.8,25.77,81.62
2023,12,13,0,30,0,0,0,15.8,0.8,22.91,92.5
2023,12,13,1,30,0,0,0,15.4,0.8,21.38,104.06
2023,12,13,2,30,0,0,0,14.9,0.8,20.56,116.13
2023,12,13,3,30,0,0,0,14.600000000000001,0.6000000000000001,20.05,128.51
2023,12,13,4,30,0,0,0,14.5,0.5,18.86,141.01
2023,12,13,5,30,0,0,0,13.5,0.8,19.900000000000002,153.34
2023,12,13,6,30,0,0,0,11.9,1.2000000000000002,23.150000000000002,164.57
2023,12,13,7,30,0,0,0,10.600000000000001,1.4000000000000001,26.32,169.53
2023,12,13,8,30,0,0,0,9.8,1.4000000000000001,28.94,161.9
2023,12,13,9,30,0,0,0,9.4,1.3,31.39,150.20000000000002
2023,12,13,10,30,0,0,0,9,1.2000000000000002,34.11,137.78
2023,12,13,11,30,0,0,0,8.5,1.2000000000000002,36.89,125.29
2023,12,13,12,30,0,0,0,7.9,1.2000000000000002,39.54,112.98
2023,12,13,13,30,0,0,0,7.5,1.2000000000000002,41.2,101.02
2023,12,13,14,30,91,10,11,8.5,1.1,38.84,89.22
2023,12,13,15,30,590,48,160,11.600000000000001,1.5,35.47,79.05
2023,12,13,16,30,776,66,333,15,1.8,28.18,69.89
2023,12,13,17,30,867,75,474,17.7,1.7000000000000002,23.5,62.6
2023,12,13,18,30,915,78,563,19.700000000000003,2,18.59,57.96
2023,12,13,19,30,925,78,587,20.5,2.3000000000000003,16.5,56.63
2023,12,13,20,30,910,76,547,20.8,2.4000000000000004,14.950000000000001,58.85
2023,12,13,21,30,867,71,448,20.400000000000002,2.3000000000000003,14.120000000000001,64.23
2023,12,13,22,30,767,60,296,18.8,1.6,14.73,72.05
2023,12,13,23,30,536,40,118,15.700000000000001,1.1,24.8,81.59
2023,12,14,0,30,0,0,0,13.4,1.2000000000000002,26.3,92.45
2023,12,14,1,30,0,0,0,12.5,1.3,25.77,104
2023,12,14,2,30,0,0,0,11.8,1.3,26.16,116.07000000000001
2023,12,14,3,30,0,0,0,11.3,1.2000000000000002,26.55,128.44
2023,12,14,4,30,0,0,0,11.200000000000001,1,26.19,140.94
2023,12,14,5,30,0,0,0,11.100000000000001,0.8,25.54,153.28
2023,12,14,6,30,0,0,0,10.5,0.8,26.2,164.54
2023,12,14,7,30,0,0,0,9.5,1,28.27,169.61
2023,12,14,8,30,0,0,0,8.3,1.2000000000000002,31.560000000000002,162.03
2023,12,14,9,30,0,0,0,7.1000000000000005,1.3,35.47,150.32
2023,12,14,10,30,0,0,0,6.300000000000001,1.3,39.050000000000004,137.91
2023,12,14,11,30,0,0,0,5.7,1.3,42.35,125.42
2023,12,14,12,30,0,0,0,5.300000000000001,1.4000000000000001,45,113.11
2023,12,14,13,30,0,0,0,5.1000000000000005,1.4000000000000001,46.49,101.15
2023,12,14,14,30,107,10,11,6.7,1.4000000000000001,41.88,89.32000000000001
2023,12,14,15,30,628,45,163,10.5,2.1,34.27,79.17
2023,12,14,16,30,813,62,340,14.100000000000001,2,26.26,70
2023,12,14,17,30,897,71,482,17,1,20.05,62.71
2023,12,14,18,30,937,75,571,19.200000000000003,0.7000000000000001,15.68,58.050000000000004
2023,12,14,19,30,947,76,596,20.6,1.1,13.450000000000001,56.69
2023,12,14,20,30,926,74,553,21.200000000000003,1.4000000000000001,12.66,58.870000000000005
2023,12,14,21,30,877,69,450,21.200000000000003,1.5,12.52,64.23
2023,12,14,22,30,782,58,299,19.8,1.1,13.69,72.03
2023,12,14,23,30,558,39,121,16.7,1,24.79,81.54
2023,12,15,0,30,0,0,0,14.4,1.2000000000000002,24.79,92.39
2023,12,15,1,30,0,0,0,14.200000000000001,1,23.39,103.94
2023,12,15,2,30,0,0,0,13.8,0.9,22.94,116
2023,12,15,3,30,0,0,0,12.100000000000001,1.2000000000000002,25.97,128.37
2023,12,15,4,30,0,0,0,10.3,1.5,31.35,140.87
2023,12,15,5,30,0,0,0,9.3,1.7000000000000002,37.49,153.21
2023,12,15,6,30,0,0,0,8.9,2.2,45.910000000000004,164.5
2023,12,15,7,30,0,0,0,8.8,2.9000000000000004,53.17,169.69
2023,12,15,8,30,0,0,0,8.6,3.2,57.34,162.15
2023,12,15,9,30,0,0,0,8.3,3.1,58.550000000000004,150.45000000000002
2023,12,15,10,30,0,0,0,8.1,2.9000000000000004,57.85,138.03
2023,12,15,11,30,0,0,0,7.9,2.8000000000000003,57.25,125.54
2023,12,15,12,30,0,0,0,7.800000000000001,2.7,56.54,113.23
2023,12,15,13,30,0,0,0,7.800000000000001,2.6,55.53,101.27
2023,12,15,14,30,125,11,12,9.4,3.2,48.72,89.43
2023,12,15,15,30,663,41,164,12.600000000000001,3.7,38.93,79.29
2023,12,15,16,30,838,55,340,16.400000000000002,3.5,30.35,70.11
2023,12,15,17,30,919,62,482,20.400000000000002,3.2,21.44,62.800000000000004
2023,12,15,18,30,957,65,570,23.1,2.8000000000000003,15.11,58.120000000000005
2023,12,15,19,30,967,65,595,24.700000000000003,2.4000000000000004,12.32,56.74
2023,12,15,20,30,944,67,555,25.6,2,10.75,58.89
2023,12,15,21,30,872,72,451,25.700000000000003,1.5,10.02,64.22
2023,12,15,22,30,783,58,300,24.5,0.7000000000000001,11.69,72
2023,12,15,23,30,553,39,121,21.900000000000002,0.6000000000000001,19.03,81.5
2023,12,16,0,30,0,0,0,18.6,1.1,19.650000000000002,92.33
2023,12,16,1,30,0,0,0,16,1.5,22.48,103.87
2023,12,16,2,30,0,0,0,14.3,2,25.12,115.92
2023,12,16,3,30,0,0,0,13.5,2.8000000000000003,26.78,128.29
2023,12,16,4,30,0,0,0,12.9,3.5,28.6,140.79
2023,12,16,5,30,0,0,0,12.4,3.7,30.14,153.14000000000001
2023,12,16,6,30,0,0,0,12,3.8000000000000003,31.23,164.46
2023,12,16,7,30,0,0,0,11.700000000000001,3.8000000000000003,31.82,169.75
2023,12,16,8,30,0,0,0,11.3,3.5,32.12,162.27
2023,12,16,9,30,0,0,0,10.8,2.9000000000000004,32.2,150.57
2023,12,16,10,30,0,0,0,10.5,2.6,31.55,138.15
2023,12,16,11,30,0,0,0,10.4,2.6,30.7,125.67
2023,12,16,12,30,0,0,0,10.4,2.7,29.89,113.35000000000001
2023,12,16,13,30,0,0,0,10.3,2.7,29.080000000000002,101.39
2023,12,16,14,30,1,7,7,11.9,3.2,25.150000000000002,89.54
2023,12,16,15,30,326,79,139,15.5,3.9000000000000004,19.36,79.4
2023,12,16,16,30,337,154,268,19.1,4.2,15.25,70.22
2023,12,16,17,30,249,226,339,22.5,4.3,12.93,62.9
2023,12,16,18,30,428,219,445,24.8,4.1000000000000005,11.09,58.19
2023,12,16,19,30,507,205,483,26.3,3.4000000000000004,9.61,56.78
2023,12,16,20,30,484,198,448,26.900000000000002,2.9000000000000004,8.86,58.910000000000004
2023,12,16,21,30,691,122,423,26.700000000000003,2.2,8.75,64.2
2023,12,16,22,30,539,108,275,24.6,1.3,12.07,71.97
2023,12,16,23,30,158,78,101,21.700000000000003,0.9,21.330000000000002,81.45
2023,12,17,0,30,0,0,0,19.6,1,18.48,92.27
2023,12,17,1,30,0,0,0,17.8,1.3,19.56,103.79
2023,12,17,2,30,0,0,0,15.5,1.6,22.43,115.84
2023,12,17,3,30,0,0,0,13.8,1.8,24.75,128.21
2023,12,17,4,30,0,0,0,12.9,1.9000000000000001,25.92,140.71
2023,12,17,5,30,0,0,0,12.200000000000001,2.1,27.13,153.06
2023,12,17,6,30,0,0,0,11.700000000000001,2.2,27.7,164.41
2023,12,17,7,30,0,0,0,11.200000000000001,2.2,27.830000000000002,169.81
2023,12,17,8,30,0,0,0,10.8,2.1,27.72,162.38
2023,12,17,9,30,0,0,0,10.3,1.9000000000000001,28.1,150.69
2023,12,17,10,30,0,0,0,9.9,1.8,28.54,138.27
2023,12,17,11,30,0,0,0,9.600000000000001,1.8,28.79,125.78
2023,12,17,12,30,0,0,0,9.3,1.8,28.82,113.47
2023,12,17,13,30,0,0,0,9.1,1.8,28.47,101.51
2023,12,17,14,30,118,10,11,10.600000000000001,1.9000000000000001,25,89.64
2023,12,17,15,30,339,66,128,14.4,2.5,19.82,79.51
2023,12,17,16,30,841,58,341,18.5,3.1,14.31,70.32000000000001
2023,12,17,17,30,568,165,423,21.900000000000002,3.2,12.67,62.980000000000004
2023,12,17,18,30,979,66,581,24.6,2.9000000000000004,10.75,58.26
2023,12,17,19,30,988,67,608,26.3,2.4000000000000004,9.17,56.82
2023,12,17,20,30,966,69,568,27.1,2,8.32,58.910000000000004
2023,12,17,21,30,913,67,465,27,1.5,8.15,64.18
2023,12,17,22,30,817,57,311,25.1,0.9,10.34,71.92
2023,12,17,23,30,591,41,129,22,0.8,19.41,81.39
2023,12,18,0,30,0,0,0,19.900000000000002,1,17.26,92.2
2023,12,18,1,30,0,0,0,18,1.2000000000000002,18.11,103.72
2023,12,18,2,30,0,0,0,15.600000000000001,1.5,21.26,115.76
2023,12,18,3,30,0,0,0,14.200000000000001,1.6,23.39,128.12
2023,12,18,4,30,0,0,0,13.9,1.8,23.8,140.62
2023,12,18,5,30,0,0,0,13.700000000000001,2.1,24.17,152.98
2023,12,18,6,30,0,0,0,13.5,2.2,24.54,164.35
2023,12,18,7,30,0,0,0,13.4,2.1,24.93,169.85
2023,12,18,8,30,0,0,0,13.4,2,25.18,162.49
2023,12,18,9,30,0,0,0,13.5,2.1,25.12,150.8
2023,12,18,10,30,0,0,0,13.3,2.1,25.19,138.39000000000001
2023,12,18,11,30,0,0,0,13.100000000000001,2.1,25.1,125.9
2023,12,18,12,30,0,0,0,12.9,2,24.94,113.58
2023,12,18,13,30,0,0,0,12.8,2,24.47,101.62
2023,12,18,14,30,0,6,6,14,2.3000000000000003,22.04,89.74
2023,12,18,15,30,11,65,67,16.900000000000002,2.9000000000000004,18.150000000000002,79.61
2023,12,18,16,30,141,165,212,19.8,3.5,14.43,70.41
2023,12,18,17,30,147,214,281,22.1,3.8000000000000003,12.48,63.06
2023,12,18,18,30,13,164,171,23.700000000000003,3.6,11.46,58.31
2023,12,18,19,30,118,271,336,24.6,3.1,10.96,56.85
2023,12,18,20,30,37,231,250,25.3,2.8000000000000003,10.61,58.910000000000004
2023,12,18,21,30,13,136,142,25.5,2.4000000000000004,10.49,64.15
2023,12,18,22,30,347,135,243,24.1,1.5,12.38,71.87
2023,12,18,23,30,70,57,68,22.1,0.7000000000000001,19.34,81.33
2023,12,19,0,30,0,0,0,20.900000000000002,0.5,17.6,92.12
2023,12,19,1,30,0,0,0,19.700000000000003,0.8,17.93,103.63
2023,12,19,2,30,0,0,0,18,1.2000000000000002,20.59,115.67
2023,12,19,3,30,0,0,0,16.5,1.3,22.990000000000002,128.03
2023,12,19,4,30,0,0,0,15.600000000000001,1.4000000000000001,24.37,140.53
2023,12,19,5,30,0,0,0,14.8,1.5,25.76,152.89000000000001
2023,12,19,6,30,0,0,0,14.200000000000001,1.6,26.82,164.28
2023,12,19,7,30,0,0,0,13.600000000000001,1.8,27.69,169.89000000000001
2023,12,19,8,30,0,0,0,13.100000000000001,2,28.42,162.59
2023,12,19,9,30,0,0,0,12.600000000000001,1.9000000000000001,29.28,150.91
2023,12,19,10,30,0,0,0,12.3,1.8,29.72,138.5
2023,12,19,11,30,0,0,0,12.100000000000001,1.6,29.8,126.01
2023,12,19,12,30,0,0,0,12,1.5,29.57,113.69
2023,12,19,13,30,0,0,0,12.100000000000001,1.4000000000000001,29,101.73
2023,12,19,14,30,0,3,3,13.3,1.2000000000000002,26.67,89.82000000000001
2023,12,19,15,30,0,16,16,16.1,1.8,23.75,79.71000000000001
2023,12,19,16,30,3,65,66,18.900000000000002,2.4000000000000004,18.39,70.5
2023,12,19,17,30,1,71,71,20.900000000000002,2.3000000000000003,15.68,63.13
2023,12,19,18,30,165,252,339,22.6,2.2,14.02,58.36
2023,12,19,19,30,162,282,371,23.8,2.1,12.92,56.870000000000005
2023,12,19,20,30,137,231,302,24.3,2,12.63,58.9
2023,12,19,21,30,539,150,385,24.200000000000003,1.7000000000000002,12.85,64.12
2023,12,19,22,30,762,57,295,23,1.1,13.870000000000001,71.82000000000001
2023,12,19,23,30,105,78,94,21.3,0.4,21.240000000000002,81.26
2023,12,20,0,30,0,1,1,19.900000000000002,0.4,19.11,92.04
2023,12,20,1,30,0,0,0,18.5,0.9,20.26,103.55
2023,12,20,2,30,0,0,0,16.8,1.3,23.02,115.58
2023,12,20,3,30,0,0,0,15.600000000000001,1.3,26.3,127.94
2023,12,20,4,30,0,0,0,15,1.3,28.93,140.43
2023,12,20,5,30,0,0,0,14.700000000000001,1.4000000000000001,30.75,152.8
2023,12,20,6,30,0,0,0,14.9,1.4000000000000001,31.21,164.21
2023,12,20,7,30,0,0,0,15.100000000000001,1.5,31.48,169.92000000000002
2023,12,20,8,30,0,0,0,15.100000000000001,1.5,32.52,162.69
2023,12,20,9,30,0,0,0,14.9,1.6,34.51,151.02
2023,12,20,10,30,0,0,0,14.700000000000001,1.9000000000000001,36.95,138.61
2023,12,20,11,30,0,0,0,14.600000000000001,2.5,40.83,126.12
2023,12,20,12,30,0,0,0,14.4,3.3000000000000003,48.03,113.8
2023,12,20,13,30,0,0,0,14.100000000000001,3.7,56.44,101.83
2023,12,20,14,30,0,3,3,14.100000000000001,3.7,60.1,89.91
2023,12,20,15,30,3,38,39,15,3.5,57.64,79.8
2023,12,20,16,30,18,120,126,16.400000000000002,3,52.910000000000004,70.58
2023,12,20,17,30,55,198,223,17.900000000000002,2.1,49.82,63.190000000000005
2023,12,20,18,30,599,166,480,19,1.3,49.230000000000004,58.4
2023,12,20,19,30,838,89,547,19.5,1.3,50.54,56.88
2023,12,20,20,30,829,85,513,19.700000000000003,2.2,52.35,58.88
2023,12,20,21,30,796,75,423,20.1,2.7,52.09,64.07000000000001
2023,12,20,22,30,719,60,285,20,2.3000000000000003,52.34,71.76
2023,12,20,23,30,515,39,118,17.900000000000002,1.5,61.31,81.18
2023,12,21,0,30,0,1,1,15.8,1.3,67.33,91.96000000000001
2023,12,21,1,30,0,0,0,15.4,1.4000000000000001,66.34,103.45
2023,12,21,2,30,0,0,0,15.4,1.4000000000000001,63.52,115.48
2023,12,21,3,30,0,0,0,15.100000000000001,1.2000000000000002,62.93,127.84
2023,12,21,4,30,0,0,0,14.5,1.1,64.78,140.33
2023,12,21,5,30,0,0,0,14,1,67.2,152.70000000000002
2023,12,21,6,30,0,0,0,14,1,68.27,164.14000000000001
2023,12,21,7,30,0,0,0,14.3,1.1,68.92,169.94
2023,12,21,8,30,0,0,0,14.700000000000001,1,69.88,162.79
2023,12,21,9,30,0,0,0,14.8,0.9,72.05,151.13
2023,12,21,10,30,0,0,0,14.5,0.9,75.63,138.72
2023,12,21,11,30,0,0,0,13.8,1,80.89,126.23
2023,12,21,12,30,0,0,0,13.100000000000001,1.1,85.83,113.91
2023,12,21,13,30,0,0,0,12.8,1.2000000000000002,87.47,101.93
2023,12,21,14,30,49,6,6,14.100000000000001,1.5,78.46000000000001,89.99
2023,12,21,15,30,527,44,137,16.900000000000002,2.2,64.41,79.89
2023,12,21,16,30,726,63,304,19.700000000000003,2.5,55.15,70.65
2023,12,21,17,30,826,71,443,22,2.5,51.07,63.25
2023,12,21,18,30,876,74,532,23.400000000000002,2.5,46.62,58.44
2023,12,21,19,30,890,74,560,24.200000000000003,2.5,42.95,56.88
2023,12,21,20,30,875,73,525,24.5,2.5,40.35,58.86
2023,12,21,21,30,828,69,432,24.400000000000002,2.3000000000000003,38.480000000000004,64.03
2023,12,21,22,30,738,58,290,23.400000000000002,1.5,39.230000000000004,71.69
2023,12,21,23,30,526,40,121,21,1,49.79,81.10000000000001
2023,12,22,0,30,21,3,2,18.8,1.1,52.78,91.87
2023,12,22,1,30,0,0,0,17.5,1.2000000000000002,55.21,103.36
2023,12,22,2,30,0,0,0,16.8,1.2000000000000002,56.75,115.38
2023,12,22,3,30,0,0,0,16.8,1.1,55.89,127.74000000000001
2023,12,22,4,30,0,0,0,17.2,0.8,53.83,140.23
2023,12,22,5,30,0,0,0,16.900000000000002,0.7000000000000001,53.88,152.6
2023,12,22,6,30,0,0,0,15.9,1,56.02,164.05
2023,12,22,7,30,0,0,0,15.100000000000001,1.1,57.51,169.95000000000002
2023,12,22,8,30,0,0,0,14.3,1.1,59.02,162.88
2023,12,22,9,30,0,0,0,13.3,1.4000000000000001,62.25,151.23
2023,12,22,10,30,0,0,0,12.4,1.6,64.41,138.82
2023,12,22,11,30,0,0,0,12.200000000000001,1.2000000000000002,64.46000000000001,126.33
2023,12,22,12,30,0,0,0,12.4,1,65.03,114.01
2023,12,22,13,30,0,0,0,12.5,0.8,67.74,102.03
2023,12,22,14,30,0,1,1,12.5,1,70.5,90.06
2023,12,22,15,30,0,4,4,13,1.8,74.71000000000001,79.97
2023,12,22,16,30,0,17,17,13.5,2.8000000000000003,75.26,70.72
2023,12,22,17,30,0,27,27,13.8,3.4000000000000004,77.82000000000001,63.300000000000004
2023,12,22,18,30,1,95,96,14.3,3.8000000000000003,79.33,58.46
2023,12,22,19,30,0,65,65,14.8,3.7,79.28,56.88
2023,12,22,20,30,0,54,54,14.9,3.2,79.42,58.82
2023,12,22,21,30,0,44,44,14.600000000000001,2.7,80.54,63.97
2023,12,22,22,30,0,26,26,13.9,2.1,85.02,71.61
2023,12,22,23,30,0,17,17,12.9,1.4000000000000001,91.59,81.01
2023,12,23,0,30,0,0,0,12.3,1.3,92.34,91.78
2023,12,23,1,30,0,0,0,12.200000000000001,1.7000000000000002,91.68,103.26
2023,12,23,2,30,0,0,0,12.3,2.1,91.36,115.28
2023,12,23,3,30,0,0,0,12.200000000000001,2,92.10000000000001,127.63000000000001
2023,12,23,4,30,0,0,0,12,1.6,93.73,140.13
2023,12,23,5,30,0,0,0,11.9,1.4000000000000001,96.02,152.5
2023,12,23,6,30,0,0,0,11.700000000000001,1.4000000000000001,98.52,163.97
2023,12,23,7,30,0,0,0,11.3,1.4000000000000001,100,169.95000000000002
2023,12,23,8,30,0,0,0,10.8,1.2000000000000002,100,162.96
2023,12,23,9,30,0,0,0,10.700000000000001,1,100,151.33
2023,12,23,10,30,0,0,0,10.9,0.9,99.57000000000001,138.92000000000002
2023,12,23,11,30,0,0,0,10.9,0.8,99.08,126.43
2023,12,23,12,30,0,0,0,10.8,0.8,98.47,114.10000000000001
2023,12,23,13,30,0,0,0,10.700000000000001,0.8,97.7,102.13
2023,12,23,14,30,33,6,6,11.100000000000001,1.2000000000000002,94.2,90.14
2023,12,23,15,30,482,52,135,11.700000000000001,1.7000000000000002,90.56,80.05
2023,12,23,16,30,341,129,241,12.200000000000001,1.7000000000000002,85.92,70.79
2023,12,23,17,30,0,87,87,13.200000000000001,1.6,78.58,63.35
2023,12,23,18,30,34,223,241,14.4,1.5,69.99,58.480000000000004
2023,12,23,19,30,0,82,82,15.3,1.5,63.1,56.870000000000005
2023,12,23,20,30,0,85,85,15.8,1.4000000000000001,58.800000000000004,58.78
2023,12,23,21,30,0,109,109,15.700000000000001,1.4000000000000001,57.72,63.910000000000004
2023,12,23,22,30,0,48,48,15.100000000000001,1.2000000000000002,59.38,71.54
2023,12,23,23,30,509,42,122,13.4,0.9,68.12,80.92
2023,12,24,0,30,27,3,2,11.8,0.7000000000000001,77.32000000000001,91.68
2023,12,24,1,30,0,0,0,11.200000000000001,0.7000000000000001,77.66,103.16
2023,12,24,2,30,0,0,0,11,0.6000000000000001,78.22,115.17
2023,12,24,3,30,0,0,0,10.9,0.4,78.78,127.52
2023,12,24,4,30,0,0,0,10.8,0.4,79.28,140.02
2023,12,24,5,30,0,0,0,10.200000000000001,0.5,82.4,152.39000000000001
2023,12,24,6,30,0,0,0,9.4,0.8,86.47,163.87
2023,12,24,7,30,0,0,0,8.6,1,90.41,169.95000000000002
2023,12,24,8,30,0,0,0,8.200000000000001,1,91.72,163.04
2023,12,24,9,30,0,0,0,8,1,91.68,151.42000000000002
2023,12,24,10,30,0,0,0,7.9,0.9,90.86,139.02
2023,12,24,11,30,0,0,0,7.7,0.8,90.32000000000001,126.53
2023,12,24,12,30,0,0,0,7.6000000000000005,0.7000000000000001,89.10000000000001,114.2
2023,12,24,13,30,0,0,0,7.6000000000000005,0.6000000000000001,87.25,102.21000000000001
2023,12,24,14,30,36,5,5,8.4,0.9,81.08,90.19
2023,12,24,15,30,332,45,102,10.4,1.4000000000000001,71.47,80.12
2023,12,24,16,30,2,109,110,12.600000000000001,1.3,61.22,70.84
2023,12,24,17,30,806,87,448,14.5,0.9,54.32,63.38
2023,12,24,18,30,877,85,543,15.9,1,49.660000000000004,58.49
2023,12,24,19,30,895,85,574,17,1.3,45.02,56.85
2023,12,24,20,30,888,81,542,17.6,1.5,42,58.74
2023,12,24,21,30,791,84,433,17.7,1.5,40.160000000000004,63.84
2023,12,24,22,30,764,61,304,16.900000000000002,1.3,40.68,71.45
2023,12,24,23,30,559,42,131,14.3,1.1,53.06,80.83
2023,12,25,0,30,27,4,3,11.8,1.1,62.79,91.58
2023,12,25,1,30,0,0,0,10.9,1.1,66.28,103.05
2023,12,25,2,30,0,0,0,10.8,0.8,68.1,115.06
2023,12,25,3,30,0,0,0,10.700000000000001,0.6000000000000001,69.12,127.41
2023,12,25,4,30,0,0,0,10.100000000000001,0.8,71.56,139.91
2023,12,25,5,30,0,0,0,9.200000000000001,1,74.24,152.28
2023,12,25,6,30,0,0,0,8,1.2000000000000002,76.11,163.77
2023,12,25,7,30,0,0,0,6.9,1.4000000000000001,73.51,169.93
2023,12,25,8,30,0,0,0,6,1.7000000000000002,66.96000000000001,163.11
2023,12,25,9,30,0,0,0,5.300000000000001,1.8,58.230000000000004,151.51
2023,12,25,10,30,0,0,0,4.800000000000001,1.9000000000000001,52.09,139.11
2023,12,25,11,30,0,0,0,4.4,2,48.480000000000004,126.62
2023,12,25,12,30,0,0,0,4,2,47.35,114.29
2023,12,25,13,30,0,0,0,3.8000000000000003,2,46.76,102.3
2023,12,25,14,30,74,7,6,5.1000000000000005,2.6,42.01,90.87
2023,12,25,15,30,634,39,147,8,3.2,32.78,80.18
2023,12,25,16,30,653,78,292,11.4,2.6,25.66,70.89
2023,12,25,17,30,909,61,468,14.8,1.6,17.87,63.410000000000004
2023,12,25,18,30,947,65,560,16.7,0.9,14.540000000000001,58.5
2023,12,25,19,30,953,66,588,17.7,1.2000000000000002,13.5,56.82
2023,12,25,20,30,929,70,553,18.2,1.8,13.030000000000001,58.68
2023,12,25,21,30,871,70,455,18.1,2.2,13.33,63.76
2023,12,25,22,30,778,60,309,16.6,1.9000000000000001,15.38,71.36
2023,12,25,23,30,567,42,133,13.3,1.4000000000000001,31.03,80.73
2023,12,26,0,30,26,4,3,10.700000000000001,1.2000000000000002,37.980000000000004,91.47
2023,12,26,1,30,0,0,0,10.200000000000001,1,37.74,102.94
2023,12,26,2,30,0,0,0,10.3,0.6000000000000001,35.58,114.95
2023,12,26,3,30,0,0,0,9.8,0.6000000000000001,35.09,127.3
2023,12,26,4,30,0,0,0,8.4,1.1,38.94,139.79
2023,12,26,5,30,0,0,0,6.9,1.4000000000000001,43.72,152.17000000000002
2023,12,26,6,30,0,0,0,5.800000000000001,1.8,45.92,163.67000000000002
2023,12,26,7,30,0,0,0,5.2,2.2,44.6,169.91
2023,12,26,8,30,0,0,0,4.7,2.2,42.550000000000004,163.18
2023,12,26,9,30,0,0,0,4,1.9000000000000001,43.32,151.6
2023,12,26,10,30,0,0,0,3.5,1.8,44.76,139.21
2023,12,26,11,30,0,0,0,3,1.9000000000000001,45.99,126.71000000000001
2023,12,26,12,30,0,0,0,2.5,1.9000000000000001,46.43,114.38
2023,12,26,13,30,0,0,0,2.1,1.8,46.29,102.38
2023,12,26,14,30,81,7,6,3.5,2.1,40.93,90.94
2023,12,26,15,30,669,40,153,6.800000000000001,2.6,32.59,80.24
2023,12,26,16,30,859,53,334,10.3,2.7,23.22,70.94
2023,12,26,17,30,939,62,482,13.8,2.1,16.37,63.440000000000005
2023,12,26,18,30,975,67,577,16.400000000000002,1.3,11.78,58.49
2023,12,26,19,30,986,68,608,17.8,1.3,10.200000000000001,56.79
2023,12,26,20,30,744,139,526,18.5,1.7000000000000002,10,58.620000000000005
2023,12,26,21,30,784,99,447,18.5,1.7000000000000002,10.33,63.68
2023,12,26,22,30,323,136,240,16.8,1.2000000000000002,12.26,71.26
2023,12,26,23,30,629,39,142,13.5,1.1,32.87,80.62
2023,12,27,0,30,36,4,3,11.200000000000001,1.2000000000000002,31.32,91.36
2023,12,27,1,30,0,0,0,11.100000000000001,0.9,28.05,102.82000000000001
2023,12,27,2,30,0,0,0,11.200000000000001,0.5,24.59,114.83
2023,12,27,3,30,0,0,0,10.3,0.8,24.5,127.18
2023,12,27,4,30,0,0,0,8.8,1.2000000000000002,28.650000000000002,139.67000000000002
2023,12,27,5,30,0,0,0,6.800000000000001,1.4000000000000001,34.4,152.05
2023,12,27,6,30,0,0,0,5.2,1.6,40.25,163.56
2023,12,27,7,30,0,0,0,4.3,2,42.7,169.87
2023,12,27,8,30,0,0,0,3.7,2.1,43.050000000000004,163.24
2023,12,27,9,30,0,0,0,3.2,2,43.26,151.68
2023,12,27,10,30,0,0,0,2.8000000000000003,1.9000000000000001,43.89,139.29
2023,12,27,11,30,0,0,0,2.5,1.7000000000000002,44.82,126.8
2023,12,27,12,30,0,0,0,2.3000000000000003,1.6,45.46,114.46000000000001
2023,12,27,13,30,0,0,0,2.2,1.6,45.52,102.46000000000001
2023,12,27,14,30,82,7,6,4,1.8,39.99,91.01
2023,12,27,15,30,666,38,150,7.7,2.6,32.8,80.3
2023,12,27,16,30,775,68,321,11.200000000000001,2.8000000000000003,22.84,70.98
2023,12,27,17,30,807,96,457,14.5,2.2,17.23,63.45
2023,12,27,18,30,971,63,571,17.2,1.4000000000000001,12.39,58.480000000000004
2023,12,27,19,30,508,199,478,18.7,0.9,10.13,56.75
2023,12,27,20,30,515,192,461,19.200000000000003,0.8,10.03,58.550000000000004
2023,12,27,21,30,621,145,421,19.1,1.1,10.72,63.59
2023,12,27,22,30,410,136,268,17.400000000000002,1.1,13.35,71.16
2023,12,27,23,30,609,41,141,14.4,1,31.11,80.51
2023,12,28,0,30,33,4,3,12.8,1,32.36,91.24
2023,12,28,1,30,0,0,0,12.9,0.8,30.43,102.71000000000001
2023,12,28,2,30,0,0,0,12.600000000000001,0.7000000000000001,27.47,114.72
2023,12,28,3,30,0,0,0,11.700000000000001,0.9,28.11,127.06
2023,12,28,4,30,0,0,0,10.8,1.1,31.44,139.55
2023,12,28,5,30,0,0,0,9.9,1.2000000000000002,38.12,151.93
2023,12,28,6,30,0,0,0,9.1,1.5,41.18,163.45000000000002
2023,12,28,7,30,0,0,0,7.9,1.7000000000000002,43.31,169.83
2023,12,28,8,30,0,0,0,7,1.9000000000000001,43.29,163.3
2023,12,28,9,30,0,0,0,6.7,2.1,42.410000000000004,151.76
2023,12,28,10,30,0,0,0,6.300000000000001,2,42.65,139.37
2023,12,28,11,30,0,0,0,5.800000000000001,1.9000000000000001,44.47,126.88000000000001
2023,12,28,12,30,0,0,0,5.5,1.8,46.06,114.54
2023,12,28,13,30,0,0,0,5.5,1.8,46.45,102.53
2023,12,28,14,30,61,6,5,6.9,2.3000000000000003,42.18,91.07000000000001
2023,12,28,15,30,607,40,142,9.700000000000001,2.9000000000000004,34.74,80.35000000000001
2023,12,28,16,30,805,56,318,13,2.9000000000000004,26.62,71.01
2023,12,28,17,30,892,63,462,16.5,2.2,19.54,63.46
2023,12,28,18,30,934,67,556,19,1.3,14.65,58.46
2023,12,28,19,30,945,68,587,20.5,0.6000000000000001,12.72,56.7
2023,12,28,20,30,932,67,554,21.3,0.4,12.23,58.480000000000004
2023,12,28,21,30,891,64,462,21.5,0.5,12.280000000000001,63.49
2023,12,28,22,30,804,56,317,19.900000000000002,0.7000000000000001,14.36,71.05
2023,12,28,23,30,612,40,142,16.7,1,35.96,80.4
2023,12,29,0,30,63,6,5,14.200000000000001,1.1,32.59,91.12
2023,12,29,1,30,0,0,0,12.4,1.2000000000000002,33.67,102.58
2023,12,29,2,30,0,0,0,10.5,1.4000000000000001,37.95,114.59
2023,12,29,3,30,0,0,0,9.1,1.6,39.71,126.94
2023,12,29,4,30,0,0,0,8,1.9000000000000001,40.82,139.43
2023,12,29,5,30,0,0,0,7.2,2.3000000000000003,41.29,151.81
2023,12,29,6,30,0,0,0,6.6000000000000005,2.6,41.25,163.33
2023,12,29,7,30,0,0,0,6.300000000000001,2.8000000000000003,40.37,169.78
2023,12,29,8,30,0,0,0,6.300000000000001,3,39.5,163.35
2023,12,29,9,30,0,0,0,6.4,3.4000000000000004,38.45,151.84
2023,12,29,10,30,0,0,0,6.5,3.7,37.4,139.45000000000002
2023,12,29,11,30,0,0,0,6.5,3.6,37.07,126.96000000000001
2023,12,29,12,30,0,0,0,6.5,3.3000000000000003,36.93,114.61
2023,12,29,13,30,0,0,0,6.5,3,37.09,102.60000000000001
2023,12,29,14,30,77,8,6,8.3,3.2,33.11,91.13
2023,12,29,15,30,657,38,148,11.700000000000001,3.8000000000000003,26.67,80.4
2023,12,29,16,30,837,54,326,15.3,3.8000000000000003,21.45,71.04
2023,12,29,17,30,921,63,474,18.6,3.6,16.61,63.47
2023,12,29,18,30,959,67,569,21,3.3000000000000003,12.92,58.44
2023,12,29,19,30,882,101,586,22.3,2.8000000000000003,11.53,56.65
2023,12,29,20,30,500,203,465,23,2.6,10.97,58.4
2023,12,29,21,30,328,217,364,22.6,2.2,11.33,63.39
2023,12,29,22,30,227,174,248,20.5,1.3,18.38,70.94
2023,12,29,23,30,106,93,111,18.2,0.9,33.64,80.28
2023,12,30,0,30,0,4,4,16.900000000000002,1,26.63,91
2023,12,30,1,30,0,0,0,15.200000000000001,1.2000000000000002,27.03,102.46000000000001
2023,12,30,2,30,0,0,0,13.5,1.5,31.93,114.47
2023,12,30,3,30,0,0,0,12.600000000000001,1.6,35.78,126.81
2023,12,30,4,30,0,0,0,12.4,1.7000000000000002,36.52,139.31
2023,12,30,5,30,0,0,0,12.200000000000001,1.8,36.480000000000004,151.69
2023,12,30,6,30,0,0,0,11.9,1.9000000000000001,36.57,163.21
2023,12,30,7,30,0,0,0,11.5,2.1,36.59,169.72
2023,12,30,8,30,0,0,0,11.100000000000001,2.2,36.65,163.39000000000001
2023,12,30,9,30,0,0,0,10.5,2.3000000000000003,37.03,151.9
2023,12,30,10,30,0,0,0,9.600000000000001,2.2,38.050000000000004,139.53
2023,12,30,11,30,0,0,0,8.9,2.1,38.57,127.03
2023,12,30,12,30,0,0,0,8.8,2.1,38.550000000000004,114.68
2023,12,30,13,30,0,0,0,8.8,2,38.76,102.66
2023,12,30,14,30,59,6,5,10,2.1,36.03,91.18
2023,12,30,15,30,566,45,139,13,2.8000000000000003,30.96,80.43
2023,12,30,16,30,781,63,316,16.1,3.8000000000000003,22.66,71.06
2023,12,30,17,30,871,73,462,19,4.1000000000000005,16.88,63.46
2023,12,30,18,30,464,218,461,21.1,3.9000000000000004,13.8,58.4
2023,12,30,19,30,420,246,477,22.400000000000002,3.7,12.69,56.58
2023,12,30,20,30,344,246,427,22.700000000000003,3.5,12.89,58.31
2023,12,30,21,30,892,68,469,22.200000000000003,3.4000000000000004,13.97,63.28
2023,12,30,22,30,799,60,323,20.1,2.6,17.1,70.82000000000001
2023,12,30,23,30,590,44,145,16,1.8,30.8,80.16
2023,12,31,0,30,53,7,6,12.700000000000001,1.7000000000000002,39.230000000000004,90.87
2023,12,31,1,30,0,0,0,11.3,1.6,42.04,102.33
2023,12,31,2,30,0,0,0,10.5,1.5,44.56,114.34
2023,12,31,3,30,0,0,0,9.9,1.4000000000000001,47.230000000000004,126.68
2023,12,31,4,30,0,0,0,9.3,1.4000000000000001,51.11,139.18
2023,12,31,5,30,0,0,0,9.1,1.3,54.54,151.56
2023,12,31,6,30,0,0,0,9,1.2000000000000002,57.51,163.08
2023,12,31,7,30,0,0,0,8.5,1.2000000000000002,61.22,169.65
2023,12,31,8,30,0,0,0,7.9,1.1,65.25,163.43
2023,12,31,9,30,0,0,0,7.6000000000000005,1.1,67.51,151.97
2023,12,31,10,30,0,0,0,7.4,1,69.54,139.6
2023,12,31,11,30,0,0,0,7,1,72.5,127.10000000000001
2023,12,31,12,30,0,0,0,6.800000000000001,1,74.56,114.74000000000001
2023,12,31,13,30,0,0,0,6.7,1,76.65,102.72
2023,12,31,14,30,32,5,4,7.9,1.1,72.31,91.23
2023,12,31,15,30,507,47,131,10.4,1.5,64.8,80.47
2023,12,31,16,30,458,107,256,13.200000000000001,1.8,58.17,71.07000000000001
2023,12,31,17,30,838,75,450,15.700000000000001,1.7000000000000002,52.44,63.45
2023,12,31,18,30,896,77,547,17.3,1.6,44.88,58.36
2023,12,31,19,30,384,235,447,17.8,1.3,41.72,56.51
2023,12,31,20,30,520,183,457,17.6,1.1,41.19,58.21
2023,12,31,21,30,71,207,239,16.900000000000002,0.8,42.410000000000004,63.17
2023,12,31,22,30,17,136,142,15.9,0.5,47.32,70.69
2023,12,31,23,30,99,71,88,15.3,0.4,55.11,80.03
